B6.scaffolds.fasta.supercontigs.fna	B6.scaffolds.fasta.supercontigs.fna	100	1636	1639
B6.scaffolds.fasta.supercontigs.fna	GCA_001422245.1_Leaf262_genomic.fna	87.5774	1133	1639
B6.scaffolds.fasta.supercontigs.fna	GCA_900100645.1_Agro2_genomic.fna	85.6655	1214	1639
B6.scaffolds.fasta.supercontigs.fna	GCA_002915195.1_ASM291519v1_genomic.fna	85.6299	1214	1639
B6.scaffolds.fasta.supercontigs.fna	GCA_033957645.1_ASM3395764v1_genomic.fna	85.6135	1183	1639
B6.scaffolds.fasta.supercontigs.fna	GCA_017254855.1_ASM1725485v1_genomic.fna	85.5955	1182	1639
B6.scaffolds.fasta.supercontigs.fna	GCA_033957845.1_ASM3395784v1_genomic.fna	85.5792	1174	1639
B6.scaffolds.fasta.supercontigs.fna	GCA_033957625.1_ASM3395762v1_genomic.fna	85.5364	1189	1639
B6.scaffolds.fasta.supercontigs.fna	GCA_900100825.1_Agro1_genomic.fna	85.5317	1182	1639
B6.scaffolds.fasta.supercontigs.fna	GCA_008501885.1_ASM850188v1_genomic.fna	85.5273	1183	1639
B6.scaffolds.fasta.supercontigs.fna	GCA_023701915.1_ASM2370191v1_genomic.fna	85.5099	1194	1639
B6.scaffolds.fasta.supercontigs.fna	GCA_009498795.1_ASM949879v1_genomic.fna	85.5096	1185	1639
B6.scaffolds.fasta.supercontigs.fna	GCA_008501895.1_ASM850189v1_genomic.fna	85.5084	1185	1639
B6.scaffolds.fasta.supercontigs.fna	GCA_002915175.1_ASM291517v1_genomic.fna	85.4972	1189	1639
B6.scaffolds.fasta.supercontigs.fna	GCA_023512925.1_ASM2351292v1_genomic.fna	85.4164	1090	1639
B6.scaffolds.fasta.supercontigs.fna	GCA_000739935.1_ASM73993v1_genomic.fna	85.4072	1084	1639
B6.scaffolds.fasta.supercontigs.fna	GCA_017873055.1_ASM1787305v1_genomic.fna	85.3694	1089	1639
B6.scaffolds.fasta.supercontigs.fna	GCA_013320875.1_ASM1332087v1_genomic.fna	85.3694	1095	1639
B6.scaffolds.fasta.supercontigs.fna	GCA_013320925.1_ASM1332092v1_genomic.fna	85.3086	1096	1639
B6.scaffolds.fasta.supercontigs.fna	GCA_013320895.1_ASM1332089v1_genomic.fna	85.2973	1094	1639
B6.scaffolds.fasta.supercontigs.fna	GCA_013320855.1_ASM1332085v1_genomic.fna	85.2341	1065	1639
B6.scaffolds.fasta.supercontigs.fna	GCA_030209855.1_ASM3020985v1_genomic.fna	85.2217	1128	1639
B6.scaffolds.fasta.supercontigs.fna	GCA_017584165.1_ASM1758416v1_genomic.fna	85.203	1078	1639
B6.scaffolds.fasta.supercontigs.fna	GCA_013320835.1_ASM1332083v1_genomic.fna	85.1805	1077	1639
B6.scaffolds.fasta.supercontigs.fna	GCA_013320905.1_ASM1332090v1_genomic.fna	85.1638	1083	1639
B6.scaffolds.fasta.supercontigs.fna	GCA_021310975.1_ASM2131097v1_genomic.fna	85.147	1127	1639
B6.scaffolds.fasta.supercontigs.fna	GCA_001692345.1_ASM169234v1_genomic.fna	85.1284	1077	1639
B6.scaffolds.fasta.supercontigs.fna	GCA_021310995.1_ASM2131099v1_genomic.fna	85.1122	1154	1639
B6.scaffolds.fasta.supercontigs.fna	GCA_001562555.1_ASM156255v1_genomic.fna	84.0182	1087	1639
B6.scaffolds.fasta.supercontigs.fna	GCA_943914655.1_EF2K2tUHTW_bin.7.MAG_genomic.fna	83.9846	213	1639
B6.scaffolds.fasta.supercontigs.fna	GCA_002896715.1_ASM289671v1_genomic.fna	83.7795	1102	1639
B6.scaffolds.fasta.supercontigs.fna	GCA_001423445.1_Leaf311_genomic.fna	83.6763	1077	1639
B6.scaffolds.fasta.supercontigs.fna	GCA_030209845.1_ASM3020984v1_genomic.fna	83.5848	1076	1639
B6.scaffolds.fasta.supercontigs.fna	GCA_023757665.1_ASM2375766v1_genomic.fna	83.5339	1001	1639
B6.scaffolds.fasta.supercontigs.fna	GCA_014196515.1_ASM1419651v1_genomic.fna	83.5052	989	1639
B6.scaffolds.fasta.supercontigs.fna	GCA_033957725.1_ASM3395772v1_genomic.fna	83.4944	1026	1639
B6.scaffolds.fasta.supercontigs.fna	GCA_013320815.1_ASM1332081v1_genomic.fna	83.4399	996	1639
B6.scaffolds.fasta.supercontigs.fna	GCA_033957765.1_ASM3395776v1_genomic.fna	83.2816	1090	1639
B6.scaffolds.fasta.supercontigs.fna	GCA_000834635.1_ASM83463v1_genomic.fna	83.1247	1025	1639
B6.scaffolds.fasta.supercontigs.fna	GCA_014842115.1_ASM1484211v1_genomic.fna	82.9921	1014	1639
B6.scaffolds.fasta.supercontigs.fna	GCA_031843705.1_ASM3184370v1_genomic.fna	82.9775	1030	1639
B6.scaffolds.fasta.supercontigs.fna	GCA_031843725.1_ASM3184372v1_genomic.fna	82.9772	1024	1639
B6.scaffolds.fasta.supercontigs.fna	GCA_014842165.1_ASM1484216v1_genomic.fna	82.9613	1014	1639
B6.scaffolds.fasta.supercontigs.fna	GCA_022802995.1_ASM2280299v1_genomic.fna	82.9371	1020	1639
B6.scaffolds.fasta.supercontigs.fna	GCA_005145045.1_ASM514504v1_genomic.fna	82.1614	1000	1639
B6.scaffolds.fasta.supercontigs.fna	GCA_019355895.1_ASM1935589v1_genomic.fna	82.1398	1011	1639
B6.scaffolds.fasta.supercontigs.fna	GCA_000518585.1_ASM51858v1_genomic.fna	82.115	974	1639
B6.scaffolds.fasta.supercontigs.fna	GCA_005144425.2_ASM514442v2_genomic.fna	81.9543	987	1639
B6.scaffolds.fasta.supercontigs.fna	GCA_913776585.1_SP210_3_metabat2_genome_mining.10_genomic.fna	81.8846	903	1639
B6.scaffolds.fasta.supercontigs.fna	GCA_013322225.1_ASM1332222v1_genomic.fna	81.5993	866	1639
B6.scaffolds.fasta.supercontigs.fna	GCA_036946515.1_ASM3694651v1_genomic.fna	81.1508	687	1639
B6.scaffolds.fasta.supercontigs.fna	GCA_014200255.1_ASM1420025v1_genomic.fna	81.0429	857	1639
B6.scaffolds.fasta.supercontigs.fna	GCA_014198255.1_ASM1419825v1_genomic.fna	81.0342	856	1639
B6.scaffolds.fasta.supercontigs.fna	GCA_004766515.1_ASM476651v1_genomic.fna	81.0255	852	1639
B6.scaffolds.fasta.supercontigs.fna	GCA_004005385.1_ASM400538v1_genomic.fna	81.0101	864	1639
B6.scaffolds.fasta.supercontigs.fna	GCA_027157905.1_ASM2715790v1_genomic.fna	81.0018	844	1639
B6.scaffolds.fasta.supercontigs.fna	GCA_036946285.1_ASM3694628v1_genomic.fna	80.9907	816	1639
B6.scaffolds.fasta.supercontigs.fna	GCA_001526505.1_ASM152650v1_genomic.fna	80.9711	852	1639
B6.scaffolds.fasta.supercontigs.fna	GCA_003931535.1_ASM393153v1_genomic.fna	80.9694	831	1639
B6.scaffolds.fasta.supercontigs.fna	GCA_025560345.1_ASM2556034v1_genomic.fna	80.9681	857	1639
B6.scaffolds.fasta.supercontigs.fna	GCA_013317565.1_ASM1331756v1_genomic.fna	80.9625	860	1639
B6.scaffolds.fasta.supercontigs.fna	GCA_015704895.1_ASM1570489v1_genomic.fna	80.9602	854	1639
B6.scaffolds.fasta.supercontigs.fna	GCA_013319085.1_ASM1331908v1_genomic.fna	80.9515	851	1639
B6.scaffolds.fasta.supercontigs.fna	GCA_013319015.1_ASM1331901v1_genomic.fna	80.9483	859	1639
B6.scaffolds.fasta.supercontigs.fna	GCA_006970545.1_ASM697054v1_genomic.fna	80.9456	837	1639
B6.scaffolds.fasta.supercontigs.fna	GCA_003610845.1_ASM361084v1_genomic.fna	80.9447	851	1639
B6.scaffolds.fasta.supercontigs.fna	GCA_027871605.1_ASM2787160v1_genomic.fna	80.9423	846	1639
B6.scaffolds.fasta.supercontigs.fna	GCA_027498395.1_ASM2749839v1_genomic.fna	80.9397	875	1639
B6.scaffolds.fasta.supercontigs.fna	GCA_001421235.1_Leaf202_genomic.fna	80.9357	843	1639
B6.scaffolds.fasta.supercontigs.fna	GCA_001526565.1_ASM152656v1_genomic.fna	80.9324	863	1639
B6.scaffolds.fasta.supercontigs.fna	GCA_005144435.2_ASM514443v2_genomic.fna	80.9284	878	1639
B6.scaffolds.fasta.supercontigs.fna	GCA_001526545.1_ASM152654v1_genomic.fna	80.9265	860	1639
B6.scaffolds.fasta.supercontigs.fna	GCA_030643885.1_ASM3064388v1_genomic.fna	80.9258	849	1639
B6.scaffolds.fasta.supercontigs.fna	GCA_013320635.1_ASM1332063v1_genomic.fna	80.9248	844	1639
B6.scaffolds.fasta.supercontigs.fna	GCA_001421985.1_Leaf68_genomic.fna	80.9233	847	1639
B6.scaffolds.fasta.supercontigs.fna	GCA_013320625.1_ASM1332062v1_genomic.fna	80.9233	845	1639
B6.scaffolds.fasta.supercontigs.fna	GCA_900013515.1_AHY_PRJEB12193_v1_genomic.fna	80.9232	865	1639
B6.scaffolds.fasta.supercontigs.fna	GCA_032055265.1_ASM3205526v1_genomic.fna	80.9211	871	1639
B6.scaffolds.fasta.supercontigs.fna	GCA_002008205.1_ASM200820v1_genomic.fna	80.9203	848	1639
B6.scaffolds.fasta.supercontigs.fna	GCA_013320675.2_ASM1332067v2_genomic.fna	80.9196	844	1639
B6.scaffolds.fasta.supercontigs.fna	GCA_027921025.1_ASM2792102v1_genomic.fna	80.9161	854	1639
B6.scaffolds.fasta.supercontigs.fna	GCA_025560045.1_ASM2556004v1_genomic.fna	80.9141	858	1639
B6.scaffolds.fasta.supercontigs.fna	GCA_001526525.1_ASM152652v1_genomic.fna	80.9137	866	1639
B6.scaffolds.fasta.supercontigs.fna	GCA_000699125.1_genome_genomic.fna	80.9128	775	1639
B6.scaffolds.fasta.supercontigs.fna	GCA_000349865.1_Cherry1.0_genomic.fna	80.9119	845	1639
B6.scaffolds.fasta.supercontigs.fna	GCA_005298145.1_ASM529814v1_genomic.fna	80.9108	859	1639
B6.scaffolds.fasta.supercontigs.fna	GCA_030811615.1_ASM3081161v1_genomic.fna	80.9093	860	1639
B6.scaffolds.fasta.supercontigs.fna	GCA_013318385.1_ASM1331838v1_genomic.fna	80.9075	837	1639
B6.scaffolds.fasta.supercontigs.fna	GCA_007002845.1_ASM700284v1_genomic.fna	80.9063	844	1639
B6.scaffolds.fasta.supercontigs.fna	GCA_017313365.1_ASM1731336v1_genomic.fna	80.8998	848	1639
B6.scaffolds.fasta.supercontigs.fna	GCA_037198305.1_ASM3719830v1_genomic.fna	80.897	849	1639
B6.scaffolds.fasta.supercontigs.fna	GCA_004023565.1_ASM402356v1_genomic.fna	80.8965	844	1639
B6.scaffolds.fasta.supercontigs.fna	GCA_003666445.1_ASM366644v1_genomic.fna	80.8955	857	1639
B6.scaffolds.fasta.supercontigs.fna	GCA_005221405.1_ASM522140v1_genomic.fna	80.8955	856	1639
B6.scaffolds.fasta.supercontigs.fna	GCA_900012585.1_AHY_PRJEB12191_v1_genomic.fna	80.8929	871	1639
B6.scaffolds.fasta.supercontigs.fna	GCA_031455515.1_ASM3145551v1_genomic.fna	80.8912	851	1639
B6.scaffolds.fasta.supercontigs.fna	GCA_900188475.1_IMG-taxon_2521172559_annotated_assembly_genomic.fna	80.891	835	1639
B6.scaffolds.fasta.supercontigs.fna	GCA_025560465.1_ASM2556046v1_genomic.fna	80.8839	868	1639
B6.scaffolds.fasta.supercontigs.fna	GCA_001526585.1_ASM152658v1_genomic.fna	80.8809	869	1639
B6.scaffolds.fasta.supercontigs.fna	GCA_027921015.1_ASM2792101v1_genomic.fna	80.8809	853	1639
B6.scaffolds.fasta.supercontigs.fna	GCA_013320735.1_ASM1332073v1_genomic.fna	80.8805	843	1639
B6.scaffolds.fasta.supercontigs.fna	GCA_013318615.1_ASM1331861v1_genomic.fna	80.8795	842	1639
B6.scaffolds.fasta.supercontigs.fna	GCA_013317615.2_ASM1331761v2_genomic.fna	80.8693	829	1639
B6.scaffolds.fasta.supercontigs.fna	GCA_013401495.1_ASM1340149v1_genomic.fna	80.8675	857	1639
B6.scaffolds.fasta.supercontigs.fna	GCA_003075255.1_ASM307525v1_genomic.fna	80.867	845	1639
B6.scaffolds.fasta.supercontigs.fna	GCA_920984715.1_Leaf167_v1_genomic.fna	80.8653	851	1639
B6.scaffolds.fasta.supercontigs.fna	GCA_003075215.1_ASM307521v1_genomic.fna	80.8598	855	1639
B6.scaffolds.fasta.supercontigs.fna	GCA_030812225.1_ASM3081222v1_genomic.fna	80.8594	864	1639
B6.scaffolds.fasta.supercontigs.fna	GCA_013318795.1_ASM1331879v1_genomic.fna	80.8588	840	1639
B6.scaffolds.fasta.supercontigs.fna	GCA_900101425.1_IMG-taxon_2599185210_annotated_assembly_genomic.fna	80.8568	881	1639
B6.scaffolds.fasta.supercontigs.fna	GCA_019511265.1_ASM1951126v1_genomic.fna	80.854	851	1639
B6.scaffolds.fasta.supercontigs.fna	GCA_004342365.1_ASM434236v1_genomic.fna	80.8523	845	1639
B6.scaffolds.fasta.supercontigs.fna	GCA_029840685.1_ASM2984068v1_genomic.fna	80.8522	847	1639
B6.scaffolds.fasta.supercontigs.fna	GCA_017877245.1_ASM1787724v1_genomic.fna	80.8513	848	1639
B6.scaffolds.fasta.supercontigs.fna	GCA_020215445.1_ASM2021544v1_genomic.fna	80.8483	833	1639
B6.scaffolds.fasta.supercontigs.fna	GCA_014489975.1_ASM1448997v1_genomic.fna	80.8469	832	1639
B6.scaffolds.fasta.supercontigs.fna	GCA_027460125.1_ASM2746012v1_genomic.fna	80.8469	859	1639
B6.scaffolds.fasta.supercontigs.fna	GCA_013318115.1_ASM1331811v1_genomic.fna	80.8468	849	1639
B6.scaffolds.fasta.supercontigs.fna	GCA_020215515.1_ASM2021551v1_genomic.fna	80.8459	836	1639
B6.scaffolds.fasta.supercontigs.fna	GCA_027871645.1_ASM2787164v1_genomic.fna	80.8455	849	1639
B6.scaffolds.fasta.supercontigs.fna	GCA_025560245.1_ASM2556024v1_genomic.fna	80.8432	858	1639
B6.scaffolds.fasta.supercontigs.fna	GCA_013318515.1_ASM1331851v1_genomic.fna	80.8418	847	1639
B6.scaffolds.fasta.supercontigs.fna	GCA_013318915.1_ASM1331891v1_genomic.fna	80.8398	843	1639
B6.scaffolds.fasta.supercontigs.fna	GCA_019775675.1_ASM1977567v1_genomic.fna	80.8391	834	1639
B6.scaffolds.fasta.supercontigs.fna	GCA_027498535.1_ASM2749853v1_genomic.fna	80.838	856	1639
B6.scaffolds.fasta.supercontigs.fna	GCA_032093335.1_ASM3209333v1_genomic.fna	80.838	845	1639
B6.scaffolds.fasta.supercontigs.fna	GCA_013320715.1_ASM1332071v1_genomic.fna	80.8367	822	1639
B6.scaffolds.fasta.supercontigs.fna	GCA_013318695.1_ASM1331869v1_genomic.fna	80.8364	849	1639
B6.scaffolds.fasta.supercontigs.fna	GCA_002814035.1_ASM281403v1_genomic.fna	80.8362	812	1639
B6.scaffolds.fasta.supercontigs.fna	GCA_013318675.1_ASM1331867v1_genomic.fna	80.8337	841	1639
B6.scaffolds.fasta.supercontigs.fna	GCA_000482285.1_ASM48228v1_genomic.fna	80.832	835	1639
B6.scaffolds.fasta.supercontigs.fna	GCA_013318765.1_ASM1331876v1_genomic.fna	80.8318	851	1639
B6.scaffolds.fasta.supercontigs.fna	GCA_013318835.1_ASM1331883v1_genomic.fna	80.8316	841	1639
B6.scaffolds.fasta.supercontigs.fna	GCA_013318715.1_ASM1331871v1_genomic.fna	80.8281	844	1639
B6.scaffolds.fasta.supercontigs.fna	GCA_029845345.1_ASM2984534v1_genomic.fna	80.8267	835	1639
B6.scaffolds.fasta.supercontigs.fna	GCA_013318555.1_ASM1331855v1_genomic.fna	80.8256	839	1639
B6.scaffolds.fasta.supercontigs.fna	GCA_900013505.1_AHY_PRJEB12192_v1_genomic.fna	80.8246	879	1639
B6.scaffolds.fasta.supercontigs.fna	GCA_900012615.1_AHY_PRJEB12196_v1_genomic.fna	80.8241	835	1639
B6.scaffolds.fasta.supercontigs.fna	GCA_013318895.1_ASM1331889v1_genomic.fna	80.8217	836	1639
B6.scaffolds.fasta.supercontigs.fna	GCA_027460045.1_ASM2746004v1_genomic.fna	80.8211	849	1639
B6.scaffolds.fasta.supercontigs.fna	GCA_013358225.1_ASM1335822v1_genomic.fna	80.8206	821	1639
B6.scaffolds.fasta.supercontigs.fna	GCA_027212525.1_ASM2721252v1_genomic.fna	80.8203	854	1639
B6.scaffolds.fasta.supercontigs.fna	GCA_013317715.2_ASM1331771v2_genomic.fna	80.8193	862	1639
B6.scaffolds.fasta.supercontigs.fna	GCA_020215465.1_ASM2021546v1_genomic.fna	80.8177	845	1639
B6.scaffolds.fasta.supercontigs.fna	GCA_013318495.1_ASM1331849v1_genomic.fna	80.8176	840	1639
B6.scaffolds.fasta.supercontigs.fna	GCA_013318375.1_ASM1331837v1_genomic.fna	80.8144	853	1639
B6.scaffolds.fasta.supercontigs.fna	GCA_009498485.1_ASM949848v1_genomic.fna	80.8139	867	1639
B6.scaffolds.fasta.supercontigs.fna	GCA_036914725.1_ASM3691472v1_genomic.fna	80.8132	853	1639
B6.scaffolds.fasta.supercontigs.fna	GCA_025560085.1_ASM2556008v1_genomic.fna	80.8116	839	1639
B6.scaffolds.fasta.supercontigs.fna	GCA_029838325.1_ASM2983832v1_genomic.fna	80.8108	838	1639
B6.scaffolds.fasta.supercontigs.fna	GCA_030811155.1_ASM3081115v1_genomic.fna	80.8105	853	1639
B6.scaffolds.fasta.supercontigs.fna	GCA_001526605.1_ASM152660v1_genomic.fna	80.8099	835	1639
B6.scaffolds.fasta.supercontigs.fna	GCA_013320275.1_ASM1332027v1_genomic.fna	80.8091	846	1639
B6.scaffolds.fasta.supercontigs.fna	GCA_013318475.1_ASM1331847v1_genomic.fna	80.8081	847	1639
B6.scaffolds.fasta.supercontigs.fna	GCA_013318845.1_ASM1331884v1_genomic.fna	80.8056	845	1639
B6.scaffolds.fasta.supercontigs.fna	GCA_900455815.1_35377_C01_genomic.fna	80.8042	855	1639
B6.scaffolds.fasta.supercontigs.fna	GCA_013317795.1_ASM1331779v1_genomic.fna	80.8038	852	1639
B6.scaffolds.fasta.supercontigs.fna	GCA_001424245.1_Leaf155_genomic.fna	80.8033	850	1639
B6.scaffolds.fasta.supercontigs.fna	GCA_000384555.1_ASM38455v1_genomic.fna	80.8025	832	1639
B6.scaffolds.fasta.supercontigs.fna	GCA_025560545.1_ASM2556054v1_genomic.fna	80.8022	838	1639
B6.scaffolds.fasta.supercontigs.fna	GCA_017877235.1_ASM1787723v1_genomic.fna	80.8013	862	1639
B6.scaffolds.fasta.supercontigs.fna	GCA_013318935.1_ASM1331893v1_genomic.fna	80.8009	848	1639
B6.scaffolds.fasta.supercontigs.fna	GCA_003667905.1_ASM366790v1_genomic.fna	80.8005	849	1639
B6.scaffolds.fasta.supercontigs.fna	GCA_903772885.2_K599_Annotation_hybrid_June20200624_updated_genomic.fna	80.8004	858	1639
B6.scaffolds.fasta.supercontigs.fna	GCA_013318505.1_ASM1331850v1_genomic.fna	80.8002	853	1639
B6.scaffolds.fasta.supercontigs.fna	GCA_028674915.1_ASM2867491v1_genomic.fna	80.8001	862	1639
B6.scaffolds.fasta.supercontigs.fna	GCA_031455075.1_ASM3145507v1_genomic.fna	80.7999	845	1639
B6.scaffolds.fasta.supercontigs.fna	GCA_013318815.1_ASM1331881v1_genomic.fna	80.7991	845	1639
B6.scaffolds.fasta.supercontigs.fna	GCA_027460105.1_ASM2746010v1_genomic.fna	80.7984	859	1639
B6.scaffolds.fasta.supercontigs.fna	GCA_013318585.1_ASM1331858v1_genomic.fna	80.797	847	1639
B6.scaffolds.fasta.supercontigs.fna	GCA_000233975.2_ASM23397v2_genomic.fna	80.7969	839	1639
B6.scaffolds.fasta.supercontigs.fna	GCA_037083425.1_ASM3708342v1_genomic.fna	80.7962	839	1639
B6.scaffolds.fasta.supercontigs.fna	GCA_002943835.1_ASM294383v1_genomic.fna	80.7951	870	1639
B6.scaffolds.fasta.supercontigs.fna	GCA_017313405.1_ASM1731340v1_genomic.fna	80.7939	845	1639
B6.scaffolds.fasta.supercontigs.fna	GCA_036914755.1_ASM3691475v1_genomic.fna	80.7922	838	1639
B6.scaffolds.fasta.supercontigs.fna	GCA_025560405.1_ASM2556040v1_genomic.fna	80.7921	833	1639
B6.scaffolds.fasta.supercontigs.fna	GCA_026184315.1_ASM2618431v1_genomic.fna	80.791	847	1639
B6.scaffolds.fasta.supercontigs.fna	GCA_013318745.1_ASM1331874v1_genomic.fna	80.79	848	1639
B6.scaffolds.fasta.supercontigs.fna	GCA_014197995.1_ASM1419799v1_genomic.fna	80.7894	844	1639
B6.scaffolds.fasta.supercontigs.fna	GCA_013318575.1_ASM1331857v1_genomic.fna	80.7887	855	1639
B6.scaffolds.fasta.supercontigs.fna	GCA_026184195.1_ASM2618419v1_genomic.fna	80.7882	849	1639
B6.scaffolds.fasta.supercontigs.fna	GCA_017877285.1_ASM1787728v1_genomic.fna	80.788	860	1639
B6.scaffolds.fasta.supercontigs.fna	GCA_013317535.1_ASM1331753v1_genomic.fna	80.7873	832	1639
B6.scaffolds.fasta.supercontigs.fna	GCA_029845325.1_ASM2984532v1_genomic.fna	80.7859	840	1639
B6.scaffolds.fasta.supercontigs.fna	GCA_031453325.1_ASM3145332v1_genomic.fna	80.7859	829	1639
B6.scaffolds.fasta.supercontigs.fna	GCA_001649535.1_ASM164953v1_genomic.fna	80.7852	856	1639
B6.scaffolds.fasta.supercontigs.fna	GCA_027498495.1_ASM2749849v1_genomic.fna	80.7848	824	1639
B6.scaffolds.fasta.supercontigs.fna	GCA_025560445.1_ASM2556044v1_genomic.fna	80.7845	842	1639
B6.scaffolds.fasta.supercontigs.fna	GCA_002894505.1_ASM289450v1_genomic.fna	80.7842	819	1639
B6.scaffolds.fasta.supercontigs.fna	GCA_008370655.1_ASM837065v1_genomic.fna	80.7841	840	1639
B6.scaffolds.fasta.supercontigs.fna	GCA_029840625.1_ASM2984062v1_genomic.fna	80.7838	837	1639
B6.scaffolds.fasta.supercontigs.fna	GCA_002005205.3_ASM200520v3_genomic.fna	80.7833	858	1639
B6.scaffolds.fasta.supercontigs.fna	GCA_032058725.1_ASM3205872v1_genomic.fna	80.7823	848	1639
B6.scaffolds.fasta.supercontigs.fna	GCA_013320235.1_ASM1332023v1_genomic.fna	80.782	844	1639
B6.scaffolds.fasta.supercontigs.fna	GCA_002008225.1_ASM200822v1_genomic.fna	80.7794	820	1639
B6.scaffolds.fasta.supercontigs.fna	GCA_001427405.1_Root564_genomic.fna	80.7791	843	1639
B6.scaffolds.fasta.supercontigs.fna	GCA_006517835.1_ASM651783v1_genomic.fna	80.7778	635	1639
B6.scaffolds.fasta.supercontigs.fna	GCA_900012605.1_AHY_PRJEB12186_v1_genomic.fna	80.7774	861	1639
B6.scaffolds.fasta.supercontigs.fna	GCA_030811185.1_ASM3081118v1_genomic.fna	80.7767	862	1639
B6.scaffolds.fasta.supercontigs.fna	GCA_013317925.1_ASM1331792v1_genomic.fna	80.775	840	1639
B6.scaffolds.fasta.supercontigs.fna	GCA_001692405.1_ASM169240v1_genomic.fna	80.7749	858	1639
B6.scaffolds.fasta.supercontigs.fna	GCA_007002865.1_ASM700286v1_genomic.fna	80.7743	862	1639
B6.scaffolds.fasta.supercontigs.fna	GCA_963360635.1_AR_v2_genomic.fna	80.7741	856	1639
B6.scaffolds.fasta.supercontigs.fna	GCA_013320585.1_ASM1332058v1_genomic.fna	80.7738	871	1639
B6.scaffolds.fasta.supercontigs.fna	GCA_014138475.1_ASM1413847v1_genomic.fna	80.7736	803	1639
B6.scaffolds.fasta.supercontigs.fna	GCA_014198555.1_ASM1419855v1_genomic.fna	80.7732	842	1639
B6.scaffolds.fasta.supercontigs.fna	GCA_011684005.1_ASM1168400v1_genomic.fna	80.7731	855	1639
B6.scaffolds.fasta.supercontigs.fna	GCA_013318275.2_ASM1331827v2_genomic.fna	80.7726	853	1639
B6.scaffolds.fasta.supercontigs.fna	GCA_017877085.1_ASM1787708v1_genomic.fna	80.7725	866	1639
B6.scaffolds.fasta.supercontigs.fna	GCA_030803585.1_ASM3080358v1_genomic.fna	80.7721	852	1639
B6.scaffolds.fasta.supercontigs.fna	GCA_013318625.1_ASM1331862v1_genomic.fna	80.7693	853	1639
B6.scaffolds.fasta.supercontigs.fna	GCA_013317995.1_ASM1331799v1_genomic.fna	80.7692	846	1639
B6.scaffolds.fasta.supercontigs.fna	GCA_036914675.1_ASM3691467v1_genomic.fna	80.7678	851	1639
B6.scaffolds.fasta.supercontigs.fna	GCA_013318725.1_ASM1331872v1_genomic.fna	80.7677	846	1639
B6.scaffolds.fasta.supercontigs.fna	GCA_001541305.1_ASM154130v1_genomic.fna	80.7659	856	1639
B6.scaffolds.fasta.supercontigs.fna	GCA_013318175.1_ASM1331817v1_genomic.fna	80.7658	862	1639
B6.scaffolds.fasta.supercontigs.fna	GCA_030518355.1_ASM3051835v1_genomic.fna	80.7657	840	1639
B6.scaffolds.fasta.supercontigs.fna	GCA_014198065.1_ASM1419806v1_genomic.fna	80.7649	833	1639
B6.scaffolds.fasta.supercontigs.fna	GCA_025560025.1_ASM2556002v1_genomic.fna	80.764	841	1639
B6.scaffolds.fasta.supercontigs.fna	GCA_036946395.1_ASM3694639v1_genomic.fna	80.7638	664	1639
B6.scaffolds.fasta.supercontigs.fna	GCA_025560305.1_ASM2556030v1_genomic.fna	80.7631	841	1639
B6.scaffolds.fasta.supercontigs.fna	GCA_014198165.1_ASM1419816v1_genomic.fna	80.7628	853	1639
B6.scaffolds.fasta.supercontigs.fna	GCA_013318455.1_ASM1331845v1_genomic.fna	80.7627	859	1639
B6.scaffolds.fasta.supercontigs.fna	GCA_013320615.1_ASM1332061v1_genomic.fna	80.7624	866	1639
B6.scaffolds.fasta.supercontigs.fna	GCA_025559945.1_ASM2555994v1_genomic.fna	80.7594	842	1639
B6.scaffolds.fasta.supercontigs.fna	GCA_029845425.1_ASM2984542v1_genomic.fna	80.7585	847	1639
B6.scaffolds.fasta.supercontigs.fna	GCA_025559885.1_ASM2555988v1_genomic.fna	80.7585	844	1639
B6.scaffolds.fasta.supercontigs.fna	GCA_000931365.1_ASM93136v1_genomic.fna	80.7584	820	1639
B6.scaffolds.fasta.supercontigs.fna	GCA_013318875.1_ASM1331887v1_genomic.fna	80.7584	855	1639
B6.scaffolds.fasta.supercontigs.fna	GCA_001541315.1_ASM154131v1_genomic.fna	80.7582	848	1639
B6.scaffolds.fasta.supercontigs.fna	GCA_001692245.1_ASM169224v1_genomic.fna	80.758	852	1639
B6.scaffolds.fasta.supercontigs.fna	GCA_014198395.1_ASM1419839v1_genomic.fna	80.7577	862	1639
B6.scaffolds.fasta.supercontigs.fna	GCA_025560205.1_ASM2556020v1_genomic.fna	80.7575	841	1639
B6.scaffolds.fasta.supercontigs.fna	GCA_900045375.1_AHY_PRJEB12187_v1_genomic.fna	80.7575	867	1639
B6.scaffolds.fasta.supercontigs.fna	GCA_013318655.1_ASM1331865v1_genomic.fna	80.757	860	1639
B6.scaffolds.fasta.supercontigs.fna	GCA_036740375.1_ASM3674037v1_genomic.fna	80.7566	768	1639
B6.scaffolds.fasta.supercontigs.fna	GCA_007002765.1_ASM700276v1_genomic.fna	80.756	826	1639
B6.scaffolds.fasta.supercontigs.fna	GCA_002591665.3_ASM259166v3_genomic.fna	80.7559	847	1639
B6.scaffolds.fasta.supercontigs.fna	GCA_000702405.1_ASM70240v1_genomic.fna	80.7547	816	1639
B6.scaffolds.fasta.supercontigs.fna	GCA_004310285.1_ASM431028v1_genomic.fna	80.7546	858	1639
B6.scaffolds.fasta.supercontigs.fna	GCA_005221385.1_ASM522138v1_genomic.fna	80.7545	840	1639
B6.scaffolds.fasta.supercontigs.fna	GCA_004328495.1_ASM432849v1_genomic.fna	80.7533	822	1639
B6.scaffolds.fasta.supercontigs.fna	GCA_003031125.1_ASM303112v1_genomic.fna	80.7532	837	1639
B6.scaffolds.fasta.supercontigs.fna	GCA_025560285.1_ASM2556028v1_genomic.fna	80.7521	847	1639
B6.scaffolds.fasta.supercontigs.fna	GCA_013317835.1_ASM1331783v1_genomic.fna	80.7517	869	1639
B6.scaffolds.fasta.supercontigs.fna	GCA_001263295.1_SUL3v1_genomic.fna	80.7511	857	1639
B6.scaffolds.fasta.supercontigs.fna	GCA_029893265.1_ASM2989326v1_genomic.fna	80.7505	833	1639
B6.scaffolds.fasta.supercontigs.fna	GCA_002179795.1_ASM217979v1_genomic.fna	80.7494	861	1639
B6.scaffolds.fasta.supercontigs.fna	GCA_008801385.1_ASM880138v1_genomic.fna	80.7485	855	1639
B6.scaffolds.fasta.supercontigs.fna	GCA_003208455.1_ASM320845v1_genomic.fna	80.7475	855	1639
B6.scaffolds.fasta.supercontigs.fna	GCA_025560225.1_ASM2556022v1_genomic.fna	80.7462	847	1639
B6.scaffolds.fasta.supercontigs.fna	GCA_027871525.1_ASM2787152v1_genomic.fna	80.7449	831	1639
B6.scaffolds.fasta.supercontigs.fna	GCA_900014385.1_AHY_PRJEB12181_v1_genomic.fna	80.7448	838	1639
B6.scaffolds.fasta.supercontigs.fna	GCA_029221985.1_ASM2922198v1_genomic.fna	80.7443	841	1639
B6.scaffolds.fasta.supercontigs.fna	GCA_030819035.1_ASM3081903v1_genomic.fna	80.7439	851	1639
B6.scaffolds.fasta.supercontigs.fna	GCA_014198635.1_ASM1419863v1_genomic.fna	80.7432	852	1639
B6.scaffolds.fasta.supercontigs.fna	GCA_002008215.1_ASM200821v1_genomic.fna	80.7423	858	1639
B6.scaffolds.fasta.supercontigs.fna	GCA_900011755.1_AHY_PRJEB12188_v1_genomic.fna	80.7412	846	1639
B6.scaffolds.fasta.supercontigs.fna	GCA_025560485.1_ASM2556048v1_genomic.fna	80.7411	854	1639
B6.scaffolds.fasta.supercontigs.fna	GCA_005221465.1_ASM522146v1_genomic.fna	80.7404	841	1639
B6.scaffolds.fasta.supercontigs.fna	GCA_013317685.1_ASM1331768v1_genomic.fna	80.7404	874	1639
B6.scaffolds.fasta.supercontigs.fna	GCA_014198595.1_ASM1419859v1_genomic.fna	80.7403	847	1639
B6.scaffolds.fasta.supercontigs.fna	GCA_034424685.1_ASM3442468v1_genomic.fna	80.7385	851	1639
B6.scaffolds.fasta.supercontigs.fna	GCA_027988005.1_ASM2798800v1_genomic.fna	80.7371	801	1639
B6.scaffolds.fasta.supercontigs.fna	GCA_025560585.1_ASM2556058v1_genomic.fna	80.7366	846	1639
B6.scaffolds.fasta.supercontigs.fna	GCA_003350285.1_ASM335028v1_genomic.fna	80.7366	856	1639
B6.scaffolds.fasta.supercontigs.fna	GCA_017744915.1_ASM1774491v1_genomic.fna	80.7358	822	1639
B6.scaffolds.fasta.supercontigs.fna	GCA_005221425.1_ASM522142v1_genomic.fna	80.7351	838	1639
B6.scaffolds.fasta.supercontigs.fna	GCA_900012565.1_AHY_PRJEB12195_v1_genomic.fna	80.7304	813	1639
B6.scaffolds.fasta.supercontigs.fna	GCA_027459975.1_ASM2745997v1_genomic.fna	80.729	852	1639
B6.scaffolds.fasta.supercontigs.fna	GCA_039594325.1_ASM3959432v1_genomic.fna	80.7279	808	1639
B6.scaffolds.fasta.supercontigs.fna	GCA_022760295.1_ASM2276029v1_genomic.fna	80.7272	856	1639
B6.scaffolds.fasta.supercontigs.fna	GCA_009498615.1_ASM949861v1_genomic.fna	80.7264	829	1639
B6.scaffolds.fasta.supercontigs.fna	GCA_025560685.1_ASM2556068v1_genomic.fna	80.7262	850	1639
B6.scaffolds.fasta.supercontigs.fna	GCA_000723345.1_AGROS2_V1_genomic.fna	80.7242	844	1639
B6.scaffolds.fasta.supercontigs.fna	GCA_017877155.1_ASM1787715v1_genomic.fna	80.7237	863	1639
B6.scaffolds.fasta.supercontigs.fna	GCA_009498475.1_ASM949847v1_genomic.fna	80.7235	861	1639
B6.scaffolds.fasta.supercontigs.fna	GCA_030819275.1_ASM3081927v1_genomic.fna	80.7223	827	1639
B6.scaffolds.fasta.supercontigs.fna	GCA_013317765.2_ASM1331776v2_genomic.fna	80.7213	870	1639
B6.scaffolds.fasta.supercontigs.fna	GCA_001005815.2_ASM100581v2_genomic.fna	80.7207	830	1639
B6.scaffolds.fasta.supercontigs.fna	GCA_005144495.2_ASM514449v2_genomic.fna	80.7195	811	1639
B6.scaffolds.fasta.supercontigs.fna	GCA_036888815.1_ASM3688881v1_genomic.fna	80.719	857	1639
B6.scaffolds.fasta.supercontigs.fna	GCA_025560165.1_ASM2556016v1_genomic.fna	80.7187	865	1639
B6.scaffolds.fasta.supercontigs.fna	GCA_014198055.1_ASM1419805v1_genomic.fna	80.7183	865	1639
B6.scaffolds.fasta.supercontigs.fna	GCA_009498585.1_ASM949858v1_genomic.fna	80.7176	846	1639
B6.scaffolds.fasta.supercontigs.fna	GCA_030209895.1_ASM3020989v1_genomic.fna	80.7176	855	1639
B6.scaffolds.fasta.supercontigs.fna	GCA_030036535.1_ASM3003653v1_genomic.fna	80.7172	836	1639
B6.scaffolds.fasta.supercontigs.fna	GCA_027498595.1_ASM2749859v1_genomic.fna	80.7162	826	1639
B6.scaffolds.fasta.supercontigs.fna	GCA_017877075.1_ASM1787707v1_genomic.fna	80.7143	863	1639
B6.scaffolds.fasta.supercontigs.fna	GCA_017877095.1_ASM1787709v1_genomic.fna	80.7134	867	1639
B6.scaffolds.fasta.supercontigs.fna	GCA_014198455.1_ASM1419845v1_genomic.fna	80.7132	844	1639
B6.scaffolds.fasta.supercontigs.fna	DA1.scaffolds.fasta.supercontigs.fna	80.7121	849	1639
B6.scaffolds.fasta.supercontigs.fna	GCA_019969875.1_ASM1996987v1_genomic.fna	80.7098	856	1639
B6.scaffolds.fasta.supercontigs.fna	GCA_014198435.1_ASM1419843v1_genomic.fna	80.7038	844	1639
B6.scaffolds.fasta.supercontigs.fna	GCA_001641425.1_ASM164142v1_genomic.fna	80.7031	783	1639
B6.scaffolds.fasta.supercontigs.fna	GCA_008274755.1_ASM827475v1_genomic.fna	80.7029	852	1639
B6.scaffolds.fasta.supercontigs.fna	GCA_019969865.1_ASM1996986v1_genomic.fna	80.7025	861	1639
B6.scaffolds.fasta.supercontigs.fna	GCA_032064985.1_ASM3206498v1_genomic.fna	80.7024	828	1639
B6.scaffolds.fasta.supercontigs.fna	GCA_027498475.1_ASM2749847v1_genomic.fna	80.7014	824	1639
B6.scaffolds.fasta.supercontigs.fna	GCA_004766495.1_ASM476649v1_genomic.fna	80.7012	845	1639
B6.scaffolds.fasta.supercontigs.fna	GCA_013320685.1_ASM1332068v1_genomic.fna	80.7004	839	1639
B6.scaffolds.fasta.supercontigs.fna	GCA_037083465.1_ASM3708346v1_genomic.fna	80.7002	854	1639
B6.scaffolds.fasta.supercontigs.fna	GCA_027498545.1_ASM2749854v1_genomic.fna	80.6985	812	1639
B6.scaffolds.fasta.supercontigs.fna	GCA_017877215.1_ASM1787721v1_genomic.fna	80.6967	864	1639
B6.scaffolds.fasta.supercontigs.fna	GCA_014197895.1_ASM1419789v1_genomic.fna	80.6958	843	1639
B6.scaffolds.fasta.supercontigs.fna	GCA_005221345.1_ASM522134v1_genomic.fna	80.6948	857	1639
B6.scaffolds.fasta.supercontigs.fna	GCA_001427625.1_Root651_genomic.fna	80.6943	846	1639
B6.scaffolds.fasta.supercontigs.fna	GCA_019969915.1_ASM1996991v1_genomic.fna	80.6937	850	1639
B6.scaffolds.fasta.supercontigs.fna	GCA_027460005.1_ASM2746000v1_genomic.fna	80.693	850	1639
B6.scaffolds.fasta.supercontigs.fna	GCA_900111085.1_IMG-taxon_2600255279_annotated_assembly_genomic.fna	80.6928	823	1639
B6.scaffolds.fasta.supercontigs.fna	GCA_005221325.1_ASM522132v1_genomic.fna	80.6918	858	1639
B6.scaffolds.fasta.supercontigs.fna	GCA_027498435.1_ASM2749843v1_genomic.fna	80.6908	836	1639
B6.scaffolds.fasta.supercontigs.fna	GCA_943372685.1_JJ-MAC3-364-2-mx-bin660_genomic.fna	80.6907	840	1639
B6.scaffolds.fasta.supercontigs.fna	GCA_027460025.1_ASM2746002v1_genomic.fna	80.6906	848	1639
B6.scaffolds.fasta.supercontigs.fna	GCA_030505215.1_ASM3050521v1_genomic.fna	80.6903	840	1639
B6.scaffolds.fasta.supercontigs.fna	GCA_007679845.1_ASM767984v1_genomic.fna	80.69	884	1639
B6.scaffolds.fasta.supercontigs.fna	GCA_900104545.1_IMG-taxon_2600255308_annotated_assembly_genomic.fna	80.6893	825	1639
B6.scaffolds.fasta.supercontigs.fna	GCA_014198495.1_ASM1419849v1_genomic.fna	80.6889	864	1639
B6.scaffolds.fasta.supercontigs.fna	GCA_027956545.1_ASM2795654v1_genomic.fna	80.6878	851	1639
B6.scaffolds.fasta.supercontigs.fna	GCA_025560005.1_ASM2556000v1_genomic.fna	80.6857	869	1639
B6.scaffolds.fasta.supercontigs.fna	GCA_024170835.1_ASM2417083v1_genomic.fna	80.6847	868	1639
B6.scaffolds.fasta.supercontigs.fna	GCA_014198505.1_ASM1419850v1_genomic.fna	80.6831	852	1639
B6.scaffolds.fasta.supercontigs.fna	GCA_006757705.1_ASM675770v1_genomic.fna	80.683	851	1639
B6.scaffolds.fasta.supercontigs.fna	GCA_008501935.1_ASM850193v1_genomic.fna	80.679	835	1639
B6.scaffolds.fasta.supercontigs.fna	GCA_013337285.1_ASM1333728v1_genomic.fna	80.6779	845	1639
B6.scaffolds.fasta.supercontigs.fna	GCA_007002745.1_ASM700274v1_genomic.fna	80.6758	842	1639
B6.scaffolds.fasta.supercontigs.fna	GCA_027871575.1_ASM2787157v1_genomic.fna	80.6709	846	1639
B6.scaffolds.fasta.supercontigs.fna	GCA_025560125.1_ASM2556012v1_genomic.fna	80.6704	867	1639
B6.scaffolds.fasta.supercontigs.fna	GCA_007679885.1_ASM767988v1_genomic.fna	80.6668	891	1639
B6.scaffolds.fasta.supercontigs.fna	GCA_013317815.1_ASM1331781v1_genomic.fna	80.6654	808	1639
B6.scaffolds.fasta.supercontigs.fna	GCA_025910175.1_ASM2591017v1_genomic.fna	80.6562	853	1639
B6.scaffolds.fasta.supercontigs.fna	GCA_013318335.2_ASM1331833v2_genomic.fna	80.6559	815	1639
B6.scaffolds.fasta.supercontigs.fna	GCA_027956525.1_ASM2795652v1_genomic.fna	80.6556	829	1639
B6.scaffolds.fasta.supercontigs.fna	GCA_918698265.1_SRABI05_genomic.fna	80.654	835	1639
B6.scaffolds.fasta.supercontigs.fna	GCA_037722385.1_ASM3772238v1_genomic.fna	80.6527	820	1639
B6.scaffolds.fasta.supercontigs.fna	GCA_027988115.1_ASM2798811v1_genomic.fna	80.6502	833	1639
B6.scaffolds.fasta.supercontigs.fna	GCA_900013535.1_AHY_PRJEB12185_v1_genomic.fna	80.65	856	1639
B6.scaffolds.fasta.supercontigs.fna	GCA_002916755.1_ASM291675v1_genomic.fna	80.6493	835	1639
B6.scaffolds.fasta.supercontigs.fna	GCA_900012625.1_AHY_PRJEB12190_v1_genomic.fna	80.6492	867	1639
B6.scaffolds.fasta.supercontigs.fna	GCA_027459965.1_ASM2745996v1_genomic.fna	80.6468	833	1639
B6.scaffolds.fasta.supercontigs.fna	GCA_013320725.1_ASM1332072v1_genomic.fna	80.644	846	1639
B6.scaffolds.fasta.supercontigs.fna	GCA_913774465.1_maxbin_SP149_1.012_cleaned_genomic.fna	80.6438	527	1639
B6.scaffolds.fasta.supercontigs.fna	GCA_027498425.1_ASM2749842v1_genomic.fna	80.643	829	1639
B6.scaffolds.fasta.supercontigs.fna	GCA_020218035.1_ASM2021803v1_genomic.fna	80.6416	847	1639
B6.scaffolds.fasta.supercontigs.fna	GCA_030345655.1_ASM3034565v1_genomic.fna	80.6406	832	1639
B6.scaffolds.fasta.supercontigs.fna	GCA_918698075.1_SRABI46_genomic.fna	80.6405	833	1639
B6.scaffolds.fasta.supercontigs.fna	GCA_000092025.1_ASM9202v1_genomic.fna	80.6401	830	1639
B6.scaffolds.fasta.supercontigs.fna	GCA_027956555.1_ASM2795655v1_genomic.fna	80.6376	821	1639
B6.scaffolds.fasta.supercontigs.fna	GCA_022819325.1_ASM2281932v1_genomic.fna	80.637	830	1639
B6.scaffolds.fasta.supercontigs.fna	GCA_003667945.1_ASM366794v1_genomic.fna	80.6348	841	1639
B6.scaffolds.fasta.supercontigs.fna	GCA_027460085.1_ASM2746008v1_genomic.fna	80.6343	849	1639
B6.scaffolds.fasta.supercontigs.fna	GCA_032002345.1_ASM3200234v1_genomic.fna	80.63	813	1639
B6.scaffolds.fasta.supercontigs.fna	GCA_029338155.1_ASM2933815v1_genomic.fna	80.6296	837	1639
B6.scaffolds.fasta.supercontigs.fna	GCA_000214615.2_Agro31749_1.0_genomic.fna	80.6293	809	1639
B6.scaffolds.fasta.supercontigs.fna	GCA_010669145.1_ASM1066914v1_genomic.fna	80.6292	843	1639
B6.scaffolds.fasta.supercontigs.fna	GCA_027460065.1_ASM2746006v1_genomic.fna	80.6291	859	1639
B6.scaffolds.fasta.supercontigs.fna	GCA_000949865.1_ASM94986v1_genomic.fna	80.6291	833	1639
B6.scaffolds.fasta.supercontigs.fna	GCA_913777885.1_SP301_2_metabat2_genome_mining.7_genomic.fna	80.6291	780	1639
B6.scaffolds.fasta.supercontigs.fna	GCA_946479545.1_SRR10754060_bin.19_metawrap_v1.3.0_MAG_genomic.fna	80.6285	753	1639
B6.scaffolds.fasta.supercontigs.fna	GCA_900012595.1_AHY_PRJEB12189_v1_genomic.fna	80.6275	853	1639
B6.scaffolds.fasta.supercontigs.fna	GCA_913777615.1_S2C17652_SP166_genomic.fna	80.625	778	1639
B6.scaffolds.fasta.supercontigs.fna	GCA_021107245.1_ASM2110724v1_genomic.fna	80.6244	768	1639
B6.scaffolds.fasta.supercontigs.fna	GCA_032093135.1_ASM3209313v1_genomic.fna	80.6228	804	1639
B6.scaffolds.fasta.supercontigs.fna	GCA_029223905.1_ASM2922390v1_genomic.fna	80.6223	845	1639
B6.scaffolds.fasta.supercontigs.fna	GCA_032097865.1_ASM3209786v1_genomic.fna	80.6211	837	1639
B6.scaffolds.fasta.supercontigs.fna	GCA_013317735.2_ASM1331773v2_genomic.fna	80.6209	857	1639
B6.scaffolds.fasta.supercontigs.fna	GCA_029277625.1_ASM2927762v1_genomic.fna	80.6188	843	1639
B6.scaffolds.fasta.supercontigs.fna	GCA_012971785.1_ASM1297178v1_genomic.fna	80.616	832	1639
B6.scaffolds.fasta.supercontigs.fna	GCA_020218025.1_ASM2021802v1_genomic.fna	80.6153	853	1639
B6.scaffolds.fasta.supercontigs.fna	GCA_011319455.1_ASM1131945v1_genomic.fna	80.6137	820	1639
B6.scaffolds.fasta.supercontigs.fna	GCA_033611815.1_ASM3361181v1_genomic.fna	80.6128	834	1639
B6.scaffolds.fasta.supercontigs.fna	GCA_007680755.1_ASM768075v1_genomic.fna	80.612	796	1639
B6.scaffolds.fasta.supercontigs.fna	GCA_013317665.2_ASM1331766v2_genomic.fna	80.6109	850	1639
B6.scaffolds.fasta.supercontigs.fna	GCA_025560525.1_ASM2556052v1_genomic.fna	80.6106	843	1639
B6.scaffolds.fasta.supercontigs.fna	GCA_013318355.2_ASM1331835v2_genomic.fna	80.609	841	1639
B6.scaffolds.fasta.supercontigs.fna	GCA_005221445.1_ASM522144v1_genomic.fna	80.6052	851	1639
B6.scaffolds.fasta.supercontigs.fna	GCA_001644925.1_GHKF11_genomic.fna	80.6051	782	1639
B6.scaffolds.fasta.supercontigs.fna	GCA_002453905.1_ASM245390v1_genomic.fna	80.605	801	1639
B6.scaffolds.fasta.supercontigs.fna	GCA_007002855.1_ASM700285v1_genomic.fna	80.6029	830	1639
B6.scaffolds.fasta.supercontigs.fna	GCA_024706645.1_ASM2470664v1_genomic.fna	80.6028	871	1639
B6.scaffolds.fasta.supercontigs.fna	GCA_030804045.1_ASM3080404v1_genomic.fna	80.6011	835	1639
B6.scaffolds.fasta.supercontigs.fna	GCA_029909835.1_ASM2990983v1_genomic.fna	80.5997	856	1639
B6.scaffolds.fasta.supercontigs.fna	GCA_000966435.1_ASM96643v1_genomic.fna	80.5994	825	1639
B6.scaffolds.fasta.supercontigs.fna	GCA_027498575.1_ASM2749857v1_genomic.fna	80.5974	842	1639
B6.scaffolds.fasta.supercontigs.fna	GCA_000730975.1_ASM73097v1_genomic.fna	80.5954	843	1639
B6.scaffolds.fasta.supercontigs.fna	GCA_013365515.1_ASM1336551v1_genomic.fna	80.5953	830	1639
B6.scaffolds.fasta.supercontigs.fna	GCA_013317635.1_ASM1331763v1_genomic.fna	80.5944	852	1639
B6.scaffolds.fasta.supercontigs.fna	GCA_016599615.1_ASM1659961v1_genomic.fna	80.5936	851	1639
B6.scaffolds.fasta.supercontigs.fna	DAN6.scaffolds.fasta.supercontigs.fna	80.5924	857	1639
B6.scaffolds.fasta.supercontigs.fna	GCA_001427205.1_Root491_genomic.fna	80.5912	806	1639
B6.scaffolds.fasta.supercontigs.fna	GCA_900013525.1_AHY_PRJEB12194_v1_genomic.fna	80.5897	853	1639
B6.scaffolds.fasta.supercontigs.fna	GCA_016599575.1_ASM1659957v1_genomic.fna	80.5884	850	1639
B6.scaffolds.fasta.supercontigs.fna	GCA_019048945.1_ASM1904894v1_genomic.fna	80.5864	842	1639
B6.scaffolds.fasta.supercontigs.fna	GCA_913775015.1_S1C108396_SP36_genomic.fna	80.5838	759	1639
B6.scaffolds.fasta.supercontigs.fna	GCA_913776705.1_SP282_3_metabat2_genome_mining.31_sub_genomic.fna	80.5829	708	1639
B6.scaffolds.fasta.supercontigs.fna	GCA_913775385.1_SP133_3_metabat2_genome_mining.7_sub_genomic.fna	80.5789	522	1639
B6.scaffolds.fasta.supercontigs.fna	GCA_016864515.1_ASM1686451v1_genomic.fna	80.5789	858	1639
B6.scaffolds.fasta.supercontigs.fna	GCA_036596185.1_ASM3659618v1_genomic.fna	80.5787	847	1639
B6.scaffolds.fasta.supercontigs.fna	GCA_026241955.1_ASM2624195v1_genomic.fna	80.5786	824	1639
B6.scaffolds.fasta.supercontigs.fna	GCA_029840505.1_ASM2984050v1_genomic.fna	80.5777	775	1639
B6.scaffolds.fasta.supercontigs.fna	GCA_013318095.1_ASM1331809v1_genomic.fna	80.5733	846	1639
B6.scaffolds.fasta.supercontigs.fna	GCA_013318415.1_ASM1331841v1_genomic.fna	80.5728	834	1639
B6.scaffolds.fasta.supercontigs.fna	GCA_903772965.2_EHA105_Annotation_hybrid_June20200624_genomic.fna	80.5687	847	1639
B6.scaffolds.fasta.supercontigs.fna	GCA_039207355.1_ASM3920735v1_genomic.fna	80.568	801	1639
B6.scaffolds.fasta.supercontigs.fna	GCA_017584185.1_ASM1758418v1_genomic.fna	80.5655	846	1639
B6.scaffolds.fasta.supercontigs.fna	GCA_016599595.1_ASM1659959v1_genomic.fna	80.5653	853	1639
B6.scaffolds.fasta.supercontigs.fna	GCA_003667725.1_ASM366772v1_genomic.fna	80.5652	848	1639
B6.scaffolds.fasta.supercontigs.fna	GCA_018873185.1_ASM1887318v1_genomic.fna	80.5649	852	1639
B6.scaffolds.fasta.supercontigs.fna	GCA_025560265.1_ASM2556026v1_genomic.fna	80.5643	821	1639
B6.scaffolds.fasta.supercontigs.fna	GCA_013320375.1_ASM1332037v1_genomic.fna	80.562	822	1639
B6.scaffolds.fasta.supercontigs.fna	GCA_013320345.1_ASM1332034v1_genomic.fna	80.5608	821	1639
B6.scaffolds.fasta.supercontigs.fna	GCA_005144505.2_ASM514450v2_genomic.fna	80.5584	847	1639
B6.scaffolds.fasta.supercontigs.fna	GCA_008501985.1_ASM850198v1_genomic.fna	80.5571	814	1639
B6.scaffolds.fasta.supercontigs.fna	GCA_013317865.2_ASM1331786v2_genomic.fna	80.5567	836	1639
B6.scaffolds.fasta.supercontigs.fna	GCA_039593715.1_ASM3959371v1_genomic.fna	80.5553	565	1639
B6.scaffolds.fasta.supercontigs.fna	GCA_030757975.1_ASM3075797v1_genomic.fna	80.5551	854	1639
B6.scaffolds.fasta.supercontigs.fna	GCA_013319115.1_ASM1331911v1_genomic.fna	80.5544	826	1639
B6.scaffolds.fasta.supercontigs.fna	GCA_030803465.1_ASM3080346v1_genomic.fna	80.5531	823	1639
B6.scaffolds.fasta.supercontigs.fna	GCA_019355535.1_ASM1935553v1_genomic.fna	80.5519	833	1639
B6.scaffolds.fasta.supercontigs.fna	GCA_900100235.1_IMG-taxon_2690315628_annotated_assembly_genomic.fna	80.5508	844	1639
B6.scaffolds.fasta.supercontigs.fna	GCA_013317845.1_ASM1331784v1_genomic.fna	80.55	849	1639
B6.scaffolds.fasta.supercontigs.fna	GCA_017897985.1_ASM1789798v1_genomic.fna	80.5499	821	1639
B6.scaffolds.fasta.supercontigs.fna	GCA_013319155.1_ASM1331915v1_genomic.fna	80.5498	824	1639
B6.scaffolds.fasta.supercontigs.fna	GCA_019511385.1_ASM1951138v1_genomic.fna	80.5494	787	1639
B6.scaffolds.fasta.supercontigs.fna	GCA_030818995.1_ASM3081899v1_genomic.fna	80.5467	842	1639
B6.scaffolds.fasta.supercontigs.fna	GCA_000442985.1_AtP4V1.0_genomic.fna	80.5463	813	1639
B6.scaffolds.fasta.supercontigs.fna	GCA_913775055.1_S1C92728_SP213_genomic.fna	80.5445	725	1639
B6.scaffolds.fasta.supercontigs.fna	GCA_963525105.1_ERR9968974_bin.13_MetaWRAP_v1.3_MAG_genomic.fna	80.5437	823	1639
B6.scaffolds.fasta.supercontigs.fna	GCA_913774535.1_S2C7865_SP61_genomic.fna	80.5432	780	1639
B6.scaffolds.fasta.supercontigs.fna	GCA_000949895.1_ASM94989v1_genomic.fna	80.5415	845	1639
B6.scaffolds.fasta.supercontigs.fna	GCA_037203725.1_ASM3720372v1_genomic.fna	80.5396	780	1639
B6.scaffolds.fasta.supercontigs.fna	GCA_016403145.1_ASM1640314v1_genomic.fna	80.5392	809	1639
B6.scaffolds.fasta.supercontigs.fna	GCA_026191755.1_ASM2619175v1_genomic.fna	80.5378	791	1639
B6.scaffolds.fasta.supercontigs.fna	GCA_003666465.1_ASM366646v1_genomic.fna	80.5357	827	1639
B6.scaffolds.fasta.supercontigs.fna	GCA_913777645.1_maxbin_SP149_3.011_sub_cleaned_genomic.fna	80.5354	543	1639
B6.scaffolds.fasta.supercontigs.fna	GCA_009498535.1_ASM949853v1_genomic.fna	80.535	831	1639
B6.scaffolds.fasta.supercontigs.fna	GCA_003666425.1_ASM366642v1_genomic.fna	80.5341	829	1639
B6.scaffolds.fasta.supercontigs.fna	GCA_013285525.1_ASM1328552v1_genomic.fna	80.5341	803	1639
B6.scaffolds.fasta.supercontigs.fna	GCA_013320245.1_ASM1332024v1_genomic.fna	80.533	831	1639
B6.scaffolds.fasta.supercontigs.fna	GCA_900215635.1_IMG-taxon_2619618868_annotated_assembly_genomic.fna	80.5318	836	1639
B6.scaffolds.fasta.supercontigs.fna	GCA_013317525.1_ASM1331752v1_genomic.fna	80.53	821	1639
B6.scaffolds.fasta.supercontigs.fna	GCA_003031575.1_ASM303157v1_genomic.fna	80.5299	772	1639
B6.scaffolds.fasta.supercontigs.fna	GCA_013318065.1_ASM1331806v1_genomic.fna	80.5275	820	1639
B6.scaffolds.fasta.supercontigs.fna	GCA_000381165.1_ASM38116v1_genomic.fna	80.5182	825	1639
B6.scaffolds.fasta.supercontigs.fna	GCA_001692265.2_ASM169226v2_genomic.fna	80.5169	825	1639
B6.scaffolds.fasta.supercontigs.fna	GCA_013319225.1_ASM1331922v1_genomic.fna	80.5168	830	1639
B6.scaffolds.fasta.supercontigs.fna	GCA_013318425.1_ASM1331842v1_genomic.fna	80.5167	825	1639
B6.scaffolds.fasta.supercontigs.fna	GCA_031453315.1_ASM3145331v1_genomic.fna	80.5165	783	1639
B6.scaffolds.fasta.supercontigs.fna	GCA_013320575.1_ASM1332057v1_genomic.fna	80.5139	848	1639
B6.scaffolds.fasta.supercontigs.fna	GCA_019511505.1_ASM1951150v1_genomic.fna	80.5132	791	1639
B6.scaffolds.fasta.supercontigs.fna	GCA_013320335.1_ASM1332033v1_genomic.fna	80.5125	824	1639
B6.scaffolds.fasta.supercontigs.fna	GCA_013317895.1_ASM1331789v1_genomic.fna	80.5101	813	1639
B6.scaffolds.fasta.supercontigs.fna	GCA_013319065.1_ASM1331906v1_genomic.fna	80.508	829	1639
B6.scaffolds.fasta.supercontigs.fna	GCA_019511365.1_ASM1951136v1_genomic.fna	80.5062	803	1639
B6.scaffolds.fasta.supercontigs.fna	GCA_013337085.1_ASM1333708v1_genomic.fna	80.5061	843	1639
B6.scaffolds.fasta.supercontigs.fna	GCA_013267135.1_ASM1326713v1_genomic.fna	80.5045	792	1639
B6.scaffolds.fasta.supercontigs.fna	GCA_013320495.1_ASM1332049v1_genomic.fna	80.5045	855	1639
B6.scaffolds.fasta.supercontigs.fna	GCA_013320775.1_ASM1332077v1_genomic.fna	80.5025	854	1639
B6.scaffolds.fasta.supercontigs.fna	GCA_013320295.1_ASM1332029v1_genomic.fna	80.5018	828	1639
B6.scaffolds.fasta.supercontigs.fna	GCA_002335295.1_ASM233529v1_genomic.fna	80.5016	757	1639
B6.scaffolds.fasta.supercontigs.fna	GCA_900012575.1_AHY_PRJEB12182_v1_genomic.fna	80.5012	831	1639
B6.scaffolds.fasta.supercontigs.fna	GCA_013320455.1_ASM1332045v1_genomic.fna	80.5005	846	1639
B6.scaffolds.fasta.supercontigs.fna	GCA_000971565.1_ASM97156v1_genomic.fna	80.4992	828	1639
B6.scaffolds.fasta.supercontigs.fna	GCA_025559825.1_ASM2555982v1_genomic.fna	80.499	830	1639
B6.scaffolds.fasta.supercontigs.fna	GCA_003667925.1_ASM366792v1_genomic.fna	80.499	834	1639
B6.scaffolds.fasta.supercontigs.fna	GCA_900215255.1_IMG-taxon_2617270923_annotated_assembly_genomic.fna	80.4986	837	1639
B6.scaffolds.fasta.supercontigs.fna	GCA_013318315.1_ASM1331831v1_genomic.fna	80.496	826	1639
B6.scaffolds.fasta.supercontigs.fna	GCA_001692425.1_ASM169242v1_genomic.fna	80.4957	845	1639
B6.scaffolds.fasta.supercontigs.fna	GCA_013318055.2_ASM1331805v2_genomic.fna	80.4946	838	1639
B6.scaffolds.fasta.supercontigs.fna	GCA_013319245.1_ASM1331924v1_genomic.fna	80.4946	828	1639
B6.scaffolds.fasta.supercontigs.fna	GCA_013319215.1_ASM1331921v1_genomic.fna	80.4943	825	1639
B6.scaffolds.fasta.supercontigs.fna	GCA_025560665.1_ASM2556066v1_genomic.fna	80.494	795	1639
B6.scaffolds.fasta.supercontigs.fna	GCA_007828365.1_ASM782836v1_genomic.fna	80.4938	824	1639
B6.scaffolds.fasta.supercontigs.fna	GCA_013318285.1_ASM1331828v1_genomic.fna	80.4926	819	1639
B6.scaffolds.fasta.supercontigs.fna	GCA_013319235.1_ASM1331923v1_genomic.fna	80.4926	831	1639
B6.scaffolds.fasta.supercontigs.fna	GCA_030865405.1_ASM3086540v1_genomic.fna	80.4919	840	1639
B6.scaffolds.fasta.supercontigs.fna	GCA_013320795.1_ASM1332079v1_genomic.fna	80.4913	831	1639
B6.scaffolds.fasta.supercontigs.fna	NCPPB4602_scaffolds.fasta.supercontigs.fna	80.4911	849	1639
B6.scaffolds.fasta.supercontigs.fna	GCA_013320515.1_ASM1332051v1_genomic.fna	80.491	858	1639
B6.scaffolds.fasta.supercontigs.fna	GCA_013319125.1_ASM1331912v1_genomic.fna	80.4905	833	1639
B6.scaffolds.fasta.supercontigs.fna	GCA_913778305.1_SP139_1_metabat2_genome_mining.21_genomic.fna	80.4904	549	1639
B6.scaffolds.fasta.supercontigs.fna	GCA_030550875.1_ASM3055087v1_genomic.fna	80.49	845	1639
B6.scaffolds.fasta.supercontigs.fna	GCA_013318185.1_ASM1331818v1_genomic.fna	80.4897	815	1639
B6.scaffolds.fasta.supercontigs.fna	GCA_030717765.1_ASM3071776v1_genomic.fna	80.4894	871	1639
B6.scaffolds.fasta.supercontigs.fna	GCA_002454325.1_ASM245432v1_genomic.fna	80.4888	738	1639
B6.scaffolds.fasta.supercontigs.fna	GCA_019511285.1_ASM1951128v1_genomic.fna	80.4886	804	1639
B6.scaffolds.fasta.supercontigs.fna	GCA_017726655.1_ASM1772665v1_genomic.fna	80.488	776	1639
B6.scaffolds.fasta.supercontigs.fna	GCA_013319035.1_ASM1331903v1_genomic.fna	80.4879	843	1639
B6.scaffolds.fasta.supercontigs.fna	GCA_013319045.1_ASM1331904v1_genomic.fna	80.4866	845	1639
B6.scaffolds.fasta.supercontigs.fna	GCA_000219665.2_ASM21966v2_genomic.fna	80.4864	847	1639
B6.scaffolds.fasta.supercontigs.fna	GCA_008501925.1_ASM850192v1_genomic.fna	80.4856	825	1639
B6.scaffolds.fasta.supercontigs.fna	GCA_001692365.1_ASM169236v1_genomic.fna	80.4848	831	1639
B6.scaffolds.fasta.supercontigs.fna	GCA_013320465.1_ASM1332046v1_genomic.fna	80.4836	852	1639
B6.scaffolds.fasta.supercontigs.fna	GCA_013318975.1_ASM1331897v1_genomic.fna	80.4809	837	1639
B6.scaffolds.fasta.supercontigs.fna	GCA_001975795.1_ASM197579v1_genomic.fna	80.4801	817	1639
B6.scaffolds.fasta.supercontigs.fna	GCA_013320305.1_ASM1332030v1_genomic.fna	80.4799	832	1639
B6.scaffolds.fasta.supercontigs.fna	GCA_003053405.1_ASM305340v1_genomic.fna	80.4799	782	1639
B6.scaffolds.fasta.supercontigs.fna	GCA_030757915.1_ASM3075791v1_genomic.fna	80.4796	843	1639
B6.scaffolds.fasta.supercontigs.fna	GCA_013317755.1_ASM1331775v1_genomic.fna	80.4794	822	1639
B6.scaffolds.fasta.supercontigs.fna	GCA_027498515.1_ASM2749851v1_genomic.fna	80.4789	787	1639
B6.scaffolds.fasta.supercontigs.fna	GCA_002454155.1_ASM245415v1_genomic.fna	80.4785	775	1639
B6.scaffolds.fasta.supercontigs.fna	GCA_013319145.1_ASM1331914v1_genomic.fna	80.4774	836	1639
B6.scaffolds.fasta.supercontigs.fna	GCA_013318015.2_ASM1331801v2_genomic.fna	80.477	817	1639
B6.scaffolds.fasta.supercontigs.fna	GCA_013320405.1_ASM1332040v1_genomic.fna	80.4764	827	1639
B6.scaffolds.fasta.supercontigs.fna	GCA_017357485.1_ASM1735748v1_genomic.fna	80.4758	777	1639
B6.scaffolds.fasta.supercontigs.fna	GCA_031323645.1_ASM3132364v1_genomic.fna	80.4734	828	1639
B6.scaffolds.fasta.supercontigs.fna	GCA_013317515.1_ASM1331751v1_genomic.fna	80.473	830	1639
B6.scaffolds.fasta.supercontigs.fna	GCA_013318235.1_ASM1331823v1_genomic.fna	80.4724	849	1639
B6.scaffolds.fasta.supercontigs.fna	GCA_013318965.1_ASM1331896v1_genomic.fna	80.4689	837	1639
B6.scaffolds.fasta.supercontigs.fna	GCA_013267155.1_ASM1326715v1_genomic.fna	80.4685	806	1639
B6.scaffolds.fasta.supercontigs.fna	GCA_004012045.1_ASM401204v1_genomic.fna	80.4679	820	1639
B6.scaffolds.fasta.supercontigs.fna	GCA_013305205.1_ASM1330520v1_genomic.fna	80.4679	834	1639
B6.scaffolds.fasta.supercontigs.fna	GCA_033957665.1_ASM3395766v1_genomic.fna	80.4677	850	1639
B6.scaffolds.fasta.supercontigs.fna	GCA_025560705.1_ASM2556070v1_genomic.fna	80.4675	820	1639
B6.scaffolds.fasta.supercontigs.fna	GCA_013318025.1_ASM1331802v1_genomic.fna	80.4672	830	1639
B6.scaffolds.fasta.supercontigs.fna	GCA_000439225.1_AtWRT31V1.0_genomic.fna	80.4648	843	1639
B6.scaffolds.fasta.supercontigs.fna	GCA_031326085.1_ASM3132608v1_genomic.fna	80.4648	809	1639
B6.scaffolds.fasta.supercontigs.fna	GCA_013320545.1_ASM1332054v1_genomic.fna	80.4642	853	1639
B6.scaffolds.fasta.supercontigs.fna	GCA_001691455.1_ASM169145v1_genomic.fna	80.4629	781	1639
B6.scaffolds.fasta.supercontigs.fna	GCA_032104135.1_ASM3210413v1_genomic.fna	80.4626	733	1639
B6.scaffolds.fasta.supercontigs.fna	GCA_913774075.1_S2C4820_SP77_genomic.fna	80.4625	739	1639
B6.scaffolds.fasta.supercontigs.fna	GCA_013317915.1_ASM1331791v1_genomic.fna	80.4621	828	1639
B6.scaffolds.fasta.supercontigs.fna	GCA_900039255.1_AHY_PRJEB12180_v1_genomic.fna	80.4611	844	1639
B6.scaffolds.fasta.supercontigs.fna	GCA_013318215.1_ASM1331821v1_genomic.fna	80.4593	855	1639
B6.scaffolds.fasta.supercontigs.fna	GCA_017877395.1_ASM1787739v1_genomic.fna	80.4584	786	1639
B6.scaffolds.fasta.supercontigs.fna	GCA_030757935.1_ASM3075793v1_genomic.fna	80.4527	847	1639
B6.scaffolds.fasta.supercontigs.fna	GCA_029839305.1_ASM2983930v1_genomic.fna	80.4524	786	1639
B6.scaffolds.fasta.supercontigs.fna	GCA_000499645.1_IRBG74_genomic.fna	80.452	807	1639
B6.scaffolds.fasta.supercontigs.fna	GCA_003261015.1_ASM326101v1_genomic.fna	80.4512	770	1639
B6.scaffolds.fasta.supercontigs.fna	GCA_013320385.1_ASM1332038v1_genomic.fna	80.4504	841	1639
B6.scaffolds.fasta.supercontigs.fna	GCA_017741765.1_ASM1774176v1_genomic.fna	80.4502	842	1639
B6.scaffolds.fasta.supercontigs.fna	GCA_013317575.1_ASM1331757v1_genomic.fna	80.4484	821	1639
B6.scaffolds.fasta.supercontigs.fna	GCA_013318255.2_ASM1331825v2_genomic.fna	80.4483	851	1639
B6.scaffolds.fasta.supercontigs.fna	GCA_013318125.2_ASM1331812v2_genomic.fna	80.4478	836	1639
B6.scaffolds.fasta.supercontigs.fna	GCA_013317625.1_ASM1331762v1_genomic.fna	80.4467	839	1639
B6.scaffolds.fasta.supercontigs.fna	GCA_013319165.1_ASM1331916v1_genomic.fna	80.4449	838	1639
B6.scaffolds.fasta.supercontigs.fna	GCA_030757985.1_ASM3075798v1_genomic.fna	80.4442	843	1639
B6.scaffolds.fasta.supercontigs.fna	GCA_030758015.1_ASM3075801v1_genomic.fna	80.4439	845	1639
B6.scaffolds.fasta.supercontigs.fna	GCA_030804105.1_ASM3080410v1_genomic.fna	80.4436	806	1639
B6.scaffolds.fasta.supercontigs.fna	GCA_913775815.1_SP128_1_metabat2_genome_mining.6_genomic.fna	80.441	554	1639
B6.scaffolds.fasta.supercontigs.fna	GCA_005144405.2_ASM514440v2_genomic.fna	80.4406	776	1639
B6.scaffolds.fasta.supercontigs.fna	GCA_034651525.1_ASM3465152v1_genomic.fna	80.4383	831	1639
B6.scaffolds.fasta.supercontigs.fna	GCA_913774095.1_maxbin_SP106_1.016_cleaned_genomic.fna	80.4378	577	1639
B6.scaffolds.fasta.supercontigs.fna	GCA_000192635.1_ASM19263v1_genomic.fna	80.4376	857	1639
B6.scaffolds.fasta.supercontigs.fna	GCA_011684035.1_ASM1168403v1_genomic.fna	80.4374	818	1639
B6.scaffolds.fasta.supercontigs.fna	GCA_030758035.1_ASM3075803v1_genomic.fna	80.4368	848	1639
B6.scaffolds.fasta.supercontigs.fna	GCA_013317955.1_ASM1331795v1_genomic.fna	80.4354	832	1639
B6.scaffolds.fasta.supercontigs.fna	GCA_029909905.1_ASM2990990v1_genomic.fna	80.4352	844	1639
B6.scaffolds.fasta.supercontigs.fna	GCA_007002775.1_ASM700277v1_genomic.fna	80.434	849	1639
B6.scaffolds.fasta.supercontigs.fna	GCA_013318155.1_ASM1331815v1_genomic.fna	80.4326	823	1639
B6.scaffolds.fasta.supercontigs.fna	GCA_013317965.2_ASM1331796v2_genomic.fna	80.4318	824	1639
B6.scaffolds.fasta.supercontigs.fna	GCA_013320435.1_ASM1332043v1_genomic.fna	80.4311	860	1639
B6.scaffolds.fasta.supercontigs.fna	GCA_014190925.1_ASM1419092v1_genomic.fna	80.4293	786	1639
B6.scaffolds.fasta.supercontigs.fna	GCA_031801495.1_ASM3180149v1_genomic.fna	80.4285	769	1639
B6.scaffolds.fasta.supercontigs.fna	GCA_018987285.1_ASM1898728v1_genomic.fna	80.4283	789	1639
B6.scaffolds.fasta.supercontigs.fna	GCA_000959075.1_ASM95907v1_genomic.fna	80.4255	792	1639
B6.scaffolds.fasta.supercontigs.fna	GCA_030804125.1_ASM3080412v1_genomic.fna	80.4231	802	1639
B6.scaffolds.fasta.supercontigs.fna	GCA_025560605.1_ASM2556060v1_genomic.fna	80.4218	837	1639
B6.scaffolds.fasta.supercontigs.fna	GCA_002432475.1_ASM243247v1_genomic.fna	80.4213	725	1639
B6.scaffolds.fasta.supercontigs.fna	GCA_000576515.1_ASM57651v1_genomic.fna	80.4211	828	1639
B6.scaffolds.fasta.supercontigs.fna	GCA_030804145.1_ASM3080414v1_genomic.fna	80.4193	796	1639
B6.scaffolds.fasta.supercontigs.fna	GCA_913774395.1_maxbin_SP92_3.016_sub_genomic.fna	80.4191	117	1639
B6.scaffolds.fasta.supercontigs.fna	GCA_022848885.1_ASM2284888v1_genomic.fna	80.4148	785	1639
B6.scaffolds.fasta.supercontigs.fna	GCA_013318955.1_ASM1331895v1_genomic.fna	80.4119	846	1639
B6.scaffolds.fasta.supercontigs.fna	GCA_024170775.1_ASM2417077v1_genomic.fna	80.4104	836	1639
B6.scaffolds.fasta.supercontigs.fna	GCA_001692195.1_ASM169219v1_genomic.fna	80.4095	839	1639
B6.scaffolds.fasta.supercontigs.fna	GCA_029632585.1_ASM2963258v1_genomic.fna	80.4065	797	1639
B6.scaffolds.fasta.supercontigs.fna	GCA_030757945.1_ASM3075794v1_genomic.fna	80.4057	848	1639
B6.scaffolds.fasta.supercontigs.fna	GCA_001888145.1_ASM188814v1_genomic.fna	80.4053	787	1639
B6.scaffolds.fasta.supercontigs.fna	GCA_900013495.1_AHY_PRJEB12183_v1_genomic.fna	80.4044	794	1639
B6.scaffolds.fasta.supercontigs.fna	GCA_029845225.1_ASM2984522v1_genomic.fna	80.4032	795	1639
B6.scaffolds.fasta.supercontigs.fna	GCA_032058545.1_ASM3205854v1_genomic.fna	80.4031	802	1639
B6.scaffolds.fasta.supercontigs.fna	GCA_002339905.1_ASM233990v1_genomic.fna	80.4005	773	1639
B6.scaffolds.fasta.supercontigs.fna	GCA_029844925.1_ASM2984492v1_genomic.fna	80.4	777	1639
B6.scaffolds.fasta.supercontigs.fna	GCA_009649115.1_ASM964911v1_genomic.fna	80.3992	794	1639
B6.scaffolds.fasta.supercontigs.fna	GCA_012272675.1_ASM1227267v1_genomic.fna	80.3964	801	1639
B6.scaffolds.fasta.supercontigs.fna	GCA_005221365.1_ASM522136v1_genomic.fna	80.3951	786	1639
B6.scaffolds.fasta.supercontigs.fna	GCA_031453135.1_ASM3145313v1_genomic.fna	80.3948	801	1639
B6.scaffolds.fasta.supercontigs.fna	GCA_032074685.1_ASM3207468v1_genomic.fna	80.3926	791	1639
B6.scaffolds.fasta.supercontigs.fna	GCA_031984345.1_ASM3198434v1_genomic.fna	80.3885	774	1639
B6.scaffolds.fasta.supercontigs.fna	GCA_032018425.1_ASM3201842v1_genomic.fna	80.386	781	1639
B6.scaffolds.fasta.supercontigs.fna	GCA_001950375.1_TBD182_assembly01_genomic.fna	80.3831	824	1639
B6.scaffolds.fasta.supercontigs.fna	GCA_032229345.1_ASM3222934v1_genomic.fna	80.3829	800	1639
B6.scaffolds.fasta.supercontigs.fna	GCA_902153225.3_P007.v3_genomic.fna	80.3823	784	1639
B6.scaffolds.fasta.supercontigs.fna	GCA_003938925.1_ASM393892v1_genomic.fna	80.3723	798	1639
B6.scaffolds.fasta.supercontigs.fna	GCA_001692275.2_ASM169227v2_genomic.fna	80.3668	833	1639
B6.scaffolds.fasta.supercontigs.fna	GCA_030440405.1_ASM3044040v1_genomic.fna	80.3664	808	1639
B6.scaffolds.fasta.supercontigs.fna	GCA_009649785.1_ASM964978v1_genomic.fna	80.3634	843	1639
B6.scaffolds.fasta.supercontigs.fna	GCA_913775465.1_SP123_3_metabat2_genome_mining.23_genomic.fna	80.3606	660	1639
B6.scaffolds.fasta.supercontigs.fna	GCA_000758445.1_ASM75844v1_genomic.fna	80.3601	773	1639
B6.scaffolds.fasta.supercontigs.fna	GCA_029838495.1_ASM2983849v1_genomic.fna	80.3573	792	1639
B6.scaffolds.fasta.supercontigs.fna	GCA_000236125.2_ASM23612v2_genomic.fna	80.3556	841	1639
B6.scaffolds.fasta.supercontigs.fna	GCA_019511305.1_ASM1951130v1_genomic.fna	80.3553	804	1639
B6.scaffolds.fasta.supercontigs.fna	GCA_913777215.1_SP112_2_metabat2_genome_mining.16_genomic.fna	80.3524	298	1639
B6.scaffolds.fasta.supercontigs.fna	GCA_001551895.1_ASM155189v1_genomic.fna	80.3521	803	1639
B6.scaffolds.fasta.supercontigs.fna	GCA_036527375.1_ASM3652737v1_genomic.fna	80.3512	782	1639
B6.scaffolds.fasta.supercontigs.fna	GCA_029838545.1_ASM2983854v1_genomic.fna	80.348	796	1639
B6.scaffolds.fasta.supercontigs.fna	GCA_029834945.1_ASM2983494v1_genomic.fna	80.3444	784	1639
B6.scaffolds.fasta.supercontigs.fna	GCA_029866445.1_ASM2986644v1_genomic.fna	80.3432	806	1639
B6.scaffolds.fasta.supercontigs.fna	GCA_001888225.1_ASM188822v1_genomic.fna	80.3407	790	1639
B6.scaffolds.fasta.supercontigs.fna	GCA_029840665.1_ASM2984066v1_genomic.fna	80.3397	797	1639
B6.scaffolds.fasta.supercontigs.fna	GCA_002008275.1_ASM200827v1_genomic.fna	80.3349	810	1639
B6.scaffolds.fasta.supercontigs.fna	GCA_000648215.1_SOAPdenovo_for_version_3_of_the_Agrobacterium_tumefaciens_S33_genome_genomic.fna	80.3346	769	1639
B6.scaffolds.fasta.supercontigs.fna	GCA_019511295.1_ASM1951129v1_genomic.fna	80.3323	807	1639
B6.scaffolds.fasta.supercontigs.fna	GCA_003031555.1_ASM303155v1_genomic.fna	80.3264	788	1639
B6.scaffolds.fasta.supercontigs.fna	GCA_900102105.1_IMG-taxon_2671180227_annotated_assembly_genomic.fna	80.319	801	1639
B6.scaffolds.fasta.supercontigs.fna	GCA_913775415.1_SP310_2_metabat2_genome_mining.9_genomic.fna	80.3155	557	1639
B6.scaffolds.fasta.supercontigs.fna	GCA_913778615.1_SP80_3_metabat2_genome_mining.16_sub_genomic.fna	80.2893	508	1639
B6.scaffolds.fasta.supercontigs.fna	GCA_003541435.1_ASM354143v1_genomic.fna	80.2877	690	1639
B6.scaffolds.fasta.supercontigs.fna	GCA_031982105.1_ASM3198210v1_genomic.fna	80.2724	702	1639
B6.scaffolds.fasta.supercontigs.fna	GCA_013320535.1_ASM1332053v1_genomic.fna	80.2642	806	1639
B6.scaffolds.fasta.supercontigs.fna	GCA_036794005.1_ASM3679400v1_genomic.fna	80.2572	731	1639
B6.scaffolds.fasta.supercontigs.fna	GCA_032001665.1_ASM3200166v1_genomic.fna	80.2513	707	1639
B6.scaffolds.fasta.supercontigs.fna	GCA_036831645.1_ASM3683164v1_genomic.fna	80.251	788	1639
B6.scaffolds.fasta.supercontigs.fna	GCA_949742715.1_iMGMC-16_1678881632_genomic.fna	80.2436	741	1639
B6.scaffolds.fasta.supercontigs.fna	GCA_032097785.1_ASM3209778v1_genomic.fna	80.234	756	1639
B6.scaffolds.fasta.supercontigs.fna	GCA_036802085.1_ASM3680208v1_genomic.fna	80.2282	780	1639
B6.scaffolds.fasta.supercontigs.fna	GCA_946482405.1_SRR14536366_bin.3_metawrap_v1.3.0_MAG_genomic.fna	80.2146	606	1639
B6.scaffolds.fasta.supercontigs.fna	GCA_913777785.1_SP167_3_metabat2_genome_mining.6_genomic.fna	80.214	369	1639
B6.scaffolds.fasta.supercontigs.fna	GCA_913774335.1_SP51_3_metabat2_genome_mining.8_genomic.fna	80.2125	762	1639
B6.scaffolds.fasta.supercontigs.fna	GCA_000421945.1_genome_genomic.fna	80.1679	706	1639
B6.scaffolds.fasta.supercontigs.fna	GCA_034519725.1_ASM3451972v1_genomic.fna	80.1655	540	1639
B6.scaffolds.fasta.supercontigs.fna	GCA_003485305.1_ASM348530v1_genomic.fna	80.1384	584	1639
B6.scaffolds.fasta.supercontigs.fna	GCA_032069045.1_ASM3206904v1_genomic.fna	80.1359	756	1639
B6.scaffolds.fasta.supercontigs.fna	GCA_913777485.1_SP210_2_metabat2_genome_mining.13_genomic.fna	80.125	506	1639
B6.scaffolds.fasta.supercontigs.fna	GCA_032058685.1_ASM3205868v1_genomic.fna	80.1205	384	1639
B6.scaffolds.fasta.supercontigs.fna	GCA_032092795.1_ASM3209279v1_genomic.fna	80.1193	690	1639
B6.scaffolds.fasta.supercontigs.fna	GCA_018056125.1_ASM1805612v1_genomic.fna	80.0921	447	1639
B6.scaffolds.fasta.supercontigs.fna	GCA_913777305.1_SP350_3_metabat2_genome_mining.18_sub_genomic.fna	80.0883	541	1639
B6.scaffolds.fasta.supercontigs.fna	GCA_032090395.1_ASM3209039v1_genomic.fna	80.0696	236	1639
B6.scaffolds.fasta.supercontigs.fna	GCA_003529865.1_ASM352986v1_genomic.fna	80.0687	699	1639
B6.scaffolds.fasta.supercontigs.fna	GCA_005938205.1_ASM593820v1_genomic.fna	80.06	681	1639
B6.scaffolds.fasta.supercontigs.fna	GCA_003517425.1_ASM351742v1_genomic.fna	80.0551	448	1639
B6.scaffolds.fasta.supercontigs.fna	GCA_948843785.1_MGBC108980_genomic.fna	80.0492	449	1639
B6.scaffolds.fasta.supercontigs.fna	GCA_025559845.1_ASM2555984v1_genomic.fna	80.0351	692	1639
B6.scaffolds.fasta.supercontigs.fna	GCA_031977605.1_ASM3197760v1_genomic.fna	80.0282	402	1639
B6.scaffolds.fasta.supercontigs.fna	GCA_013390595.1_ASM1339059v1_genomic.fna	80.0201	688	1639
B6.scaffolds.fasta.supercontigs.fna	GCA_003509855.1_ASM350985v1_genomic.fna	80.0156	614	1639
B6.scaffolds.fasta.supercontigs.fna	GCA_032077825.1_ASM3207782v1_genomic.fna	80.0084	521	1639
B6.scaffolds.fasta.supercontigs.fna	GCA_949416755.1_MH-0-5_111223.17_1677754708_genomic.fna	79.9926	196	1639
B6.scaffolds.fasta.supercontigs.fna	GCA_024508975.1_ASM2450897v1_genomic.fna	79.9918	538	1639
B6.scaffolds.fasta.supercontigs.fna	GCA_913777405.1_maxbin_SP71_3.011_cleaned_genomic.fna	79.9604	80	1639
B6.scaffolds.fasta.supercontigs.fna	GCA_003241215.1_ASM324121v1_genomic.fna	79.9085	612	1639
B6.scaffolds.fasta.supercontigs.fna	GCA_949416905.1_MH-0-3_111223.53_1677754698_genomic.fna	79.8897	442	1639
B6.scaffolds.fasta.supercontigs.fna	GCA_016906285.1_ASM1690628v1_genomic.fna	79.6718	509	1639
B6.scaffolds.fasta.supercontigs.fna	GCA_017305495.1_ASM1730549v1_genomic.fna	79.6595	280	1639
B6.scaffolds.fasta.supercontigs.fna	GCA_031981105.1_ASM3198110v1_genomic.fna	79.5752	534	1639
B6.scaffolds.fasta.supercontigs.fna	GCA_913777705.1_maxbin_SP71_1.009_cleaned_genomic.fna	79.5729	70	1639
B6.scaffolds.fasta.supercontigs.fna	GCA_032114975.1_ASM3211497v1_genomic.fna	79.5189	348	1639
B6.scaffolds.fasta.supercontigs.fna	GCA_029193765.2_ASM2919376v2_genomic.fna	79.3924	618	1639
B6.scaffolds.fasta.supercontigs.fna	GCA_032057865.1_ASM3205786v1_genomic.fna	79.3807	607	1639
B6.scaffolds.fasta.supercontigs.fna	GCA_024810055.1_ASM2481005v1_genomic.fna	79.3457	607	1639
B6.scaffolds.fasta.supercontigs.fna	GCA_032092815.1_ASM3209281v1_genomic.fna	79.3252	601	1639
B6.scaffolds.fasta.supercontigs.fna	GCA_023701965.1_ASM2370196v1_genomic.fna	79.2797	613	1639
B6.scaffolds.fasta.supercontigs.fna	GCA_014851585.1_ASM1485158v1_genomic.fna	79.251	617	1639
B6.scaffolds.fasta.supercontigs.fna	GCA_032065505.1_ASM3206550v1_genomic.fna	79.1417	150	1639
B6.scaffolds.fasta.supercontigs.fna	GCA_032065205.1_ASM3206520v1_genomic.fna	79.0871	314	1639
B6.scaffolds.fasta.supercontigs.fna	GCA_001423425.1_Leaf306_genomic.fna	78.8075	492	1639
B6.scaffolds.fasta.supercontigs.fna	GCA_005222845.1_ASM522284v1_genomic.fna	78.7606	528	1639
B6.scaffolds.fasta.supercontigs.fna	GCA_016864575.1_ASM1686457v1_genomic.fna	78.7375	550	1639
B6.scaffolds.fasta.supercontigs.fna	GCA_030053015.1_ASM3005301v1_genomic.fna	78.73	513	1639
B6.scaffolds.fasta.supercontigs.fna	GCA_017876855.1_ASM1787685v1_genomic.fna	78.7278	476	1639
B6.scaffolds.fasta.supercontigs.fna	GCA_900108545.1_IMG-taxon_2600254933_annotated_assembly_genomic.fna	78.7277	477	1639
B6.scaffolds.fasta.supercontigs.fna	GCA_019511445.1_ASM1951144v1_genomic.fna	78.7161	561	1639
B6.scaffolds.fasta.supercontigs.fna	GCA_017876955.1_ASM1787695v1_genomic.fna	78.7079	478	1639
B6.scaffolds.fasta.supercontigs.fna	GCA_018760785.1_ASM1876078v1_genomic.fna	78.7057	547	1639
B6.scaffolds.fasta.supercontigs.fna	GCA_000485295.1_ASM48529v1_genomic.fna	78.6849	70	1639
B6.scaffolds.fasta.supercontigs.fna	GCA_943372805.1_JJ-MO7B3-363-6-mx-bin703_genomic.fna	78.6785	404	1639
B6.scaffolds.fasta.supercontigs.fna	GCA_014207075.1_ASM1420707v1_genomic.fna	78.6746	509	1639
B6.scaffolds.fasta.supercontigs.fna	GCA_017313375.1_ASM1731337v1_genomic.fna	78.6661	531	1639
B6.scaffolds.fasta.supercontigs.fna	GCA_017741935.1_ASM1774193v1_genomic.fna	78.6542	543	1639
B6.scaffolds.fasta.supercontigs.fna	GCA_030380805.1_ASM3038080v1_genomic.fna	78.6515	518	1639
B6.scaffolds.fasta.supercontigs.fna	GCA_009905715.1_ASM990571v1_genomic.fna	78.6462	423	1639
B6.scaffolds.fasta.supercontigs.fna	GCA_902706285.1_n18055v0.1_genomic.fna	78.6455	513	1639
B6.scaffolds.fasta.supercontigs.fna	GCA_002338015.1_ASM233801v1_genomic.fna	78.6383	471	1639
B6.scaffolds.fasta.supercontigs.fna	GCA_030504645.1_ASM3050464v1_genomic.fna	78.6346	510	1639
B6.scaffolds.fasta.supercontigs.fna	GCA_001423215.1_Leaf321_genomic.fna	78.6284	493	1639
B6.scaffolds.fasta.supercontigs.fna	GCA_014202175.1_ASM1420217v1_genomic.fna	78.6255	437	1639
B6.scaffolds.fasta.supercontigs.fna	GCA_002600635.1_ASM260063v1_genomic.fna	78.6225	487	1639
B6.scaffolds.fasta.supercontigs.fna	GCA_014198105.1_ASM1419810v1_genomic.fna	78.6209	536	1639
B6.scaffolds.fasta.supercontigs.fna	GCA_036528795.1_ASM3652879v1_genomic.fna	78.6099	233	1639
B6.scaffolds.fasta.supercontigs.fna	GCA_014641515.1_ASM1464151v1_genomic.fna	78.6061	531	1639
B6.scaffolds.fasta.supercontigs.fna	GCA_001428925.1_Root268_genomic.fna	78.5961	472	1639
B6.scaffolds.fasta.supercontigs.fna	GCA_014841925.1_ASM1484192v1_genomic.fna	78.5874	493	1639
B6.scaffolds.fasta.supercontigs.fna	GCA_014198445.1_ASM1419844v1_genomic.fna	78.5821	534	1639
B6.scaffolds.fasta.supercontigs.fna	GCA_019430945.1_ASM1943094v1_genomic.fna	78.5799	568	1639
B6.scaffolds.fasta.supercontigs.fna	GCA_014198155.1_ASM1419815v1_genomic.fna	78.5777	534	1639
B6.scaffolds.fasta.supercontigs.fna	GCA_001424985.1_Root1212_genomic.fna	78.576	466	1639
B6.scaffolds.fasta.supercontigs.fna	GCA_902706095.1_n18065v0.1_genomic.fna	78.5736	505	1639
B6.scaffolds.fasta.supercontigs.fna	GCA_014196505.1_ASM1419650v1_genomic.fna	78.5709	507	1639
B6.scaffolds.fasta.supercontigs.fna	GCA_014201355.1_ASM1420135v1_genomic.fna	78.5665	544	1639
B6.scaffolds.fasta.supercontigs.fna	GCA_026672545.1_ASM2667254v1_genomic.fna	78.5619	511	1639
B6.scaffolds.fasta.supercontigs.fna	GCA_963515175.1_ERR9969061_bin.5_MetaWRAP_v1.3_MAG_genomic.fna	78.559	484	1639
B6.scaffolds.fasta.supercontigs.fna	GCA_000377565.1_ASM37756v1_genomic.fna	78.5578	545	1639
B6.scaffolds.fasta.supercontigs.fna	GCA_900156005.1_IMG-taxon_2708742418_annotated_assembly_genomic.fna	78.5397	573	1639
B6.scaffolds.fasta.supercontigs.fna	GCA_014842035.1_ASM1484203v1_genomic.fna	78.5394	494	1639
B6.scaffolds.fasta.supercontigs.fna	GCA_000282095.2_Rhizobium.strCF080_v2.0_genomic.fna	78.5231	573	1639
B6.scaffolds.fasta.supercontigs.fna	GCA_017741815.1_ASM1774181v1_genomic.fna	78.515	542	1639
B6.scaffolds.fasta.supercontigs.fna	GCA_000376185.1_ASM37618v1_genomic.fna	78.5136	89	1639
B6.scaffolds.fasta.supercontigs.fna	GCA_004912135.1_ASM491213v1_genomic.fna	78.5135	436	1639
B6.scaffolds.fasta.supercontigs.fna	GCA_007004135.1_ASM700413v1_genomic.fna	78.511	544	1639
B6.scaffolds.fasta.supercontigs.fna	GCA_031457345.1_ASM3145734v1_genomic.fna	78.5091	532	1639
B6.scaffolds.fasta.supercontigs.fna	GCA_002855515.1_ASM285551v1_genomic.fna	78.5018	446	1639
B6.scaffolds.fasta.supercontigs.fna	GCA_031456945.1_ASM3145694v1_genomic.fna	78.5018	459	1639
B6.scaffolds.fasta.supercontigs.fna	GCA_030323265.1_ASM3032326v1_genomic.fna	78.4952	552	1639
B6.scaffolds.fasta.supercontigs.fna	GCA_021729845.1_ASM2172984v1_genomic.fna	78.4934	485	1639
B6.scaffolds.fasta.supercontigs.fna	GCA_021462725.1_ASM2146272v1_genomic.fna	78.4858	450	1639
B6.scaffolds.fasta.supercontigs.fna	GCA_014237835.1_ASM1423783v1_genomic.fna	78.4774	416	1639
B6.scaffolds.fasta.supercontigs.fna	GCA_028994075.1_ASM2899407v1_genomic.fna	78.4715	454	1639
B6.scaffolds.fasta.supercontigs.fna	GCA_900111905.1_IMG-taxon_2599185236_annotated_assembly_genomic.fna	78.4668	538	1639
B6.scaffolds.fasta.supercontigs.fna	GCA_004306805.1_ASM430680v1_genomic.fna	78.4656	506	1639
B6.scaffolds.fasta.supercontigs.fna	GCA_017741865.1_ASM1774186v1_genomic.fna	78.4636	550	1639
B6.scaffolds.fasta.supercontigs.fna	GCA_001692185.1_ASM169218v1_genomic.fna	78.4631	431	1639
B6.scaffolds.fasta.supercontigs.fna	GCA_014194315.1_ASM1419431v1_genomic.fna	78.463	463	1639
B6.scaffolds.fasta.supercontigs.fna	GCA_012276985.1_ASM1227698v1_genomic.fna	78.4621	515	1639
B6.scaffolds.fasta.supercontigs.fna	GCA_004307165.1_ASM430716v1_genomic.fna	78.4611	503	1639
B6.scaffolds.fasta.supercontigs.fna	GCA_001854685.1_ASM185468v1_genomic.fna	78.4525	497	1639
B6.scaffolds.fasta.supercontigs.fna	GCA_004307195.1_ASM430719v1_genomic.fna	78.4496	506	1639
B6.scaffolds.fasta.supercontigs.fna	GCA_031457185.1_ASM3145718v1_genomic.fna	78.4439	456	1639
B6.scaffolds.fasta.supercontigs.fna	GCA_004016565.1_ASM401656v1_genomic.fna	78.4438	499	1639
B6.scaffolds.fasta.supercontigs.fna	GCA_003610655.1_ASM361065v1_genomic.fna	78.4393	463	1639
B6.scaffolds.fasta.supercontigs.fna	GCA_000247475.2_ASM24747v2_genomic.fna	78.4283	478	1639
B6.scaffolds.fasta.supercontigs.fna	GCA_003985135.1_ASM398513v1_genomic.fna	78.4271	494	1639
B6.scaffolds.fasta.supercontigs.fna	GCA_016806065.1_ASM1680606v1_genomic.fna	78.4232	438	1639
B6.scaffolds.fasta.supercontigs.fna	GCA_004306655.1_ASM430665v1_genomic.fna	78.4207	510	1639
B6.scaffolds.fasta.supercontigs.fna	GCA_004307035.1_ASM430703v1_genomic.fna	78.4181	513	1639
B6.scaffolds.fasta.supercontigs.fna	GCA_004306915.1_ASM430691v1_genomic.fna	78.4157	510	1639
B6.scaffolds.fasta.supercontigs.fna	GCA_028994275.1_ASM2899427v1_genomic.fna	78.4157	456	1639
B6.scaffolds.fasta.supercontigs.fna	GCA_030380735.1_ASM3038073v1_genomic.fna	78.4156	491	1639
B6.scaffolds.fasta.supercontigs.fna	GCA_004306605.1_ASM430660v1_genomic.fna	78.4142	504	1639
B6.scaffolds.fasta.supercontigs.fna	GCA_002531695.1_ASM253169v1_genomic.fna	78.4129	519	1639
B6.scaffolds.fasta.supercontigs.fna	GCA_014193555.1_ASM1419355v1_genomic.fna	78.4125	488	1639
B6.scaffolds.fasta.supercontigs.fna	GCA_004307125.1_ASM430712v1_genomic.fna	78.4124	513	1639
B6.scaffolds.fasta.supercontigs.fna	GCA_014926405.2_ASM1492640v2_genomic.fna	78.4107	452	1639
B6.scaffolds.fasta.supercontigs.fna	GCA_000300855.1_ASM30085v1_genomic.fna	78.4099	444	1639
B6.scaffolds.fasta.supercontigs.fna	GCA_009744225.1_ASM974422v1_genomic.fna	78.4084	430	1639
B6.scaffolds.fasta.supercontigs.fna	GCA_004306225.1_ASM430622v1_genomic.fna	78.4079	500	1639
B6.scaffolds.fasta.supercontigs.fna	GCA_006335145.1_ASM633514v1_genomic.fna	78.4072	539	1639
B6.scaffolds.fasta.supercontigs.fna	GCA_014193695.1_ASM1419369v1_genomic.fna	78.4064	493	1639
B6.scaffolds.fasta.supercontigs.fna	GCA_918741265.1_Rhizobium_sp_CECT_9324_HGAP4_Prokka_genomic.fna	78.4048	483	1639
B6.scaffolds.fasta.supercontigs.fna	GCA_020224055.1_ASM2022405v1_genomic.fna	78.4038	501	1639
B6.scaffolds.fasta.supercontigs.fna	GCA_030382195.1_ASM3038219v1_genomic.fna	78.4031	442	1639
B6.scaffolds.fasta.supercontigs.fna	GCA_035921805.1_ASM3592180v1_genomic.fna	78.3988	513	1639
B6.scaffolds.fasta.supercontigs.fna	GCA_035923665.1_ASM3592366v1_genomic.fna	78.3974	512	1639
B6.scaffolds.fasta.supercontigs.fna	GCA_004306425.1_ASM430642v1_genomic.fna	78.3971	508	1639
B6.scaffolds.fasta.supercontigs.fna	GCA_003025035.1_ASM302503v1_genomic.fna	78.3943	416	1639
B6.scaffolds.fasta.supercontigs.fna	GCA_030369675.1_ASM3036967v1_genomic.fna	78.3928	403	1639
B6.scaffolds.fasta.supercontigs.fna	GCA_004306175.1_ASM430617v1_genomic.fna	78.3924	510	1639
B6.scaffolds.fasta.supercontigs.fna	GCA_000483365.1_ASM48336v1_genomic.fna	78.3912	128	1639
B6.scaffolds.fasta.supercontigs.fna	GCA_004306755.1_ASM430675v1_genomic.fna	78.3911	513	1639
B6.scaffolds.fasta.supercontigs.fna	GCA_004306785.1_ASM430678v1_genomic.fna	78.3899	505	1639
B6.scaffolds.fasta.supercontigs.fna	GCA_014195095.1_ASM1419509v1_genomic.fna	78.3888	507	1639
B6.scaffolds.fasta.supercontigs.fna	GCA_004307185.1_ASM430718v1_genomic.fna	78.3869	515	1639
B6.scaffolds.fasta.supercontigs.fna	GCA_004306065.1_ASM430606v1_genomic.fna	78.386	514	1639
B6.scaffolds.fasta.supercontigs.fna	GCA_000281145.1_Rhizobium.strCF142_v1.0_genomic.fna	78.3829	484	1639
B6.scaffolds.fasta.supercontigs.fna	GCA_009744025.1_ASM974402v1_genomic.fna	78.3829	442	1639
B6.scaffolds.fasta.supercontigs.fna	GCA_010450895.1_ASM1045089v1_genomic.fna	78.3821	428	1639
B6.scaffolds.fasta.supercontigs.fna	GCA_009650195.1_ASM965019v1_genomic.fna	78.3819	430	1639
B6.scaffolds.fasta.supercontigs.fna	GCA_023701945.1_ASM2370194v1_genomic.fna	78.3811	541	1639
B6.scaffolds.fasta.supercontigs.fna	GCA_004306885.1_ASM430688v1_genomic.fna	78.38	511	1639
B6.scaffolds.fasta.supercontigs.fna	GCA_012276365.1_ASM1227636v1_genomic.fna	78.3786	498	1639
B6.scaffolds.fasta.supercontigs.fna	GCA_010668545.1_ASM1066854v1_genomic.fna	78.3782	505	1639
B6.scaffolds.fasta.supercontigs.fna	GCA_014280875.1_ASM1428087v1_genomic.fna	78.3768	431	1639
B6.scaffolds.fasta.supercontigs.fna	GCA_001713475.1_ASM171347v1_genomic.fna	78.3764	429	1639
B6.scaffolds.fasta.supercontigs.fna	GCA_001664245.1_ASM166424v1_genomic.fna	78.3763	480	1639
B6.scaffolds.fasta.supercontigs.fna	GCA_004306715.1_ASM430671v1_genomic.fna	78.3754	511	1639
B6.scaffolds.fasta.supercontigs.fna	GCA_012275665.1_ASM1227566v1_genomic.fna	78.3754	502	1639
B6.scaffolds.fasta.supercontigs.fna	GCA_003351185.1_ASM335118v1_genomic.fna	78.3753	486	1639
B6.scaffolds.fasta.supercontigs.fna	GCA_010668515.1_ASM1066851v1_genomic.fna	78.3751	505	1639
B6.scaffolds.fasta.supercontigs.fna	GCA_004306015.1_ASM430601v1_genomic.fna	78.3749	506	1639
B6.scaffolds.fasta.supercontigs.fna	GCA_014194405.1_ASM1419440v1_genomic.fna	78.3748	501	1639
B6.scaffolds.fasta.supercontigs.fna	GCA_012241395.2_ASM1224139v2_genomic.fna	78.3746	485	1639
B6.scaffolds.fasta.supercontigs.fna	GCA_001429725.1_Root708_genomic.fna	78.3744	432	1639
B6.scaffolds.fasta.supercontigs.fna	GCA_019798325.1_ASM1979832v1_genomic.fna	78.3743	505	1639
B6.scaffolds.fasta.supercontigs.fna	GCA_020889605.1_ASM2088960v1_genomic.fna	78.3733	404	1639
B6.scaffolds.fasta.supercontigs.fna	GCA_019779815.1_ASM1977981v1_genomic.fna	78.3718	494	1639
B6.scaffolds.fasta.supercontigs.fna	GCA_010668265.1_ASM1066826v1_genomic.fna	78.3717	502	1639
B6.scaffolds.fasta.supercontigs.fna	GCA_019779795.1_ASM1977979v1_genomic.fna	78.3714	499	1639
B6.scaffolds.fasta.supercontigs.fna	GCA_002933635.1_ASM293363v1_genomic.fna	78.3713	512	1639
B6.scaffolds.fasta.supercontigs.fna	GCA_001187535.1_ASM118753v1_genomic.fna	78.3699	495	1639
B6.scaffolds.fasta.supercontigs.fna	GCA_010668475.1_ASM1066847v1_genomic.fna	78.3697	491	1639
B6.scaffolds.fasta.supercontigs.fna	GCA_014194285.1_ASM1419428v1_genomic.fna	78.3695	481	1639
B6.scaffolds.fasta.supercontigs.fna	GCA_004330135.1_ASM433013v1_genomic.fna	78.3688	506	1639
B6.scaffolds.fasta.supercontigs.fna	GCA_011604525.1_ASM1160452v1_genomic.fna	78.3687	504	1639
B6.scaffolds.fasta.supercontigs.fna	GCA_014196235.1_ASM1419623v1_genomic.fna	78.3678	506	1639
B6.scaffolds.fasta.supercontigs.fna	GCA_012275945.1_ASM1227594v1_genomic.fna	78.3675	497	1639
B6.scaffolds.fasta.supercontigs.fna	GCA_012927355.1_ASM1292735v1_genomic.fna	78.3674	419	1639
B6.scaffolds.fasta.supercontigs.fna	GCA_036936805.1_ASM3693680v1_genomic.fna	78.3665	507	1639
B6.scaffolds.fasta.supercontigs.fna	GCA_014195045.1_ASM1419504v1_genomic.fna	78.3665	514	1639
B6.scaffolds.fasta.supercontigs.fna	GCA_014198665.1_ASM1419866v1_genomic.fna	78.3659	498	1639
B6.scaffolds.fasta.supercontigs.fna	GCA_004322895.1_ASM432289v1_genomic.fna	78.3653	509	1639
B6.scaffolds.fasta.supercontigs.fna	GCA_012276575.1_ASM1227657v1_genomic.fna	78.3652	470	1639
B6.scaffolds.fasta.supercontigs.fna	GCA_004329775.1_ASM432977v1_genomic.fna	78.3644	493	1639
B6.scaffolds.fasta.supercontigs.fna	GCA_003400085.1_ASM340008v1_genomic.fna	78.364	514	1639
B6.scaffolds.fasta.supercontigs.fna	GCA_012276505.1_ASM1227650v1_genomic.fna	78.362	516	1639
B6.scaffolds.fasta.supercontigs.fna	GCA_019779705.1_ASM1977970v1_genomic.fna	78.3616	504	1639
B6.scaffolds.fasta.supercontigs.fna	GCA_021026315.1_ASM2102631v1_genomic.fna	78.3605	418	1639
B6.scaffolds.fasta.supercontigs.fna	GCA_001664365.1_ASM166436v1_genomic.fna	78.3603	479	1639
B6.scaffolds.fasta.supercontigs.fna	GCA_004322915.1_ASM432291v1_genomic.fna	78.3596	512	1639
B6.scaffolds.fasta.supercontigs.fna	GCA_010668505.1_ASM1066850v1_genomic.fna	78.3592	492	1639
B6.scaffolds.fasta.supercontigs.fna	GCA_030053155.1_ASM3005315v1_genomic.fna	78.3589	522	1639
B6.scaffolds.fasta.supercontigs.fna	GCA_000009265.1_ASM926v1_genomic.fna	78.3588	504	1639
B6.scaffolds.fasta.supercontigs.fna	GCA_014197405.1_ASM1419740v1_genomic.fna	78.3585	512	1639
B6.scaffolds.fasta.supercontigs.fna	GCA_019779025.1_ASM1977902v1_genomic.fna	78.3584	503	1639
B6.scaffolds.fasta.supercontigs.fna	GCA_002008165.1_ASM200816v1_genomic.fna	78.3574	497	1639
B6.scaffolds.fasta.supercontigs.fna	GCA_003205195.1_ASM320519v1_genomic.fna	78.3572	466	1639
B6.scaffolds.fasta.supercontigs.fna	GCA_010668945.1_ASM1066894v1_genomic.fna	78.3566	500	1639
B6.scaffolds.fasta.supercontigs.fna	GCA_936919715.1_ERR2144882_bin.0_CONCOCT_v1.1_MAG_genomic.fna	78.3561	475	1639
B6.scaffolds.fasta.supercontigs.fna	GCA_019798345.1_ASM1979834v1_genomic.fna	78.3559	506	1639
B6.scaffolds.fasta.supercontigs.fna	GCA_019798265.1_ASM1979826v1_genomic.fna	78.3558	508	1639
B6.scaffolds.fasta.supercontigs.fna	GCA_014192445.1_ASM1419244v1_genomic.fna	78.3554	490	1639
B6.scaffolds.fasta.supercontigs.fna	GCA_004306455.1_ASM430645v1_genomic.fna	78.3553	511	1639
B6.scaffolds.fasta.supercontigs.fna	GCA_010668715.1_ASM1066871v1_genomic.fna	78.3547	501	1639
B6.scaffolds.fasta.supercontigs.fna	GCA_010668705.1_ASM1066870v1_genomic.fna	78.3545	508	1639
B6.scaffolds.fasta.supercontigs.fna	GCA_036964745.1_ASM3696474v1_genomic.fna	78.3542	515	1639
B6.scaffolds.fasta.supercontigs.fna	GCA_010668195.1_ASM1066819v1_genomic.fna	78.3538	499	1639
B6.scaffolds.fasta.supercontigs.fna	GCA_014194385.1_ASM1419438v1_genomic.fna	78.3527	482	1639
B6.scaffolds.fasta.supercontigs.fna	GCA_017876795.1_ASM1787679v1_genomic.fna	78.3519	482	1639
B6.scaffolds.fasta.supercontigs.fna	GCA_014194255.1_ASM1419425v1_genomic.fna	78.3513	483	1639
B6.scaffolds.fasta.supercontigs.fna	GCA_019798145.1_ASM1979814v1_genomic.fna	78.3512	498	1639
B6.scaffolds.fasta.supercontigs.fna	GCA_014197615.1_ASM1419761v1_genomic.fna	78.3506	480	1639
B6.scaffolds.fasta.supercontigs.fna	GCA_013426735.1_ASM1342673v1_genomic.fna	78.3505	451	1639
B6.scaffolds.fasta.supercontigs.fna	GCA_035964835.1_ASM3596483v1_genomic.fna	78.3495	518	1639
B6.scaffolds.fasta.supercontigs.fna	GCA_024721175.1_ASM2472117v1_genomic.fna	78.3479	477	1639
B6.scaffolds.fasta.supercontigs.fna	GCA_019799665.1_ASM1979966v1_genomic.fna	78.3477	506	1639
B6.scaffolds.fasta.supercontigs.fna	GCA_009498505.1_ASM949850v1_genomic.fna	78.347	491	1639
B6.scaffolds.fasta.supercontigs.fna	GCA_019779065.1_ASM1977906v1_genomic.fna	78.3458	503	1639
B6.scaffolds.fasta.supercontigs.fna	GCA_002211285.1_ASM221128v1_genomic.fna	78.3455	510	1639
B6.scaffolds.fasta.supercontigs.fna	GCA_011045155.1_ASM1104515v1_genomic.fna	78.3446	434	1639
B6.scaffolds.fasta.supercontigs.fna	GCA_001664405.1_ASM166440v1_genomic.fna	78.3432	484	1639
B6.scaffolds.fasta.supercontigs.fna	GCA_006443685.1_ASM644368v1_genomic.fna	78.3423	421	1639
B6.scaffolds.fasta.supercontigs.fna	GCA_004305945.1_ASM430594v1_genomic.fna	78.3415	509	1639
B6.scaffolds.fasta.supercontigs.fna	GCA_003400125.1_ASM340012v1_genomic.fna	78.3411	521	1639
B6.scaffolds.fasta.supercontigs.fna	GCA_019799725.1_ASM1979972v1_genomic.fna	78.3395	501	1639
B6.scaffolds.fasta.supercontigs.fna	GCA_003217095.1_ASM321709v1_genomic.fna	78.3385	457	1639
B6.scaffolds.fasta.supercontigs.fna	GCA_019779085.1_ASM1977908v1_genomic.fna	78.3384	516	1639
B6.scaffolds.fasta.supercontigs.fna	GCA_002531635.1_ASM253163v1_genomic.fna	78.3383	512	1639
B6.scaffolds.fasta.supercontigs.fna	GCA_019799295.1_ASM1979929v1_genomic.fna	78.3381	511	1639
B6.scaffolds.fasta.supercontigs.fna	GCA_001664165.1_ASM166416v1_genomic.fna	78.338	496	1639
B6.scaffolds.fasta.supercontigs.fna	GCA_004329805.1_ASM432980v1_genomic.fna	78.3373	504	1639
B6.scaffolds.fasta.supercontigs.fna	GCA_026622855.1_ASM2662285v1_genomic.fna	78.3371	470	1639
B6.scaffolds.fasta.supercontigs.fna	GCA_036964785.1_ASM3696478v1_genomic.fna	78.3371	496	1639
B6.scaffolds.fasta.supercontigs.fna	GCA_022953395.1_ASM2295339v1_genomic.fna	78.337	396	1639
B6.scaffolds.fasta.supercontigs.fna	GCA_013321775.1_ASM1332177v1_genomic.fna	78.3369	499	1639
B6.scaffolds.fasta.supercontigs.fna	GCA_000268285.2_RPHCH2410v2_genomic.fna	78.336	481	1639
B6.scaffolds.fasta.supercontigs.fna	GCA_002211295.1_ASM221129v1_genomic.fna	78.3358	503	1639
B6.scaffolds.fasta.supercontigs.fna	GCA_030815125.1_ASM3081512v1_genomic.fna	78.3356	527	1639
B6.scaffolds.fasta.supercontigs.fna	GCA_019798225.1_ASM1979822v1_genomic.fna	78.3354	505	1639
B6.scaffolds.fasta.supercontigs.fna	GCA_019799465.1_ASM1979946v1_genomic.fna	78.3353	496	1639
B6.scaffolds.fasta.supercontigs.fna	GCA_004307025.1_ASM430702v1_genomic.fna	78.3342	515	1639
B6.scaffolds.fasta.supercontigs.fna	GCA_004306815.1_ASM430681v1_genomic.fna	78.3342	506	1639
B6.scaffolds.fasta.supercontigs.fna	GCA_002245285.1_ASM224528v1_genomic.fna	78.3337	506	1639
B6.scaffolds.fasta.supercontigs.fna	GCA_014197345.1_ASM1419734v1_genomic.fna	78.3336	529	1639
B6.scaffolds.fasta.supercontigs.fna	GCA_019779185.1_ASM1977918v1_genomic.fna	78.333	500	1639
B6.scaffolds.fasta.supercontigs.fna	GCA_019798275.1_ASM1979827v1_genomic.fna	78.3325	504	1639
B6.scaffolds.fasta.supercontigs.fna	GCA_021462655.1_ASM2146265v1_genomic.fna	78.3311	442	1639
B6.scaffolds.fasta.supercontigs.fna	GCA_019779145.1_ASM1977914v1_genomic.fna	78.3307	509	1639
B6.scaffolds.fasta.supercontigs.fna	GCA_004306835.1_ASM430683v1_genomic.fna	78.3304	509	1639
B6.scaffolds.fasta.supercontigs.fna	GCA_014194595.1_ASM1419459v1_genomic.fna	78.3304	486	1639
B6.scaffolds.fasta.supercontigs.fna	GCA_012641435.1_ASM1264143v1_genomic.fna	78.3293	437	1639
B6.scaffolds.fasta.supercontigs.fna	GCA_002406495.1_L101_genomic.fna	78.3292	483	1639
B6.scaffolds.fasta.supercontigs.fna	GCA_013317415.1_ASM1331741v1_genomic.fna	78.329	418	1639
B6.scaffolds.fasta.supercontigs.fna	GCA_025200795.1_ASM2520079v1_genomic.fna	78.3287	492	1639
B6.scaffolds.fasta.supercontigs.fna	GCA_019778885.1_ASM1977888v1_genomic.fna	78.3281	503	1639
B6.scaffolds.fasta.supercontigs.fna	GCA_014193215.1_ASM1419321v1_genomic.fna	78.3281	518	1639
B6.scaffolds.fasta.supercontigs.fna	GCA_004306925.1_ASM430692v1_genomic.fna	78.3274	511	1639
B6.scaffolds.fasta.supercontigs.fna	GCA_009743925.1_ASM974392v1_genomic.fna	78.3272	435	1639
B6.scaffolds.fasta.supercontigs.fna	GCA_017357225.1_ASM1735722v1_genomic.fna	78.3269	478	1639
B6.scaffolds.fasta.supercontigs.fna	GCA_000372305.1_ASM37230v1_genomic.fna	78.3267	519	1639
B6.scaffolds.fasta.supercontigs.fna	GCA_000292525.1_ASM29252v1_genomic.fna	78.3262	473	1639
B6.scaffolds.fasta.supercontigs.fna	GCA_014193175.1_ASM1419317v1_genomic.fna	78.3249	520	1639
B6.scaffolds.fasta.supercontigs.fna	GCA_010668875.1_ASM1066887v1_genomic.fna	78.3238	525	1639
B6.scaffolds.fasta.supercontigs.fna	GCA_021391715.1_ASM2139171v1_genomic.fna	78.3232	511	1639
B6.scaffolds.fasta.supercontigs.fna	GCA_013321805.1_ASM1332180v1_genomic.fna	78.323	493	1639
B6.scaffolds.fasta.supercontigs.fna	GCA_013321985.1_ASM1332198v1_genomic.fna	78.3222	499	1639
B6.scaffolds.fasta.supercontigs.fna	GCA_001426685.1_Root483D2_genomic.fna	78.3219	479	1639
B6.scaffolds.fasta.supercontigs.fna	GCA_014193565.1_ASM1419356v1_genomic.fna	78.3216	460	1639
B6.scaffolds.fasta.supercontigs.fna	GCA_004305935.1_ASM430593v1_genomic.fna	78.3213	512	1639
B6.scaffolds.fasta.supercontigs.fna	GCA_013321555.1_ASM1332155v1_genomic.fna	78.3212	488	1639
B6.scaffolds.fasta.supercontigs.fna	GCA_019797885.1_ASM1979788v1_genomic.fna	78.3205	431	1639
B6.scaffolds.fasta.supercontigs.fna	GCA_001664185.1_ASM166418v1_genomic.fna	78.3197	499	1639
B6.scaffolds.fasta.supercontigs.fna	GCA_004305625.1_ASM430562v1_genomic.fna	78.3194	517	1639
B6.scaffolds.fasta.supercontigs.fna	GCA_001664385.1_ASM166438v1_genomic.fna	78.3191	483	1639
B6.scaffolds.fasta.supercontigs.fna	GCA_013321275.1_ASM1332127v1_genomic.fna	78.3185	501	1639
B6.scaffolds.fasta.supercontigs.fna	GCA_019779735.1_ASM1977973v1_genomic.fna	78.3182	505	1639
B6.scaffolds.fasta.supercontigs.fna	GCA_012276455.1_ASM1227645v1_genomic.fna	78.3166	502	1639
B6.scaffolds.fasta.supercontigs.fna	GCA_019685125.1_ASM1968512v1_genomic.fna	78.3163	480	1639
B6.scaffolds.fasta.supercontigs.fna	GCA_013591995.1_ASM1359199v1_genomic.fna	78.3162	486	1639
B6.scaffolds.fasta.supercontigs.fna	GCA_019778445.1_ASM1977844v1_genomic.fna	78.3162	499	1639
B6.scaffolds.fasta.supercontigs.fna	GCA_000427765.1_ASM42776v1_genomic.fna	78.3158	505	1639
B6.scaffolds.fasta.supercontigs.fna	GCA_019779265.1_ASM1977926v1_genomic.fna	78.3146	504	1639
B6.scaffolds.fasta.supercontigs.fna	GCA_009744215.1_ASM974421v1_genomic.fna	78.3146	437	1639
B6.scaffolds.fasta.supercontigs.fna	GCA_019778595.1_ASM1977859v1_genomic.fna	78.3144	514	1639
B6.scaffolds.fasta.supercontigs.fna	GCA_001632995.1_ASM163299v1_genomic.fna	78.3139	515	1639
B6.scaffolds.fasta.supercontigs.fna	GCA_001426265.1_Root1220_genomic.fna	78.3132	387	1639
B6.scaffolds.fasta.supercontigs.fna	GCA_013321145.1_ASM1332114v1_genomic.fna	78.3131	485	1639
B6.scaffolds.fasta.supercontigs.fna	GCA_019799185.1_ASM1979918v1_genomic.fna	78.3128	531	1639
B6.scaffolds.fasta.supercontigs.fna	GCA_019685025.1_ASM1968502v1_genomic.fna	78.3125	487	1639
B6.scaffolds.fasta.supercontigs.fna	GCA_004912145.1_ASM491214v1_genomic.fna	78.3118	459	1639
B6.scaffolds.fasta.supercontigs.fna	GCA_014873945.1_ASM1487394v1_genomic.fna	78.3116	499	1639
B6.scaffolds.fasta.supercontigs.fna	GCA_013391665.1_ASM1339166v1_genomic.fna	78.3116	482	1639
B6.scaffolds.fasta.supercontigs.fna	GCA_028548195.1_ASM2854819v1_genomic.fna	78.3113	502	1639
B6.scaffolds.fasta.supercontigs.fna	GCA_019779005.1_ASM1977900v1_genomic.fna	78.3107	518	1639
B6.scaffolds.fasta.supercontigs.fna	GCA_002211315.1_ASM221131v1_genomic.fna	78.3101	373	1639
B6.scaffolds.fasta.supercontigs.fna	GCA_003351165.1_ASM335116v1_genomic.fna	78.3097	484	1639
B6.scaffolds.fasta.supercontigs.fna	GCA_000016265.1_ASM1626v1_genomic.fna	78.3089	498	1639
B6.scaffolds.fasta.supercontigs.fna	GCA_014194375.1_ASM1419437v1_genomic.fna	78.3088	479	1639
B6.scaffolds.fasta.supercontigs.fna	GCA_001664445.1_ASM166444v1_genomic.fna	78.3083	485	1639
B6.scaffolds.fasta.supercontigs.fna	GCA_014194555.1_ASM1419455v1_genomic.fna	78.3082	479	1639
B6.scaffolds.fasta.supercontigs.fna	GCA_004307045.1_ASM430704v1_genomic.fna	78.3082	518	1639
B6.scaffolds.fasta.supercontigs.fna	GCA_002211395.1_ASM221139v1_genomic.fna	78.3074	504	1639
B6.scaffolds.fasta.supercontigs.fna	GCA_019779665.1_ASM1977966v1_genomic.fna	78.3071	520	1639
B6.scaffolds.fasta.supercontigs.fna	GCA_019778505.1_ASM1977850v1_genomic.fna	78.3071	514	1639
B6.scaffolds.fasta.supercontigs.fna	GCA_019779105.1_ASM1977910v1_genomic.fna	78.3066	523	1639
B6.scaffolds.fasta.supercontigs.fna	GCA_019779925.1_ASM1977992v1_genomic.fna	78.3066	513	1639
B6.scaffolds.fasta.supercontigs.fna	GCA_012276175.1_ASM1227617v1_genomic.fna	78.3054	515	1639
B6.scaffolds.fasta.supercontigs.fna	GCA_012276155.1_ASM1227615v1_genomic.fna	78.3046	508	1639
B6.scaffolds.fasta.supercontigs.fna	GCA_013317315.1_ASM1331731v1_genomic.fna	78.3045	430	1639
B6.scaffolds.fasta.supercontigs.fna	GCA_900094565.1_IMG-taxon_2615840626_annotated_assembly_genomic.fna	78.3043	453	1639
B6.scaffolds.fasta.supercontigs.fna	GCA_013321875.1_ASM1332187v1_genomic.fna	78.3042	500	1639
B6.scaffolds.fasta.supercontigs.fna	GCA_004307135.1_ASM430713v1_genomic.fna	78.3042	516	1639
B6.scaffolds.fasta.supercontigs.fna	GCA_014193815.1_ASM1419381v1_genomic.fna	78.3035	461	1639
B6.scaffolds.fasta.supercontigs.fna	GCA_002211385.1_ASM221138v1_genomic.fna	78.3034	380	1639
B6.scaffolds.fasta.supercontigs.fna	GCA_016864535.1_ASM1686453v1_genomic.fna	78.3034	435	1639
B6.scaffolds.fasta.supercontigs.fna	GCA_019798235.1_ASM1979823v1_genomic.fna	78.3026	513	1639
B6.scaffolds.fasta.supercontigs.fna	GCA_010668175.1_ASM1066817v1_genomic.fna	78.3017	506	1639
B6.scaffolds.fasta.supercontigs.fna	GCA_019779115.1_ASM1977911v1_genomic.fna	78.3013	502	1639
B6.scaffolds.fasta.supercontigs.fna	GCA_037002845.1_ASM3700284v1_genomic.fna	78.3008	503	1639
B6.scaffolds.fasta.supercontigs.fna	GCA_009744235.1_ASM974423v1_genomic.fna	78.3008	439	1639
B6.scaffolds.fasta.supercontigs.fna	GCA_014194325.1_ASM1419432v1_genomic.fna	78.3005	479	1639
B6.scaffolds.fasta.supercontigs.fna	GCA_019799205.1_ASM1979920v1_genomic.fna	78.3005	502	1639
B6.scaffolds.fasta.supercontigs.fna	GCA_030182545.1_ASM3018254v1_genomic.fna	78.3004	481	1639
B6.scaffolds.fasta.supercontigs.fna	GCA_019684315.1_ASM1968431v1_genomic.fna	78.2999	467	1639
B6.scaffolds.fasta.supercontigs.fna	GCA_019779045.1_ASM1977904v1_genomic.fna	78.2996	493	1639
B6.scaffolds.fasta.supercontigs.fna	GCA_019798085.1_ASM1979808v1_genomic.fna	78.2993	513	1639
B6.scaffolds.fasta.supercontigs.fna	GCA_009498215.1_ASM949821v1_genomic.fna	78.2992	432	1639
B6.scaffolds.fasta.supercontigs.fna	GCA_000020265.1_ASM2026v1_genomic.fna	78.2979	484	1639
B6.scaffolds.fasta.supercontigs.fna	GCA_019684355.1_ASM1968435v1_genomic.fna	78.2979	473	1639
B6.scaffolds.fasta.supercontigs.fna	GCA_002211305.1_ASM221130v1_genomic.fna	78.2978	508	1639
B6.scaffolds.fasta.supercontigs.fna	GCA_019778555.1_ASM1977855v1_genomic.fna	78.2977	517	1639
B6.scaffolds.fasta.supercontigs.fna	GCA_014193575.1_ASM1419357v1_genomic.fna	78.2977	459	1639
B6.scaffolds.fasta.supercontigs.fna	GCA_003217135.1_ASM321713v1_genomic.fna	78.2971	454	1639
B6.scaffolds.fasta.supercontigs.fna	GCA_018987265.1_ASM1898726v1_genomic.fna	78.2969	495	1639
B6.scaffolds.fasta.supercontigs.fna	GCA_021559795.1_ASM2155979v1_genomic.fna	78.2968	432	1639
B6.scaffolds.fasta.supercontigs.fna	GCA_000428185.2_ASM42818v2_genomic.fna	78.2963	55	1639
B6.scaffolds.fasta.supercontigs.fna	GCA_013426715.1_ASM1342671v1_genomic.fna	78.296	457	1639
B6.scaffolds.fasta.supercontigs.fna	GCA_019778655.1_ASM1977865v1_genomic.fna	78.2958	511	1639
B6.scaffolds.fasta.supercontigs.fna	GCA_029369725.1_ASM2936972v1_genomic.fna	78.2957	455	1639
B6.scaffolds.fasta.supercontigs.fna	GCA_003150695.1_ASM315069v1_genomic.fna	78.2947	492	1639
B6.scaffolds.fasta.supercontigs.fna	GCA_000271805.1_ASM27180v1_genomic.fna	78.2945	509	1639
B6.scaffolds.fasta.supercontigs.fna	GCA_014198095.1_ASM1419809v1_genomic.fna	78.2943	476	1639
B6.scaffolds.fasta.supercontigs.fna	GCA_013320955.1_ASM1332095v1_genomic.fna	78.2941	506	1639
B6.scaffolds.fasta.supercontigs.fna	GCA_014198785.1_ASM1419878v1_genomic.fna	78.2941	452	1639
B6.scaffolds.fasta.supercontigs.fna	GCA_029894065.1_ASM2989406v1_genomic.fna	78.2939	476	1639
B6.scaffolds.fasta.supercontigs.fna	GCA_014638185.1_ASM1463818v1_genomic.fna	78.2935	513	1639
B6.scaffolds.fasta.supercontigs.fna	GCA_002211365.1_ASM221136v1_genomic.fna	78.2934	381	1639
B6.scaffolds.fasta.supercontigs.fna	GCA_012275645.1_ASM1227564v1_genomic.fna	78.2932	497	1639
B6.scaffolds.fasta.supercontigs.fna	GCA_014193955.1_ASM1419395v1_genomic.fna	78.2929	513	1639
B6.scaffolds.fasta.supercontigs.fna	GCA_004306355.1_ASM430635v1_genomic.fna	78.2929	521	1639
B6.scaffolds.fasta.supercontigs.fna	GCA_014197375.1_ASM1419737v1_genomic.fna	78.2927	529	1639
B6.scaffolds.fasta.supercontigs.fna	GCA_012275875.1_ASM1227587v1_genomic.fna	78.2918	513	1639
B6.scaffolds.fasta.supercontigs.fna	GCA_004303515.1_ASM430351v1_genomic.fna	78.2914	495	1639
B6.scaffolds.fasta.supercontigs.fna	GCA_019684195.1_ASM1968419v1_genomic.fna	78.2909	461	1639
B6.scaffolds.fasta.supercontigs.fna	GCA_002531935.1_ASM253193v1_genomic.fna	78.2909	524	1639
B6.scaffolds.fasta.supercontigs.fna	GCA_007002785.1_ASM700278v1_genomic.fna	78.2907	504	1639
B6.scaffolds.fasta.supercontigs.fna	GCA_014194205.1_ASM1419420v1_genomic.fna	78.2906	487	1639
B6.scaffolds.fasta.supercontigs.fna	GCA_001675095.1_ASM167509v1_genomic.fna	78.2898	511	1639
B6.scaffolds.fasta.supercontigs.fna	GCA_012276485.1_ASM1227648v1_genomic.fna	78.2894	512	1639
B6.scaffolds.fasta.supercontigs.fna	GCA_019799105.1_ASM1979910v1_genomic.fna	78.2889	510	1639
B6.scaffolds.fasta.supercontigs.fna	GCA_002531825.1_ASM253182v1_genomic.fna	78.2885	522	1639
B6.scaffolds.fasta.supercontigs.fna	GCA_012275795.1_ASM1227579v1_genomic.fna	78.2882	506	1639
B6.scaffolds.fasta.supercontigs.fna	GCA_004330005.1_ASM433000v1_genomic.fna	78.2878	496	1639
B6.scaffolds.fasta.supercontigs.fna	GCA_002531655.1_ASM253165v1_genomic.fna	78.2875	507	1639
B6.scaffolds.fasta.supercontigs.fna	GCA_039534505.1_ASM3953450v1_genomic.fna	78.2872	498	1639
B6.scaffolds.fasta.supercontigs.fna	GCA_004330085.1_ASM433008v1_genomic.fna	78.2864	506	1639
B6.scaffolds.fasta.supercontigs.fna	GCA_019778795.1_ASM1977879v1_genomic.fna	78.2862	507	1639
B6.scaffolds.fasta.supercontigs.fna	GCA_012276125.1_ASM1227612v1_genomic.fna	78.2855	504	1639
B6.scaffolds.fasta.supercontigs.fna	GCA_030053135.1_ASM3005313v1_genomic.fna	78.2853	510	1639
B6.scaffolds.fasta.supercontigs.fna	GCA_000372205.1_ASM37220v1_genomic.fna	78.2852	505	1639
B6.scaffolds.fasta.supercontigs.fna	GCA_031583875.1_ASM3158387v1_genomic.fna	78.285	494	1639
B6.scaffolds.fasta.supercontigs.fna	GCA_004306875.1_ASM430687v1_genomic.fna	78.2843	513	1639
B6.scaffolds.fasta.supercontigs.fna	GCA_013322075.1_ASM1332207v1_genomic.fna	78.2842	502	1639
B6.scaffolds.fasta.supercontigs.fna	GCA_002355115.1_ASM235511v1_genomic.fna	78.2839	478	1639
B6.scaffolds.fasta.supercontigs.fna	GCA_008000915.1_ASM800091v1_genomic.fna	78.2836	446	1639
B6.scaffolds.fasta.supercontigs.fna	GCA_013321505.1_ASM1332150v1_genomic.fna	78.2833	506	1639
B6.scaffolds.fasta.supercontigs.fna	GCA_008682375.1_ASM868237v1_genomic.fna	78.283	494	1639
B6.scaffolds.fasta.supercontigs.fna	GCA_019684295.1_ASM1968429v1_genomic.fna	78.2824	469	1639
B6.scaffolds.fasta.supercontigs.fna	GCA_013114765.1_ASM1311476v1_genomic.fna	78.2818	432	1639
B6.scaffolds.fasta.supercontigs.fna	GCA_019798685.1_ASM1979868v1_genomic.fna	78.2814	484	1639
B6.scaffolds.fasta.supercontigs.fna	GCA_007002995.1_ASM700299v1_genomic.fna	78.281	505	1639
B6.scaffolds.fasta.supercontigs.fna	GCA_013321785.1_ASM1332178v1_genomic.fna	78.2807	500	1639
B6.scaffolds.fasta.supercontigs.fna	GCA_004304935.1_ASM430493v1_genomic.fna	78.2798	507	1639
B6.scaffolds.fasta.supercontigs.fna	GCA_014138565.1_ASM1413856v1_genomic.fna	78.2797	500	1639
B6.scaffolds.fasta.supercontigs.fna	GCA_004305255.1_ASM430525v1_genomic.fna	78.2797	493	1639
B6.scaffolds.fasta.supercontigs.fna	GCA_022968395.1_ASM2296839v1_genomic.fna	78.2796	365	1639
B6.scaffolds.fasta.supercontigs.fna	GCA_013391705.1_ASM1339170v1_genomic.fna	78.2796	481	1639
B6.scaffolds.fasta.supercontigs.fna	GCA_009744005.1_ASM974400v1_genomic.fna	78.2795	430	1639
B6.scaffolds.fasta.supercontigs.fna	GCA_019779865.1_ASM1977986v1_genomic.fna	78.2794	513	1639
B6.scaffolds.fasta.supercontigs.fna	GCA_013321735.1_ASM1332173v1_genomic.fna	78.2794	504	1639
B6.scaffolds.fasta.supercontigs.fna	GCA_029714245.1_ASM2971424v1_genomic.fna	78.279	483	1639
B6.scaffolds.fasta.supercontigs.fna	GCA_029076475.1_ASM2907647v1_genomic.fna	78.2788	472	1639
B6.scaffolds.fasta.supercontigs.fna	GCA_019685015.1_ASM1968501v1_genomic.fna	78.2787	480	1639
B6.scaffolds.fasta.supercontigs.fna	GCA_009744055.1_ASM974405v1_genomic.fna	78.2786	440	1639
B6.scaffolds.fasta.supercontigs.fna	GCA_019778525.1_ASM1977852v1_genomic.fna	78.2784	507	1639
B6.scaffolds.fasta.supercontigs.fna	GCA_004304665.1_ASM430466v1_genomic.fna	78.2783	504	1639
B6.scaffolds.fasta.supercontigs.fna	GCA_014194455.1_ASM1419445v1_genomic.fna	78.2781	484	1639
B6.scaffolds.fasta.supercontigs.fna	GCA_014200175.1_ASM1420017v1_genomic.fna	78.2781	460	1639
B6.scaffolds.fasta.supercontigs.fna	GCA_013408035.1_ASM1340803v1_genomic.fna	78.2777	507	1639
B6.scaffolds.fasta.supercontigs.fna	GCA_018138105.1_ASM1813810v1_genomic.fna	78.2776	498	1639
B6.scaffolds.fasta.supercontigs.fna	GCA_003425685.1_ASM342568v1_genomic.fna	78.2773	510	1639
B6.scaffolds.fasta.supercontigs.fna	GCA_019798985.1_ASM1979898v1_genomic.fna	78.2763	513	1639
B6.scaffolds.fasta.supercontigs.fna	GCA_029537235.1_ASM2953723v1_genomic.fna	78.2763	419	1639
B6.scaffolds.fasta.supercontigs.fna	GCA_004303925.1_ASM430392v1_genomic.fna	78.276	486	1639
B6.scaffolds.fasta.supercontigs.fna	GCA_001664425.1_ASM166442v1_genomic.fna	78.2759	475	1639
B6.scaffolds.fasta.supercontigs.fna	GCA_019798995.1_ASM1979899v1_genomic.fna	78.2755	521	1639
B6.scaffolds.fasta.supercontigs.fna	GCA_019778625.1_ASM1977862v1_genomic.fna	78.2755	507	1639
B6.scaffolds.fasta.supercontigs.fna	GCA_000359745.1_Rhizobium_sp._genomic.fna	78.2754	479	1639
B6.scaffolds.fasta.supercontigs.fna	GCA_001692155.1_ASM169215v1_genomic.fna	78.2753	502	1639
B6.scaffolds.fasta.supercontigs.fna	GCA_037002865.1_ASM3700286v1_genomic.fna	78.2748	497	1639
B6.scaffolds.fasta.supercontigs.fna	GCA_019779835.1_ASM1977983v1_genomic.fna	78.2742	519	1639
B6.scaffolds.fasta.supercontigs.fna	GCA_019799545.1_ASM1979954v1_genomic.fna	78.2734	517	1639
B6.scaffolds.fasta.supercontigs.fna	GCA_004305005.1_ASM430500v1_genomic.fna	78.2731	502	1639
B6.scaffolds.fasta.supercontigs.fna	GCA_013322175.1_ASM1332217v1_genomic.fna	78.2729	500	1639
B6.scaffolds.fasta.supercontigs.fna	GCA_037002925.1_ASM3700292v1_genomic.fna	78.2723	499	1639
B6.scaffolds.fasta.supercontigs.fna	GCA_004329915.1_ASM432991v1_genomic.fna	78.2722	479	1639
B6.scaffolds.fasta.supercontigs.fna	GCA_031583855.1_ASM3158385v1_genomic.fna	78.2715	494	1639
B6.scaffolds.fasta.supercontigs.fna	GCA_009498525.1_ASM949852v1_genomic.fna	78.2712	507	1639
B6.scaffolds.fasta.supercontigs.fna	GCA_000427705.1_ASM42770v1_genomic.fna	78.2711	499	1639
B6.scaffolds.fasta.supercontigs.fna	GCA_006802085.1_ASM680208v1_genomic.fna	78.271	495	1639
B6.scaffolds.fasta.supercontigs.fna	GCA_003287875.1_ASM328787v1_genomic.fna	78.2709	475	1639
B6.scaffolds.fasta.supercontigs.fna	GCA_019779685.1_ASM1977968v1_genomic.fna	78.2709	513	1639
B6.scaffolds.fasta.supercontigs.fna	GCA_001675075.1_ASM167507v1_genomic.fna	78.2708	516	1639
B6.scaffolds.fasta.supercontigs.fna	GCA_013320965.1_ASM1332096v1_genomic.fna	78.2703	492	1639
B6.scaffolds.fasta.supercontigs.fna	GCA_019798465.1_ASM1979846v1_genomic.fna	78.2698	480	1639
B6.scaffolds.fasta.supercontigs.fna	GCA_036936735.1_ASM3693673v1_genomic.fna	78.2696	487	1639
B6.scaffolds.fasta.supercontigs.fna	GCA_019778865.1_ASM1977886v1_genomic.fna	78.2695	497	1639
B6.scaffolds.fasta.supercontigs.fna	GCA_019779885.1_ASM1977988v1_genomic.fna	78.2692	512	1639
B6.scaffolds.fasta.supercontigs.fna	GCA_029194105.1_ASM2919410v1_genomic.fna	78.2686	459	1639
B6.scaffolds.fasta.supercontigs.fna	GCA_014194235.1_ASM1419423v1_genomic.fna	78.2684	486	1639
B6.scaffolds.fasta.supercontigs.fna	GCA_014194485.1_ASM1419448v1_genomic.fna	78.2679	489	1639
B6.scaffolds.fasta.supercontigs.fna	GCA_002240185.1_ASM224018v1_genomic.fna	78.2679	501	1639
B6.scaffolds.fasta.supercontigs.fna	GCA_019778545.1_ASM1977854v1_genomic.fna	78.2679	507	1639
B6.scaffolds.fasta.supercontigs.fna	GCA_030182495.1_ASM3018249v1_genomic.fna	78.2674	463	1639
B6.scaffolds.fasta.supercontigs.fna	GCA_019798605.1_ASM1979860v1_genomic.fna	78.2674	484	1639
B6.scaffolds.fasta.supercontigs.fna	GCA_000705615.1_CCGM1.1_genomic.fna	78.2674	492	1639
B6.scaffolds.fasta.supercontigs.fna	GCA_004330845.1_ASM433084v1_genomic.fna	78.2667	482	1639
B6.scaffolds.fasta.supercontigs.fna	GCA_019684455.1_ASM1968445v1_genomic.fna	78.2665	482	1639
B6.scaffolds.fasta.supercontigs.fna	GCA_019684245.1_ASM1968424v1_genomic.fna	78.2665	471	1639
B6.scaffolds.fasta.supercontigs.fna	GCA_003290405.1_ASM329040v1_genomic.fna	78.2661	495	1639
B6.scaffolds.fasta.supercontigs.fna	GCA_013321955.1_ASM1332195v1_genomic.fna	78.266	496	1639
B6.scaffolds.fasta.supercontigs.fna	GCA_012275605.1_ASM1227560v1_genomic.fna	78.2656	494	1639
B6.scaffolds.fasta.supercontigs.fna	GCA_019798555.1_ASM1979855v1_genomic.fna	78.2654	498	1639
B6.scaffolds.fasta.supercontigs.fna	GCA_021052325.1_ASM2105232v1_genomic.fna	78.2652	511	1639
B6.scaffolds.fasta.supercontigs.fna	GCA_000705135.2_Draft_genome_assembly_of_Agrobacterium_rhizogenes_ATCC15834_genomic.fna	78.2651	500	1639
B6.scaffolds.fasta.supercontigs.fna	GCA_019798665.1_ASM1979866v1_genomic.fna	78.2648	502	1639
B6.scaffolds.fasta.supercontigs.fna	GCA_013321175.1_ASM1332117v1_genomic.fna	78.2645	504	1639
B6.scaffolds.fasta.supercontigs.fna	GCA_000172795.2_ASM17279v2_genomic.fna	78.2643	516	1639
B6.scaffolds.fasta.supercontigs.fna	GCA_012276245.1_ASM1227624v1_genomic.fna	78.264	509	1639
B6.scaffolds.fasta.supercontigs.fna	GCA_027863495.1_ASM2786349v1_genomic.fna	78.264	459	1639
B6.scaffolds.fasta.supercontigs.fna	GCA_014194165.1_ASM1419416v1_genomic.fna	78.2639	487	1639
B6.scaffolds.fasta.supercontigs.fna	GCA_013416305.1_ASM1341630v1_genomic.fna	78.2639	510	1639
B6.scaffolds.fasta.supercontigs.fna	GCA_010668925.1_ASM1066892v1_genomic.fna	78.2638	506	1639
B6.scaffolds.fasta.supercontigs.fna	GCA_004330655.1_ASM433065v1_genomic.fna	78.2638	502	1639
B6.scaffolds.fasta.supercontigs.fna	GCA_017876825.1_ASM1787682v1_genomic.fna	78.2637	501	1639
B6.scaffolds.fasta.supercontigs.fna	GCA_019798805.1_ASM1979880v1_genomic.fna	78.2635	523	1639
B6.scaffolds.fasta.supercontigs.fna	GCA_025152745.1_ASM2515274v1_genomic.fna	78.2629	494	1639
B6.scaffolds.fasta.supercontigs.fna	GCA_019778685.1_ASM1977868v1_genomic.fna	78.2627	517	1639
B6.scaffolds.fasta.supercontigs.fna	GCA_019799365.1_ASM1979936v1_genomic.fna	78.2626	523	1639
B6.scaffolds.fasta.supercontigs.fna	GCA_014193265.1_ASM1419326v1_genomic.fna	78.2622	461	1639
B6.scaffolds.fasta.supercontigs.fna	GCA_028613695.1_ASM2861369v1_genomic.fna	78.2616	513	1639
B6.scaffolds.fasta.supercontigs.fna	GCA_029601685.1_ASM2960168v1_genomic.fna	78.2615	514	1639
B6.scaffolds.fasta.supercontigs.fna	GCA_004305025.1_ASM430502v1_genomic.fna	78.2614	501	1639
B6.scaffolds.fasta.supercontigs.fna	GCA_028613575.1_ASM2861357v1_genomic.fna	78.2607	504	1639
B6.scaffolds.fasta.supercontigs.fna	GCA_001692215.1_ASM169221v1_genomic.fna	78.2606	496	1639
B6.scaffolds.fasta.supercontigs.fna	GCA_012276615.1_ASM1227661v1_genomic.fna	78.2603	514	1639
B6.scaffolds.fasta.supercontigs.fna	GCA_000271845.1_ASM27184v1_genomic.fna	78.2603	531	1639
B6.scaffolds.fasta.supercontigs.fna	GCA_013321215.1_ASM1332121v1_genomic.fna	78.2602	511	1639
B6.scaffolds.fasta.supercontigs.fna	GCA_013321375.1_ASM1332137v1_genomic.fna	78.2602	494	1639
B6.scaffolds.fasta.supercontigs.fna	GCA_019684975.1_ASM1968497v1_genomic.fna	78.2598	485	1639
B6.scaffolds.fasta.supercontigs.fna	GCA_019778565.1_ASM1977856v1_genomic.fna	78.2594	503	1639
B6.scaffolds.fasta.supercontigs.fna	GCA_022385315.1_ASM2238531v1_genomic.fna	78.2594	496	1639
B6.scaffolds.fasta.supercontigs.fna	GCA_035971255.1_ASM3597125v1_genomic.fna	78.2586	506	1639
B6.scaffolds.fasta.supercontigs.fna	GCA_001999485.2_ASM199948v2_genomic.fna	78.2585	482	1639
B6.scaffolds.fasta.supercontigs.fna	GCA_019798165.1_ASM1979816v1_genomic.fna	78.2584	531	1639
B6.scaffolds.fasta.supercontigs.fna	GCA_012276195.1_ASM1227619v1_genomic.fna	78.2581	527	1639
B6.scaffolds.fasta.supercontigs.fna	GCA_019798745.1_ASM1979874v1_genomic.fna	78.258	484	1639
B6.scaffolds.fasta.supercontigs.fna	GCA_014194585.1_ASM1419458v1_genomic.fna	78.2577	489	1639
B6.scaffolds.fasta.supercontigs.fna	GCA_001664485.1_ASM166448v1_genomic.fna	78.2576	512	1639
B6.scaffolds.fasta.supercontigs.fna	GCA_010668605.1_ASM1066860v1_genomic.fna	78.2576	485	1639
B6.scaffolds.fasta.supercontigs.fna	GCA_014198545.1_ASM1419854v1_genomic.fna	78.2563	473	1639
B6.scaffolds.fasta.supercontigs.fna	GCA_019799615.1_ASM1979961v1_genomic.fna	78.2553	522	1639
B6.scaffolds.fasta.supercontigs.fna	GCA_010668125.1_ASM1066812v1_genomic.fna	78.2552	520	1639
B6.scaffolds.fasta.supercontigs.fna	GCA_004330535.1_ASM433053v1_genomic.fna	78.2551	490	1639
B6.scaffolds.fasta.supercontigs.fna	GCA_002243365.1_ASM224336v1_genomic.fna	78.2551	492	1639
B6.scaffolds.fasta.supercontigs.fna	GCA_003400105.1_ASM340010v1_genomic.fna	78.2549	514	1639
B6.scaffolds.fasta.supercontigs.fna	GCA_019799045.1_ASM1979904v1_genomic.fna	78.2547	530	1639
B6.scaffolds.fasta.supercontigs.fna	GCA_013321315.1_ASM1332131v1_genomic.fna	78.2547	497	1639
B6.scaffolds.fasta.supercontigs.fna	GCA_019779495.1_ASM1977949v1_genomic.fna	78.2537	513	1639
B6.scaffolds.fasta.supercontigs.fna	GCA_004329985.1_ASM432998v1_genomic.fna	78.2536	501	1639
B6.scaffolds.fasta.supercontigs.fna	GCA_014194475.1_ASM1419447v1_genomic.fna	78.2535	490	1639
B6.scaffolds.fasta.supercontigs.fna	GCA_019799555.1_ASM1979955v1_genomic.fna	78.2531	493	1639
B6.scaffolds.fasta.supercontigs.fna	GCA_017357385.1_ASM1735738v1_genomic.fna	78.2531	488	1639
B6.scaffolds.fasta.supercontigs.fna	GCA_013321475.1_ASM1332147v1_genomic.fna	78.2525	495	1639
B6.scaffolds.fasta.supercontigs.fna	GCA_019684005.1_ASM1968400v1_genomic.fna	78.2523	507	1639
B6.scaffolds.fasta.supercontigs.fna	GCA_004346285.1_ASM434628v1_genomic.fna	78.2517	519	1639
B6.scaffolds.fasta.supercontigs.fna	GCA_002277895.1_ASM227789v1_genomic.fna	78.251	470	1639
B6.scaffolds.fasta.supercontigs.fna	GCA_013391685.1_ASM1339168v1_genomic.fna	78.2509	483	1639
B6.scaffolds.fasta.supercontigs.fna	GCA_019778645.1_ASM1977864v1_genomic.fna	78.2509	516	1639
B6.scaffolds.fasta.supercontigs.fna	GCA_013321255.1_ASM1332125v1_genomic.fna	78.2506	510	1639
B6.scaffolds.fasta.supercontigs.fna	GCA_004305575.1_ASM430557v1_genomic.fna	78.2504	505	1639
B6.scaffolds.fasta.supercontigs.fna	GCA_013321365.1_ASM1332136v1_genomic.fna	78.25	505	1639
B6.scaffolds.fasta.supercontigs.fna	GCA_000385155.1_ASM38515v1_genomic.fna	78.2499	517	1639
B6.scaffolds.fasta.supercontigs.fna	GCA_012276075.1_ASM1227607v1_genomic.fna	78.2492	528	1639
B6.scaffolds.fasta.supercontigs.fna	GCA_000194195.2_RhECNPAF512_1.0_genomic.fna	78.2491	461	1639
B6.scaffolds.fasta.supercontigs.fna	GCA_019779365.1_ASM1977936v1_genomic.fna	78.2491	512	1639
B6.scaffolds.fasta.supercontigs.fna	GCA_037039395.1_CG957_Flye_genomic.fna	78.2491	473	1639
B6.scaffolds.fasta.supercontigs.fna	GCA_014194915.1_ASM1419491v1_genomic.fna	78.249	513	1639
B6.scaffolds.fasta.supercontigs.fna	GCA_017873135.1_ASM1787313v1_genomic.fna	78.2488	465	1639
B6.scaffolds.fasta.supercontigs.fna	GCA_021484745.1_ASM2148474v1_genomic.fna	78.2488	501	1639
B6.scaffolds.fasta.supercontigs.fna	GCA_007002955.1_ASM700295v1_genomic.fna	78.2487	496	1639
B6.scaffolds.fasta.supercontigs.fna	GCA_010668805.1_ASM1066880v1_genomic.fna	78.2487	500	1639
B6.scaffolds.fasta.supercontigs.fna	GCA_013321135.1_ASM1332113v1_genomic.fna	78.2485	505	1639
B6.scaffolds.fasta.supercontigs.fna	GCA_019685115.1_ASM1968511v1_genomic.fna	78.2483	491	1639
B6.scaffolds.fasta.supercontigs.fna	GCA_000426285.1_ASM42628v1_genomic.fna	78.248	428	1639
B6.scaffolds.fasta.supercontigs.fna	GCA_019778725.1_ASM1977872v1_genomic.fna	78.2475	515	1639
B6.scaffolds.fasta.supercontigs.fna	GCA_019779205.1_ASM1977920v1_genomic.fna	78.2472	506	1639
B6.scaffolds.fasta.supercontigs.fna	GCA_008501865.1_ASM850186v1_genomic.fna	78.2471	430	1639
B6.scaffolds.fasta.supercontigs.fna	GCA_012276085.1_ASM1227608v1_genomic.fna	78.2471	523	1639
B6.scaffolds.fasta.supercontigs.fna	GCA_004330225.1_ASM433022v1_genomic.fna	78.2468	490	1639
B6.scaffolds.fasta.supercontigs.fna	GCA_014198415.1_ASM1419841v1_genomic.fna	78.2462	477	1639
B6.scaffolds.fasta.supercontigs.fna	GCA_004330075.1_ASM433007v1_genomic.fna	78.2461	504	1639
B6.scaffolds.fasta.supercontigs.fna	GCA_002531615.1_ASM253161v1_genomic.fna	78.2461	517	1639
B6.scaffolds.fasta.supercontigs.fna	GCA_017584205.1_ASM1758420v1_genomic.fna	78.246	494	1639
B6.scaffolds.fasta.supercontigs.fna	GCA_024426085.1_ASM2442608v1_genomic.fna	78.2456	448	1639
B6.scaffolds.fasta.supercontigs.fna	GCA_030070225.1_ASM3007022v1_genomic.fna	78.2455	486	1639
B6.scaffolds.fasta.supercontigs.fna	GCA_019798785.1_ASM1979878v1_genomic.fna	78.2449	503	1639
B6.scaffolds.fasta.supercontigs.fna	GCA_012241405.1_ASM1224140v1_genomic.fna	78.2448	478	1639
B6.scaffolds.fasta.supercontigs.fna	GCA_014194525.1_ASM1419452v1_genomic.fna	78.2446	493	1639
B6.scaffolds.fasta.supercontigs.fna	GCA_019778745.1_ASM1977874v1_genomic.fna	78.2443	520	1639
B6.scaffolds.fasta.supercontigs.fna	GCA_013321905.1_ASM1332190v1_genomic.fna	78.2441	507	1639
B6.scaffolds.fasta.supercontigs.fna	GCA_019779285.1_ASM1977928v1_genomic.fna	78.2436	500	1639
B6.scaffolds.fasta.supercontigs.fna	GCA_013322135.1_ASM1332213v1_genomic.fna	78.243	505	1639
B6.scaffolds.fasta.supercontigs.fna	GCA_004305485.1_ASM430548v1_genomic.fna	78.2425	506	1639
B6.scaffolds.fasta.supercontigs.fna	GCA_013321225.1_ASM1332122v1_genomic.fna	78.2424	510	1639
B6.scaffolds.fasta.supercontigs.fna	GCA_000379005.1_ASM37900v1_genomic.fna	78.242	485	1639
B6.scaffolds.fasta.supercontigs.fna	GCA_013321005.1_ASM1332100v1_genomic.fna	78.242	486	1639
B6.scaffolds.fasta.supercontigs.fna	GCA_010668385.1_ASM1066838v1_genomic.fna	78.2419	479	1639
B6.scaffolds.fasta.supercontigs.fna	GCA_002953715.1_ASM295371v1_genomic.fna	78.2418	518	1639
B6.scaffolds.fasta.supercontigs.fna	GCA_004304165.1_ASM430416v1_genomic.fna	78.2418	495	1639
B6.scaffolds.fasta.supercontigs.fna	GCA_013321855.1_ASM1332185v1_genomic.fna	78.2417	503	1639
B6.scaffolds.fasta.supercontigs.fna	GCA_019778485.1_ASM1977848v1_genomic.fna	78.2417	510	1639
B6.scaffolds.fasta.supercontigs.fna	GCA_003985145.1_ASM398514v1_genomic.fna	78.2416	522	1639
B6.scaffolds.fasta.supercontigs.fna	GCA_004305085.1_ASM430508v1_genomic.fna	78.2415	508	1639
B6.scaffolds.fasta.supercontigs.fna	GCA_013321105.1_ASM1332110v1_genomic.fna	78.2406	511	1639
B6.scaffolds.fasta.supercontigs.fna	GCA_014194495.1_ASM1419449v1_genomic.fna	78.2405	483	1639
B6.scaffolds.fasta.supercontigs.fna	GCA_010365265.1_ASM1036526v1_genomic.fna	78.2405	521	1639
B6.scaffolds.fasta.supercontigs.fna	GCA_013321495.1_ASM1332149v1_genomic.fna	78.2403	505	1639
B6.scaffolds.fasta.supercontigs.fna	GCA_016901135.1_ASM1690113v1_genomic.fna	78.2403	471	1639
B6.scaffolds.fasta.supercontigs.fna	GCA_019684275.1_ASM1968427v1_genomic.fna	78.24	472	1639
B6.scaffolds.fasta.supercontigs.fna	GCA_019799525.1_ASM1979952v1_genomic.fna	78.2399	503	1639
B6.scaffolds.fasta.supercontigs.fna	GCA_029504675.1_ASM2950467v1_genomic.fna	78.2398	506	1639
B6.scaffolds.fasta.supercontigs.fna	GCA_023006555.1_ASM2300655v1_genomic.fna	78.2396	480	1639
B6.scaffolds.fasta.supercontigs.fna	GCA_004304335.1_ASM430433v1_genomic.fna	78.2396	487	1639
B6.scaffolds.fasta.supercontigs.fna	GCA_013087515.1_ASM1308751v1_genomic.fna	78.2391	503	1639
B6.scaffolds.fasta.supercontigs.fna	GCA_004329795.1_ASM432979v1_genomic.fna	78.239	502	1639
B6.scaffolds.fasta.supercontigs.fna	GCA_013321835.1_ASM1332183v1_genomic.fna	78.2389	499	1639
B6.scaffolds.fasta.supercontigs.fna	GCA_009744115.1_ASM974411v1_genomic.fna	78.2384	465	1639
B6.scaffolds.fasta.supercontigs.fna	GCA_004330935.1_ASM433093v1_genomic.fna	78.2378	487	1639
B6.scaffolds.fasta.supercontigs.fna	GCA_002531645.1_ASM253164v1_genomic.fna	78.2378	521	1639
B6.scaffolds.fasta.supercontigs.fna	GCA_013321935.1_ASM1332193v1_genomic.fna	78.2377	504	1639
B6.scaffolds.fasta.supercontigs.fna	GCA_029194025.1_ASM2919402v1_genomic.fna	78.2375	503	1639
B6.scaffolds.fasta.supercontigs.fna	GCA_013321075.1_ASM1332107v1_genomic.fna	78.2375	502	1639
B6.scaffolds.fasta.supercontigs.fna	GCA_004304975.1_ASM430497v1_genomic.fna	78.2375	508	1639
B6.scaffolds.fasta.supercontigs.fna	GCA_032464805.1_ASM3246480v1_genomic.fna	78.2374	513	1639
B6.scaffolds.fasta.supercontigs.fna	GCA_014198655.1_ASM1419865v1_genomic.fna	78.2373	479	1639
B6.scaffolds.fasta.supercontigs.fna	GCA_013321975.1_ASM1332197v1_genomic.fna	78.2369	505	1639
B6.scaffolds.fasta.supercontigs.fna	GCA_019778985.1_ASM1977898v1_genomic.fna	78.2368	514	1639
B6.scaffolds.fasta.supercontigs.fna	GCA_004330735.1_ASM433073v1_genomic.fna	78.2366	489	1639
B6.scaffolds.fasta.supercontigs.fna	GCA_013322065.1_ASM1332206v1_genomic.fna	78.2364	506	1639
B6.scaffolds.fasta.supercontigs.fna	GCA_013317335.1_ASM1331733v1_genomic.fna	78.2357	439	1639
B6.scaffolds.fasta.supercontigs.fna	GCA_023701975.1_ASM2370197v1_genomic.fna	78.2353	441	1639
B6.scaffolds.fasta.supercontigs.fna	GCA_000515375.1_ASM51537v1_genomic.fna	78.2352	491	1639
B6.scaffolds.fasta.supercontigs.fna	GCA_004329785.1_ASM432978v1_genomic.fna	78.2352	503	1639
B6.scaffolds.fasta.supercontigs.fna	GCA_004305315.1_ASM430531v1_genomic.fna	78.2351	501	1639
B6.scaffolds.fasta.supercontigs.fna	GCA_004304155.1_ASM430415v1_genomic.fna	78.235	491	1639
B6.scaffolds.fasta.supercontigs.fna	GCA_002948295.1_ASM294829v1_genomic.fna	78.2347	491	1639
B6.scaffolds.fasta.supercontigs.fna	GCA_019793465.1_ASM1979346v1_genomic.fna	78.2344	487	1639
B6.scaffolds.fasta.supercontigs.fna	GCA_014195245.1_ASM1419524v1_genomic.fna	78.234	508	1639
B6.scaffolds.fasta.supercontigs.fna	GCA_019799435.1_ASM1979943v1_genomic.fna	78.2339	506	1639
B6.scaffolds.fasta.supercontigs.fna	GCA_014198705.1_ASM1419870v1_genomic.fna	78.2339	508	1639
B6.scaffolds.fasta.supercontigs.fna	GCA_016864595.1_ASM1686459v1_genomic.fna	78.2339	472	1639
B6.scaffolds.fasta.supercontigs.fna	GCA_019799385.1_ASM1979938v1_genomic.fna	78.2337	516	1639
B6.scaffolds.fasta.supercontigs.fna	GCA_004329885.1_ASM432988v1_genomic.fna	78.2337	499	1639
B6.scaffolds.fasta.supercontigs.fna	GCA_013322015.1_ASM1332201v1_genomic.fna	78.2326	504	1639
B6.scaffolds.fasta.supercontigs.fna	GCA_032073445.1_ASM3207344v1_genomic.fna	78.2326	403	1639
B6.scaffolds.fasta.supercontigs.fna	GCA_014200135.1_ASM1420013v1_genomic.fna	78.2325	452	1639
B6.scaffolds.fasta.supercontigs.fna	GCA_013321575.1_ASM1332157v1_genomic.fna	78.2318	498	1639
B6.scaffolds.fasta.supercontigs.fna	GCA_004330915.1_ASM433091v1_genomic.fna	78.2315	494	1639
B6.scaffolds.fasta.supercontigs.fna	GCA_001664285.1_ASM166428v1_genomic.fna	78.2312	487	1639
B6.scaffolds.fasta.supercontigs.fna	GCA_001541345.2_ASM154134v2_genomic.fna	78.2312	431	1639
B6.scaffolds.fasta.supercontigs.fna	GCA_003938655.1_ASM393865v1_genomic.fna	78.231	471	1639
B6.scaffolds.fasta.supercontigs.fna	GCA_014193305.1_ASM1419330v1_genomic.fna	78.2306	373	1639
B6.scaffolds.fasta.supercontigs.fna	GCA_021559735.1_ASM2155973v1_genomic.fna	78.2305	429	1639
B6.scaffolds.fasta.supercontigs.fna	GCA_013317435.1_ASM1331743v1_genomic.fna	78.2296	445	1639
B6.scaffolds.fasta.supercontigs.fna	GCA_000373025.1_ASM37302v1_genomic.fna	78.2295	490	1639
B6.scaffolds.fasta.supercontigs.fna	GCA_003985205.1_ASM398520v1_genomic.fna	78.2295	520	1639
B6.scaffolds.fasta.supercontigs.fna	GCA_002008155.1_ASM200815v1_genomic.fna	78.2294	487	1639
B6.scaffolds.fasta.supercontigs.fna	GCA_013321665.1_ASM1332166v1_genomic.fna	78.2293	497	1639
B6.scaffolds.fasta.supercontigs.fna	GCA_019793455.1_ASM1979345v1_genomic.fna	78.2286	482	1639
B6.scaffolds.fasta.supercontigs.fna	GCA_009744135.1_ASM974413v1_genomic.fna	78.2285	445	1639
B6.scaffolds.fasta.supercontigs.fna	GCA_019799245.1_ASM1979924v1_genomic.fna	78.2282	522	1639
B6.scaffolds.fasta.supercontigs.fna	GCA_007002795.1_ASM700279v1_genomic.fna	78.2282	506	1639
B6.scaffolds.fasta.supercontigs.fna	GCA_004330105.1_ASM433010v1_genomic.fna	78.228	494	1639
B6.scaffolds.fasta.supercontigs.fna	GCA_002531715.1_ASM253171v1_genomic.fna	78.2279	483	1639
B6.scaffolds.fasta.supercontigs.fna	GCA_004304585.1_ASM430458v1_genomic.fna	78.2277	511	1639
B6.scaffolds.fasta.supercontigs.fna	GCA_004303215.1_ASM430321v1_genomic.fna	78.2276	496	1639
B6.scaffolds.fasta.supercontigs.fna	GCA_019779625.1_ASM1977962v1_genomic.fna	78.2275	508	1639
B6.scaffolds.fasta.supercontigs.fna	GCA_000271825.1_ASM27182v1_genomic.fna	78.2274	492	1639
B6.scaffolds.fasta.supercontigs.fna	GCA_014200155.1_ASM1420015v1_genomic.fna	78.2274	458	1639
B6.scaffolds.fasta.supercontigs.fna	GCA_019684215.1_ASM1968421v1_genomic.fna	78.227	444	1639
B6.scaffolds.fasta.supercontigs.fna	GCA_012276015.1_ASM1227601v1_genomic.fna	78.2265	524	1639
B6.scaffolds.fasta.supercontigs.fna	GCA_010668395.1_ASM1066839v1_genomic.fna	78.2264	492	1639
B6.scaffolds.fasta.supercontigs.fna	GCA_014198695.1_ASM1419869v1_genomic.fna	78.2261	485	1639
B6.scaffolds.fasta.supercontigs.fna	GCA_013322025.1_ASM1332202v1_genomic.fna	78.226	511	1639
B6.scaffolds.fasta.supercontigs.fna	GCA_004330745.1_ASM433074v1_genomic.fna	78.226	479	1639
B6.scaffolds.fasta.supercontigs.fna	GCA_012275975.1_ASM1227597v1_genomic.fna	78.2253	492	1639
B6.scaffolds.fasta.supercontigs.fna	GCA_004330205.1_ASM433020v1_genomic.fna	78.2253	486	1639
B6.scaffolds.fasta.supercontigs.fna	GCA_001295785.1_ASM129578v1_genomic.fna	78.2252	439	1639
B6.scaffolds.fasta.supercontigs.fna	GCA_013321655.1_ASM1332165v1_genomic.fna	78.2252	493	1639
B6.scaffolds.fasta.supercontigs.fna	GCA_013321045.1_ASM1332104v1_genomic.fna	78.2246	507	1639
B6.scaffolds.fasta.supercontigs.fna	GCA_013321865.1_ASM1332186v1_genomic.fna	78.2245	497	1639
B6.scaffolds.fasta.supercontigs.fna	GCA_004330755.1_ASM433075v1_genomic.fna	78.2245	492	1639
B6.scaffolds.fasta.supercontigs.fna	GCA_000281735.1_ASM28173v1_genomic.fna	78.2243	493	1639
B6.scaffolds.fasta.supercontigs.fna	GCA_019798915.1_ASM1979891v1_genomic.fna	78.2242	504	1639
B6.scaffolds.fasta.supercontigs.fna	GCA_001860215.2_T1-7_v2_genomic.fna	78.2241	458	1639
B6.scaffolds.fasta.supercontigs.fna	GCA_004330545.1_ASM433054v1_genomic.fna	78.2239	486	1639
B6.scaffolds.fasta.supercontigs.fna	GCA_001664345.1_ASM166434v1_genomic.fna	78.2235	489	1639
B6.scaffolds.fasta.supercontigs.fna	GCA_014198335.1_ASM1419833v1_genomic.fna	78.223	497	1639
B6.scaffolds.fasta.supercontigs.fna	GCA_013321425.1_ASM1332142v1_genomic.fna	78.2229	510	1639
B6.scaffolds.fasta.supercontigs.fna	GCA_014198115.1_ASM1419811v1_genomic.fna	78.2228	478	1639
B6.scaffolds.fasta.supercontigs.fna	GCA_013321185.1_ASM1332118v1_genomic.fna	78.2225	510	1639
B6.scaffolds.fasta.supercontigs.fna	GCA_019798725.1_ASM1979872v1_genomic.fna	78.2222	488	1639
B6.scaffolds.fasta.supercontigs.fna	GCA_012276535.1_ASM1227653v1_genomic.fna	78.2221	508	1639
B6.scaffolds.fasta.supercontigs.fna	GCA_004330175.1_ASM433017v1_genomic.fna	78.2217	494	1639
B6.scaffolds.fasta.supercontigs.fna	GCA_019798595.1_ASM1979859v1_genomic.fna	78.2214	479	1639
B6.scaffolds.fasta.supercontigs.fna	GCA_001664325.1_ASM166432v1_genomic.fna	78.2213	487	1639
B6.scaffolds.fasta.supercontigs.fna	GCA_019779465.1_ASM1977946v1_genomic.fna	78.2212	515	1639
B6.scaffolds.fasta.supercontigs.fna	GCA_019779765.1_ASM1977976v1_genomic.fna	78.2212	507	1639
B6.scaffolds.fasta.supercontigs.fna	GCA_009744335.1_ASM974433v1_genomic.fna	78.2208	449	1639
B6.scaffolds.fasta.supercontigs.fna	GCA_014727215.1_ASM1472721v1_genomic.fna	78.2208	430	1639
B6.scaffolds.fasta.supercontigs.fna	GCA_002531855.1_ASM253185v1_genomic.fna	78.2206	484	1639
B6.scaffolds.fasta.supercontigs.fna	GCA_019778435.1_ASM1977843v1_genomic.fna	78.2206	512	1639
B6.scaffolds.fasta.supercontigs.fna	GCA_001296045.1_ASM129604v1_genomic.fna	78.2203	421	1639
B6.scaffolds.fasta.supercontigs.fna	GCA_002914525.1_ASM291452v1_genomic.fna	78.2202	484	1639
B6.scaffolds.fasta.supercontigs.fna	GCA_019798205.1_ASM1979820v1_genomic.fna	78.22	520	1639
B6.scaffolds.fasta.supercontigs.fna	GCA_012275785.1_ASM1227578v1_genomic.fna	78.2199	515	1639
B6.scaffolds.fasta.supercontigs.fna	GCA_004305865.1_ASM430586v1_genomic.fna	78.2194	503	1639
B6.scaffolds.fasta.supercontigs.fna	GCA_000172695.2_ASM17269v2_genomic.fna	78.2194	493	1639
B6.scaffolds.fasta.supercontigs.fna	GCA_014197955.1_ASM1419795v1_genomic.fna	78.2191	501	1639
B6.scaffolds.fasta.supercontigs.fna	GCA_019798095.1_ASM1979809v1_genomic.fna	78.2191	509	1639
B6.scaffolds.fasta.supercontigs.fna	GCA_004330555.1_ASM433055v1_genomic.fna	78.2191	486	1639
B6.scaffolds.fasta.supercontigs.fna	GCA_001724035.1_ASM172403v1_genomic.fna	78.2189	440	1639
B6.scaffolds.fasta.supercontigs.fna	GCA_004305475.1_ASM430547v1_genomic.fna	78.2187	500	1639
B6.scaffolds.fasta.supercontigs.fna	GCA_013321745.1_ASM1332174v1_genomic.fna	78.2187	504	1639
B6.scaffolds.fasta.supercontigs.fna	GCA_019778905.1_ASM1977890v1_genomic.fna	78.2187	518	1639
B6.scaffolds.fasta.supercontigs.fna	GCA_021052345.1_ASM2105234v1_genomic.fna	78.2187	514	1639
B6.scaffolds.fasta.supercontigs.fna	GCA_034720605.1_ASM3472060v1_genomic.fna	78.2184	468	1639
B6.scaffolds.fasta.supercontigs.fna	GCA_003058385.1_ASM305838v1_genomic.fna	78.2184	488	1639
B6.scaffolds.fasta.supercontigs.fna	GCA_001664205.1_ASM166420v1_genomic.fna	78.2184	495	1639
B6.scaffolds.fasta.supercontigs.fna	GCA_019779155.1_ASM1977915v1_genomic.fna	78.2183	503	1639
B6.scaffolds.fasta.supercontigs.fna	GCA_019685075.1_ASM1968507v1_genomic.fna	78.2182	483	1639
B6.scaffolds.fasta.supercontigs.fna	GCA_014197475.1_ASM1419747v1_genomic.fna	78.2176	523	1639
B6.scaffolds.fasta.supercontigs.fna	GCA_019798705.1_ASM1979870v1_genomic.fna	78.2173	495	1639
B6.scaffolds.fasta.supercontigs.fna	GCA_019778065.1_ASM1977806v1_genomic.fna	78.2168	492	1639
B6.scaffolds.fasta.supercontigs.fna	GCA_013322155.1_ASM1332215v1_genomic.fna	78.2166	519	1639
B6.scaffolds.fasta.supercontigs.fna	GCA_024808055.1_ASM2480805v1_genomic.fna	78.2165	384	1639
B6.scaffolds.fasta.supercontigs.fna	GCA_001664125.1_ASM166412v1_genomic.fna	78.2165	490	1639
B6.scaffolds.fasta.supercontigs.fna	GCA_010668245.1_ASM1066824v1_genomic.fna	78.2165	494	1639
B6.scaffolds.fasta.supercontigs.fna	GCA_032918275.1_ASM3291827v1_genomic.fna	78.2164	488	1639
B6.scaffolds.fasta.supercontigs.fna	GCA_019798585.1_ASM1979858v1_genomic.fna	78.2163	500	1639
B6.scaffolds.fasta.supercontigs.fna	GCA_019779485.1_ASM1977948v1_genomic.fna	78.2162	514	1639
B6.scaffolds.fasta.supercontigs.fna	GCA_004304495.1_ASM430449v1_genomic.fna	78.2161	506	1639
B6.scaffolds.fasta.supercontigs.fna	GCA_005860925.2_ASM586092v2_genomic.fna	78.2161	526	1639
B6.scaffolds.fasta.supercontigs.fna	GCA_001612535.1_ASM161253v1_genomic.fna	78.2161	504	1639
B6.scaffolds.fasta.supercontigs.fna	GCA_012275855.1_ASM1227585v1_genomic.fna	78.2161	516	1639
B6.scaffolds.fasta.supercontigs.fna	GCA_019799345.1_ASM1979934v1_genomic.fna	78.2157	526	1639
B6.scaffolds.fasta.supercontigs.fna	GCA_003939025.1_ASM393902v1_genomic.fna	78.2154	482	1639
B6.scaffolds.fasta.supercontigs.fna	GCA_019779325.1_ASM1977932v1_genomic.fna	78.2152	525	1639
B6.scaffolds.fasta.supercontigs.fna	GCA_019799695.1_ASM1979969v1_genomic.fna	78.2151	531	1639
B6.scaffolds.fasta.supercontigs.fna	GCA_012275435.1_ASM1227543v1_genomic.fna	78.2149	468	1639
B6.scaffolds.fasta.supercontigs.fna	GCA_003013335.1_ASM301333v1_genomic.fna	78.2148	485	1639
B6.scaffolds.fasta.supercontigs.fna	GCA_013321415.1_ASM1332141v1_genomic.fna	78.2144	502	1639
B6.scaffolds.fasta.supercontigs.fna	GCA_004330265.1_ASM433026v1_genomic.fna	78.2142	488	1639
B6.scaffolds.fasta.supercontigs.fna	GCA_012641405.1_ASM1264140v1_genomic.fna	78.2142	467	1639
B6.scaffolds.fasta.supercontigs.fna	GCA_004329875.1_ASM432987v1_genomic.fna	78.214	477	1639
B6.scaffolds.fasta.supercontigs.fna	GCA_002944315.1_ASM294431v1_genomic.fna	78.2138	447	1639
B6.scaffolds.fasta.supercontigs.fna	GCA_009744195.1_ASM974419v1_genomic.fna	78.2136	445	1639
B6.scaffolds.fasta.supercontigs.fna	GCA_004330095.1_ASM433009v1_genomic.fna	78.2133	485	1639
B6.scaffolds.fasta.supercontigs.fna	GCA_014198195.1_ASM1419819v1_genomic.fna	78.2132	475	1639
B6.scaffolds.fasta.supercontigs.fna	GCA_025847085.1_ASM2584708v1_genomic.fna	78.2131	493	1639
B6.scaffolds.fasta.supercontigs.fna	GCA_008502005.1_ASM850200v1_genomic.fna	78.2129	431	1639
B6.scaffolds.fasta.supercontigs.fna	GCA_900176345.1_IMG-taxon_2716884867_annotated_assembly_genomic.fna	78.2129	467	1639
B6.scaffolds.fasta.supercontigs.fna	GCA_009744295.1_ASM974429v1_genomic.fna	78.2127	452	1639
B6.scaffolds.fasta.supercontigs.fna	GCA_004303345.1_ASM430334v1_genomic.fna	78.2127	503	1639
B6.scaffolds.fasta.supercontigs.fna	GCA_019799425.1_ASM1979942v1_genomic.fna	78.2127	525	1639
B6.scaffolds.fasta.supercontigs.fna	GCA_019778965.1_ASM1977896v1_genomic.fna	78.2125	513	1639
B6.scaffolds.fasta.supercontigs.fna	GCA_009744155.1_ASM974415v1_genomic.fna	78.2124	444	1639
B6.scaffolds.fasta.supercontigs.fna	GCA_010668355.1_ASM1066835v1_genomic.fna	78.2124	483	1639
B6.scaffolds.fasta.supercontigs.fna	GCA_002531775.1_ASM253177v1_genomic.fna	78.2123	489	1639
B6.scaffolds.fasta.supercontigs.fna	GCA_014189555.1_ASM1418955v1_genomic.fna	78.2121	494	1639
B6.scaffolds.fasta.supercontigs.fna	GCA_022354505.1_ASM2235450v1_genomic.fna	78.2119	507	1639
B6.scaffolds.fasta.supercontigs.fna	GCA_007002985.1_ASM700298v1_genomic.fna	78.2118	510	1639
B6.scaffolds.fasta.supercontigs.fna	GCA_004330865.1_ASM433086v1_genomic.fna	78.2115	486	1639
B6.scaffolds.fasta.supercontigs.fna	GCA_001426665.1_Root1334_genomic.fna	78.2115	446	1639
B6.scaffolds.fasta.supercontigs.fna	GCA_026105885.1_ASM2610588v1_genomic.fna	78.2112	496	1639
B6.scaffolds.fasta.supercontigs.fna	GCA_004341765.1_ASM434176v1_genomic.fna	78.2111	445	1639
B6.scaffolds.fasta.supercontigs.fna	GCA_036964845.1_ASM3696484v1_genomic.fna	78.211	516	1639
B6.scaffolds.fasta.supercontigs.fna	GCA_019798355.1_ASM1979835v1_genomic.fna	78.2105	497	1639
B6.scaffolds.fasta.supercontigs.fna	GCA_014198355.1_ASM1419835v1_genomic.fna	78.2104	501	1639
B6.scaffolds.fasta.supercontigs.fna	GCA_019798425.1_ASM1979842v1_genomic.fna	78.2102	483	1639
B6.scaffolds.fasta.supercontigs.fna	GCA_019799085.1_ASM1979908v1_genomic.fna	78.2102	517	1639
B6.scaffolds.fasta.supercontigs.fna	GCA_001664465.1_ASM166446v1_genomic.fna	78.2101	487	1639
B6.scaffolds.fasta.supercontigs.fna	GCA_004330855.1_ASM433085v1_genomic.fna	78.2101	493	1639
B6.scaffolds.fasta.supercontigs.fna	GCA_012276355.1_ASM1227635v1_genomic.fna	78.2098	514	1639
B6.scaffolds.fasta.supercontigs.fna	GCA_014198015.1_ASM1419801v1_genomic.fna	78.2097	506	1639
B6.scaffolds.fasta.supercontigs.fna	GCA_025200735.1_ASM2520073v1_genomic.fna	78.2097	450	1639
B6.scaffolds.fasta.supercontigs.fna	GCA_020224115.1_ASM2022411v1_genomic.fna	78.2088	522	1639
B6.scaffolds.fasta.supercontigs.fna	GCA_019778125.1_ASM1977812v1_genomic.fna	78.2086	488	1639
B6.scaffolds.fasta.supercontigs.fna	GCA_009744255.1_ASM974425v1_genomic.fna	78.2085	446	1639
B6.scaffolds.fasta.supercontigs.fna	GCA_019778145.1_ASM1977814v1_genomic.fna	78.2084	488	1639
B6.scaffolds.fasta.supercontigs.fna	GCA_019799505.1_ASM1979950v1_genomic.fna	78.2084	532	1639
B6.scaffolds.fasta.supercontigs.fna	GCA_019778165.1_ASM1977816v1_genomic.fna	78.2084	488	1639
B6.scaffolds.fasta.supercontigs.fna	GCA_019779785.1_ASM1977978v1_genomic.fna	78.2083	528	1639
B6.scaffolds.fasta.supercontigs.fna	GCA_019799055.1_ASM1979905v1_genomic.fna	78.2078	518	1639
B6.scaffolds.fasta.supercontigs.fna	GCA_004329905.1_ASM432990v1_genomic.fna	78.2078	486	1639
B6.scaffolds.fasta.supercontigs.fna	GCA_001425605.1_Leaf453_genomic.fna	78.2078	467	1639
B6.scaffolds.fasta.supercontigs.fna	GCA_012276585.1_ASM1227658v1_genomic.fna	78.2077	516	1639
B6.scaffolds.fasta.supercontigs.fna	GCA_017948245.1_ASM1794824v1_genomic.fna	78.2074	464	1639
B6.scaffolds.fasta.supercontigs.fna	GCA_021397605.1_ASM2139760v1_genomic.fna	78.2073	488	1639
B6.scaffolds.fasta.supercontigs.fna	GCA_004305755.1_ASM430575v1_genomic.fna	78.207	493	1639
B6.scaffolds.fasta.supercontigs.fna	GCA_014200235.1_ASM1420023v1_genomic.fna	78.2069	476	1639
B6.scaffolds.fasta.supercontigs.fna	GCA_019779535.1_ASM1977953v1_genomic.fna	78.206	527	1639
B6.scaffolds.fasta.supercontigs.fna	GCA_022487505.1_ASM2248750v1_genomic.fna	78.2059	503	1639
B6.scaffolds.fasta.supercontigs.fna	GCA_012276275.1_ASM1227627v1_genomic.fna	78.2059	521	1639
B6.scaffolds.fasta.supercontigs.fna	GCA_020166565.1_ASM2016656v1_genomic.fna	78.2055	388	1639
B6.scaffolds.fasta.supercontigs.fna	GCA_004303335.1_ASM430333v1_genomic.fna	78.2052	506	1639
B6.scaffolds.fasta.supercontigs.fna	GCA_012275345.1_ASM1227534v1_genomic.fna	78.2051	469	1639
B6.scaffolds.fasta.supercontigs.fna	GCA_019798645.1_ASM1979864v1_genomic.fna	78.205	497	1639
B6.scaffolds.fasta.supercontigs.fna	GCA_004303125.1_ASM430312v1_genomic.fna	78.205	498	1639
B6.scaffolds.fasta.supercontigs.fna	GCA_001854865.1_ASM185486v1_genomic.fna	78.2049	479	1639
B6.scaffolds.fasta.supercontigs.fna	GCA_036964765.1_ASM3696476v1_genomic.fna	78.2048	518	1639
B6.scaffolds.fasta.supercontigs.fna	GCA_014207035.1_ASM1420703v1_genomic.fna	78.2045	504	1639
B6.scaffolds.fasta.supercontigs.fna	GCA_001424505.1_Leaf391_genomic.fna	78.2045	464	1639
B6.scaffolds.fasta.supercontigs.fna	GCA_004306555.1_ASM430655v1_genomic.fna	78.2042	504	1639
B6.scaffolds.fasta.supercontigs.fna	GCA_009755765.1_ASM975576v1_genomic.fna	78.2042	493	1639
B6.scaffolds.fasta.supercontigs.fna	GCA_004305615.1_ASM430561v1_genomic.fna	78.2042	513	1639
B6.scaffolds.fasta.supercontigs.fna	GCA_030268365.1_ASM3026836v1_genomic.fna	78.2042	468	1639
B6.scaffolds.fasta.supercontigs.fna	GCA_012276225.1_ASM1227622v1_genomic.fna	78.2041	512	1639
B6.scaffolds.fasta.supercontigs.fna	GCA_000816125.1_ASM81612v1_genomic.fna	78.2038	489	1639
B6.scaffolds.fasta.supercontigs.fna	GCA_014198735.1_ASM1419873v1_genomic.fna	78.2035	482	1639
B6.scaffolds.fasta.supercontigs.fna	GCA_035925625.1_ASM3592562v1_genomic.fna	78.2027	520	1639
B6.scaffolds.fasta.supercontigs.fna	GCA_024385575.1_ASM2438557v1_genomic.fna	78.2024	431	1639
B6.scaffolds.fasta.supercontigs.fna	GCA_004329895.1_ASM432989v1_genomic.fna	78.2022	485	1639
B6.scaffolds.fasta.supercontigs.fna	GCA_035920505.1_ASM3592050v1_genomic.fna	78.2021	520	1639
B6.scaffolds.fasta.supercontigs.fna	GCA_029892905.1_ASM2989290v1_genomic.fna	78.2019	497	1639
B6.scaffolds.fasta.supercontigs.fna	GCA_000021345.1_ASM2134v1_genomic.fna	78.2019	510	1639
B6.scaffolds.fasta.supercontigs.fna	GCA_001429075.1_Root73_genomic.fna	78.2017	446	1639
B6.scaffolds.fasta.supercontigs.fna	GCA_013004195.1_ASM1300419v1_genomic.fna	78.2015	508	1639
B6.scaffolds.fasta.supercontigs.fna	GCA_019779435.1_ASM1977943v1_genomic.fna	78.2012	527	1639
B6.scaffolds.fasta.supercontigs.fna	GCA_001657485.1_ASM165748v1_genomic.fna	78.2012	513	1639
B6.scaffolds.fasta.supercontigs.fna	GCA_003627795.1_ASM362779v1_genomic.fna	78.201	471	1639
B6.scaffolds.fasta.supercontigs.fna	GCA_004330185.1_ASM433018v1_genomic.fna	78.201	485	1639
B6.scaffolds.fasta.supercontigs.fna	GCA_012276335.1_ASM1227633v1_genomic.fna	78.201	529	1639
B6.scaffolds.fasta.supercontigs.fna	GCA_012276375.1_ASM1227637v1_genomic.fna	78.2006	500	1639
B6.scaffolds.fasta.supercontigs.fna	GCA_012412905.2_ASM1241290v2_genomic.fna	78.2006	492	1639
B6.scaffolds.fasta.supercontigs.fna	GCA_000520875.1_ASM52087v1_genomic.fna	78.2004	484	1639
B6.scaffolds.fasta.supercontigs.fna	GCA_017315145.1_ASM1731514v1_genomic.fna	78.2001	499	1639
B6.scaffolds.fasta.supercontigs.fna	GCA_004330715.1_ASM433071v1_genomic.fna	78.2001	492	1639
B6.scaffolds.fasta.supercontigs.fna	GCA_013321355.1_ASM1332135v1_genomic.fna	78.1996	511	1639
B6.scaffolds.fasta.supercontigs.fna	GCA_019685375.1_ASM1968537v1_genomic.fna	78.1995	460	1639
B6.scaffolds.fasta.supercontigs.fna	GCA_003985155.1_ASM398515v1_genomic.fna	78.1994	497	1639
B6.scaffolds.fasta.supercontigs.fna	GCA_009176305.1_ASM917630v1_genomic.fna	78.1993	468	1639
B6.scaffolds.fasta.supercontigs.fna	GCA_013004155.1_ASM1300415v1_genomic.fna	78.1992	481	1639
B6.scaffolds.fasta.supercontigs.fna	GCA_001664105.1_ASM166410v1_genomic.fna	78.1991	502	1639
B6.scaffolds.fasta.supercontigs.fna	GCA_011604565.1_ASM1160456v1_genomic.fna	78.1991	502	1639
B6.scaffolds.fasta.supercontigs.fna	GCA_001664225.1_ASM166422v1_genomic.fna	78.199	502	1639
B6.scaffolds.fasta.supercontigs.fna	GCA_013321455.1_ASM1332145v1_genomic.fna	78.199	513	1639
B6.scaffolds.fasta.supercontigs.fna	GCA_017357245.1_ASM1735724v1_genomic.fna	78.199	450	1639
B6.scaffolds.fasta.supercontigs.fna	GCA_000696095.1_ASM69609v1_genomic.fna	78.1988	516	1639
B6.scaffolds.fasta.supercontigs.fna	GCA_013321485.1_ASM1332148v1_genomic.fna	78.1987	504	1639
B6.scaffolds.fasta.supercontigs.fna	GCA_014200075.1_ASM1420007v1_genomic.fna	78.1981	509	1639
B6.scaffolds.fasta.supercontigs.fna	GCA_033842645.1_ASM3384264v1_genomic.fna	78.1981	493	1639
B6.scaffolds.fasta.supercontigs.fna	GCA_001424945.1_Root1203_genomic.fna	78.198	397	1639
B6.scaffolds.fasta.supercontigs.fna	GCA_900111275.1_IMG-taxon_2599185156_annotated_assembly_genomic.fna	78.1971	414	1639
B6.scaffolds.fasta.supercontigs.fna	GCA_003024605.1_ASM302460v1_genomic.fna	78.1969	422	1639
B6.scaffolds.fasta.supercontigs.fna	GCA_010119525.1_ASM1011952v1_genomic.fna	78.1967	493	1639
B6.scaffolds.fasta.supercontigs.fna	GCA_013322085.1_ASM1332208v1_genomic.fna	78.1967	519	1639
B6.scaffolds.fasta.supercontigs.fna	GCA_019798385.1_ASM1979838v1_genomic.fna	78.1963	507	1639
B6.scaffolds.fasta.supercontigs.fna	GCA_012275835.1_ASM1227583v1_genomic.fna	78.1963	499	1639
B6.scaffolds.fasta.supercontigs.fna	GCA_019685255.1_ASM1968525v1_genomic.fna	78.1963	460	1639
B6.scaffolds.fasta.supercontigs.fna	GCA_001662105.1_ASM166210v1_genomic.fna	78.196	451	1639
B6.scaffolds.fasta.supercontigs.fna	GCA_014197975.1_ASM1419797v1_genomic.fna	78.1959	477	1639
B6.scaffolds.fasta.supercontigs.fna	GCA_001692285.1_ASM169228v1_genomic.fna	78.1958	505	1639
B6.scaffolds.fasta.supercontigs.fna	GCA_004303445.1_ASM430344v1_genomic.fna	78.1951	510	1639
B6.scaffolds.fasta.supercontigs.fna	GCA_010668425.1_ASM1066842v1_genomic.fna	78.1951	493	1639
B6.scaffolds.fasta.supercontigs.fna	GCA_000271785.1_ASM27178v1_genomic.fna	78.195	513	1639
B6.scaffolds.fasta.supercontigs.fna	GCA_014198775.1_ASM1419877v1_genomic.fna	78.195	438	1639
B6.scaffolds.fasta.supercontigs.fna	GCA_032464655.1_ASM3246465v1_genomic.fna	78.1949	526	1639
B6.scaffolds.fasta.supercontigs.fna	GCA_019798485.1_ASM1979848v1_genomic.fna	78.1948	489	1639
B6.scaffolds.fasta.supercontigs.fna	GCA_014202125.1_ASM1420212v1_genomic.fna	78.1948	490	1639
B6.scaffolds.fasta.supercontigs.fna	GCA_014193935.1_ASM1419393v1_genomic.fna	78.1948	460	1639
B6.scaffolds.fasta.supercontigs.fna	GCA_001664545.1_ASM166454v1_genomic.fna	78.1948	484	1639
B6.scaffolds.fasta.supercontigs.fna	GCA_001679565.1_ASM167956v1_genomic.fna	78.1943	502	1639
B6.scaffolds.fasta.supercontigs.fna	GCA_023006545.1_ASM2300654v1_genomic.fna	78.1941	490	1639
B6.scaffolds.fasta.supercontigs.fna	GCA_019798825.1_ASM1979882v1_genomic.fna	78.1941	524	1639
B6.scaffolds.fasta.supercontigs.fna	GCA_013320995.1_ASM1332099v1_genomic.fna	78.1941	513	1639
B6.scaffolds.fasta.supercontigs.fna	GCA_014191925.1_ASM1419192v1_genomic.fna	78.1936	481	1639
B6.scaffolds.fasta.supercontigs.fna	GCA_019799285.1_ASM1979928v1_genomic.fna	78.1933	530	1639
B6.scaffolds.fasta.supercontigs.fna	GCA_005862185.2_ASM586218v2_genomic.fna	78.1932	497	1639
B6.scaffolds.fasta.supercontigs.fna	GCA_001664525.1_ASM166452v1_genomic.fna	78.1931	486	1639
B6.scaffolds.fasta.supercontigs.fna	GCA_900094585.1_IMG-taxon_2615840698_annotated_assembly_genomic.fna	78.1924	495	1639
B6.scaffolds.fasta.supercontigs.fna	GCA_001664265.1_ASM166426v1_genomic.fna	78.1923	490	1639
B6.scaffolds.fasta.supercontigs.fna	GCA_019793435.1_ASM1979343v1_genomic.fna	78.1922	500	1639
B6.scaffolds.fasta.supercontigs.fna	GCA_012275595.1_ASM1227559v1_genomic.fna	78.192	492	1639
B6.scaffolds.fasta.supercontigs.fna	GCA_019779385.1_ASM1977938v1_genomic.fna	78.1919	529	1639
B6.scaffolds.fasta.supercontigs.fna	GCA_005222835.1_ASM522283v1_genomic.fna	78.1918	399	1639
B6.scaffolds.fasta.supercontigs.fna	GCA_014197535.1_ASM1419753v1_genomic.fna	78.1917	473	1639
B6.scaffolds.fasta.supercontigs.fna	GCA_019798445.1_ASM1979844v1_genomic.fna	78.1916	476	1639
B6.scaffolds.fasta.supercontigs.fna	GCA_002008365.1_ASM200836v1_genomic.fna	78.1916	492	1639
B6.scaffolds.fasta.supercontigs.fna	GCA_019798945.1_ASM1979894v1_genomic.fna	78.1916	501	1639
B6.scaffolds.fasta.supercontigs.fna	GCA_900156055.1_IMG-taxon_2708742397_annotated_assembly_genomic.fna	78.1913	442	1639
B6.scaffolds.fasta.supercontigs.fna	GCA_019778695.1_ASM1977869v1_genomic.fna	78.1908	533	1639
B6.scaffolds.fasta.supercontigs.fna	GCA_014205785.1_ASM1420578v1_genomic.fna	78.1903	509	1639
B6.scaffolds.fasta.supercontigs.fna	GCA_013321695.1_ASM1332169v1_genomic.fna	78.1903	514	1639
B6.scaffolds.fasta.supercontigs.fna	GCA_013087625.1_ASM1308762v1_genomic.fna	78.1899	500	1639
B6.scaffolds.fasta.supercontigs.fna	GCA_019799025.1_ASM1979902v1_genomic.fna	78.1899	520	1639
B6.scaffolds.fasta.supercontigs.fna	GCA_000577275.2_LPU83_genomic.fna	78.1899	411	1639
B6.scaffolds.fasta.supercontigs.fna	GCA_000799715.1_ASM79971v1_genomic.fna	78.1898	496	1639
B6.scaffolds.fasta.supercontigs.fna	GCA_001005825.1_ASM100582v1_genomic.fna	78.1897	504	1639
B6.scaffolds.fasta.supercontigs.fna	GCA_019685215.1_ASM1968521v1_genomic.fna	78.1897	462	1639
B6.scaffolds.fasta.supercontigs.fna	GCA_017357305.1_ASM1735730v1_genomic.fna	78.1894	536	1639
B6.scaffolds.fasta.supercontigs.fna	GCA_012241485.1_ASM1224148v1_genomic.fna	78.1889	489	1639
B6.scaffolds.fasta.supercontigs.fna	GCA_014138515.1_ASM1413851v1_genomic.fna	78.1884	499	1639
B6.scaffolds.fasta.supercontigs.fna	GCA_000371905.1_ASM37190v1_genomic.fna	78.1878	507	1639
B6.scaffolds.fasta.supercontigs.fna	GCA_019798765.1_ASM1979876v1_genomic.fna	78.1876	492	1639
B6.scaffolds.fasta.supercontigs.fna	GCA_025200775.1_ASM2520077v1_genomic.fna	78.1872	497	1639
B6.scaffolds.fasta.supercontigs.fna	GCA_001664085.1_ASM166408v1_genomic.fna	78.187	489	1639
B6.scaffolds.fasta.supercontigs.fna	GCA_013337045.2_ASM1333704v2_genomic.fna	78.187	461	1639
B6.scaffolds.fasta.supercontigs.fna	GCA_019778425.1_ASM1977842v1_genomic.fna	78.1865	532	1639
B6.scaffolds.fasta.supercontigs.fna	GCA_004303615.1_ASM430361v1_genomic.fna	78.186	507	1639
B6.scaffolds.fasta.supercontigs.fna	GCA_013317325.1_ASM1331732v1_genomic.fna	78.1858	452	1639
B6.scaffolds.fasta.supercontigs.fna	GCA_001679785.1_ASM167978v1_genomic.fna	78.1852	509	1639
B6.scaffolds.fasta.supercontigs.fna	GCA_013087615.1_ASM1308761v1_genomic.fna	78.185	515	1639
B6.scaffolds.fasta.supercontigs.fna	GCA_013004185.1_ASM1300418v1_genomic.fna	78.1849	498	1639
B6.scaffolds.fasta.supercontigs.fna	GCA_035965735.1_ASM3596573v1_genomic.fna	78.1838	505	1639
B6.scaffolds.fasta.supercontigs.fna	GCA_032918285.1_ASM3291828v1_genomic.fna	78.1837	488	1639
B6.scaffolds.fasta.supercontigs.fna	GCA_019799325.1_ASM1979932v1_genomic.fna	78.1836	535	1639
B6.scaffolds.fasta.supercontigs.fna	GCA_019685185.1_ASM1968518v1_genomic.fna	78.1835	454	1639
B6.scaffolds.fasta.supercontigs.fna	GCA_011604545.1_ASM1160454v1_genomic.fna	78.1835	502	1639
B6.scaffolds.fasta.supercontigs.fna	GCA_013426945.1_ASM1342694v1_genomic.fna	78.1833	500	1639
B6.scaffolds.fasta.supercontigs.fna	GCA_001424965.1_Root1204_genomic.fna	78.1832	449	1639
B6.scaffolds.fasta.supercontigs.fna	GCA_014189535.1_ASM1418953v1_genomic.fna	78.1825	484	1639
B6.scaffolds.fasta.supercontigs.fna	GCA_012275615.1_ASM1227561v1_genomic.fna	78.1825	521	1639
B6.scaffolds.fasta.supercontigs.fna	GCA_004305375.1_ASM430537v1_genomic.fna	78.1823	504	1639
B6.scaffolds.fasta.supercontigs.fna	GCA_013321635.1_ASM1332163v1_genomic.fna	78.182	509	1639
B6.scaffolds.fasta.supercontigs.fna	GCA_019799585.1_ASM1979958v1_genomic.fna	78.1818	509	1639
B6.scaffolds.fasta.supercontigs.fna	GCA_020871915.1_ASM2087191v1_genomic.fna	78.1816	454	1639
B6.scaffolds.fasta.supercontigs.fna	GCA_003627775.1_ASM362777v1_genomic.fna	78.1814	466	1639
B6.scaffolds.fasta.supercontigs.fna	GCA_013321305.1_ASM1332130v1_genomic.fna	78.1813	515	1639
B6.scaffolds.fasta.supercontigs.fna	GCA_019778005.1_ASM1977800v1_genomic.fna	78.181	487	1639
B6.scaffolds.fasta.supercontigs.fna	GCA_001860135.2_SF93_v2_genomic.fna	78.1807	453	1639
B6.scaffolds.fasta.supercontigs.fna	GCA_019684125.1_ASM1968412v1_genomic.fna	78.1806	464	1639
B6.scaffolds.fasta.supercontigs.fna	GCA_029894085.1_ASM2989408v1_genomic.fna	78.1804	487	1639
B6.scaffolds.fasta.supercontigs.fna	GCA_004330235.1_ASM433023v1_genomic.fna	78.1804	502	1639
B6.scaffolds.fasta.supercontigs.fna	GCA_021391655.1_ASM2139165v1_genomic.fna	78.1803	489	1639
B6.scaffolds.fasta.supercontigs.fna	GCA_024748835.1_ASM2474883v1_genomic.fna	78.1801	402	1639
B6.scaffolds.fasta.supercontigs.fna	GCA_001427345.1_Root149_genomic.fna	78.18	426	1639
B6.scaffolds.fasta.supercontigs.fna	GCA_019685155.1_ASM1968515v1_genomic.fna	78.18	490	1639
B6.scaffolds.fasta.supercontigs.fna	GCA_019798865.1_ASM1979886v1_genomic.fna	78.1797	519	1639
B6.scaffolds.fasta.supercontigs.fna	GCA_012275915.1_ASM1227591v1_genomic.fna	78.1795	478	1639
B6.scaffolds.fasta.supercontigs.fna	GCA_030182455.1_ASM3018245v1_genomic.fna	78.1792	447	1639
B6.scaffolds.fasta.supercontigs.fna	GCA_030053175.1_ASM3005317v1_genomic.fna	78.1788	499	1639
B6.scaffolds.fasta.supercontigs.fna	GCA_031583895.1_ASM3158389v1_genomic.fna	78.1785	490	1639
B6.scaffolds.fasta.supercontigs.fna	GCA_013317475.1_ASM1331747v1_genomic.fna	78.1783	439	1639
B6.scaffolds.fasta.supercontigs.fna	GCA_013321035.1_ASM1332103v1_genomic.fna	78.178	516	1639
B6.scaffolds.fasta.supercontigs.fna	GCA_019511345.1_ASM1951134v1_genomic.fna	78.1778	456	1639
B6.scaffolds.fasta.supercontigs.fna	GCA_001692325.1_ASM169232v1_genomic.fna	78.1777	499	1639
B6.scaffolds.fasta.supercontigs.fna	GCA_019685035.1_ASM1968503v1_genomic.fna	78.1776	490	1639
B6.scaffolds.fasta.supercontigs.fna	GCA_036571585.1_ASM3657158v1_genomic.fna	78.177	495	1639
B6.scaffolds.fasta.supercontigs.fna	GCA_004304575.1_ASM430457v1_genomic.fna	78.1769	511	1639
B6.scaffolds.fasta.supercontigs.fna	GCA_001424085.1_Leaf386_genomic.fna	78.1768	470	1639
B6.scaffolds.fasta.supercontigs.fna	GCA_014200055.1_ASM1420005v1_genomic.fna	78.1765	507	1639
B6.scaffolds.fasta.supercontigs.fna	GCA_019798885.1_ASM1979888v1_genomic.fna	78.1765	528	1639
B6.scaffolds.fasta.supercontigs.fna	GCA_024346605.1_ASM2434660v1_genomic.fna	78.1763	533	1639
B6.scaffolds.fasta.supercontigs.fna	GCA_021391695.1_ASM2139169v1_genomic.fna	78.1751	493	1639
B6.scaffolds.fasta.supercontigs.fna	GCA_012276395.1_ASM1227639v1_genomic.fna	78.1747	498	1639
B6.scaffolds.fasta.supercontigs.fna	GCA_001424045.1_Leaf371_genomic.fna	78.1744	440	1639
B6.scaffolds.fasta.supercontigs.fna	GCA_019799125.1_ASM1979912v1_genomic.fna	78.1741	523	1639
B6.scaffolds.fasta.supercontigs.fna	GCA_009743935.1_ASM974393v1_genomic.fna	78.1739	442	1639
B6.scaffolds.fasta.supercontigs.fna	GCA_004303635.1_ASM430363v1_genomic.fna	78.1738	516	1639
B6.scaffolds.fasta.supercontigs.fna	GCA_000330885.1_ASM33088v1_genomic.fna	78.1738	469	1639
B6.scaffolds.fasta.supercontigs.fna	GCA_014198795.1_ASM1419879v1_genomic.fna	78.1738	510	1639
B6.scaffolds.fasta.supercontigs.fna	GCA_001758275.2_AB4_v2_genomic.fna	78.1735	441	1639
B6.scaffolds.fasta.supercontigs.fna	GCA_019684325.1_ASM1968432v1_genomic.fna	78.173	459	1639
B6.scaffolds.fasta.supercontigs.fna	GCA_030518245.1_ASM3051824v1_genomic.fna	78.1729	470	1639
B6.scaffolds.fasta.supercontigs.fna	GCA_001297245.1_ASM129724v1_genomic.fna	78.1728	525	1639
B6.scaffolds.fasta.supercontigs.fna	GCA_000172715.2_ASM17271v2_genomic.fna	78.1725	503	1639
B6.scaffolds.fasta.supercontigs.fna	GCA_001860205.2_RF2-1_v2_genomic.fna	78.1721	458	1639
B6.scaffolds.fasta.supercontigs.fna	GCA_012276215.1_ASM1227621v1_genomic.fna	78.172	510	1639
B6.scaffolds.fasta.supercontigs.fna	GCA_014198005.1_ASM1419800v1_genomic.fna	78.1714	506	1639
B6.scaffolds.fasta.supercontigs.fna	GCA_900067135.1_IMG-taxon_2602042090_annotated_assembly_genomic.fna	78.1709	398	1639
B6.scaffolds.fasta.supercontigs.fna	GCA_014198835.1_ASM1419883v1_genomic.fna	78.1708	485	1639
B6.scaffolds.fasta.supercontigs.fna	GCA_019779345.1_ASM1977934v1_genomic.fna	78.1706	523	1639
B6.scaffolds.fasta.supercontigs.fna	GCA_004028065.1_ASM402806v1_genomic.fna	78.1704	482	1639
B6.scaffolds.fasta.supercontigs.fna	GCA_010668825.1_ASM1066882v1_genomic.fna	78.1703	498	1639
B6.scaffolds.fasta.supercontigs.fna	GCA_017348875.1_ASM1734887v1_genomic.fna	78.1695	532	1639
B6.scaffolds.fasta.supercontigs.fna	GCA_004766535.1_ASM476653v1_genomic.fna	78.1693	462	1639
B6.scaffolds.fasta.supercontigs.fna	GCA_003351175.1_ASM335117v1_genomic.fna	78.1689	395	1639
B6.scaffolds.fasta.supercontigs.fna	GCA_019778785.1_ASM1977878v1_genomic.fna	78.1687	539	1639
B6.scaffolds.fasta.supercontigs.fna	GCA_019779395.1_ASM1977939v1_genomic.fna	78.1685	518	1639
B6.scaffolds.fasta.supercontigs.fna	GCA_013321615.1_ASM1332161v1_genomic.fna	78.1682	503	1639
B6.scaffolds.fasta.supercontigs.fna	GCA_001425145.1_Root1240_genomic.fna	78.1681	443	1639
B6.scaffolds.fasta.supercontigs.fna	GCA_019685415.1_ASM1968541v1_genomic.fna	78.1679	457	1639
B6.scaffolds.fasta.supercontigs.fna	GCA_019357455.1_ASM1935745v1_genomic.fna	78.1677	455	1639
B6.scaffolds.fasta.supercontigs.fna	GCA_019799145.1_ASM1979914v1_genomic.fna	78.1675	520	1639
B6.scaffolds.fasta.supercontigs.fna	GCA_019778805.1_ASM1977880v1_genomic.fna	78.1675	518	1639
B6.scaffolds.fasta.supercontigs.fna	GCA_021391595.1_ASM2139159v1_genomic.fna	78.1674	512	1639
B6.scaffolds.fasta.supercontigs.fna	GCA_019778835.1_ASM1977883v1_genomic.fna	78.1674	530	1639
B6.scaffolds.fasta.supercontigs.fna	GCA_004028085.1_ASM402808v1_genomic.fna	78.1673	480	1639
B6.scaffolds.fasta.supercontigs.fna	GCA_014207015.1_ASM1420701v1_genomic.fna	78.1671	436	1639
B6.scaffolds.fasta.supercontigs.fna	GCA_021559775.1_ASM2155977v1_genomic.fna	78.167	447	1639
B6.scaffolds.fasta.supercontigs.fna	GCA_013321715.1_ASM1332171v1_genomic.fna	78.1668	511	1639
B6.scaffolds.fasta.supercontigs.fna	GCA_004304535.1_ASM430453v1_genomic.fna	78.1658	494	1639
B6.scaffolds.fasta.supercontigs.fna	GCA_014193255.1_ASM1419325v1_genomic.fna	78.1651	461	1639
B6.scaffolds.fasta.supercontigs.fna	GCA_001860105.1_ASM186010v1_genomic.fna	78.1646	443	1639
B6.scaffolds.fasta.supercontigs.fna	GCA_036964825.1_ASM3696482v1_genomic.fna	78.1643	503	1639
B6.scaffolds.fasta.supercontigs.fna	GCA_019798525.1_ASM1979852v1_genomic.fna	78.1636	498	1639
B6.scaffolds.fasta.supercontigs.fna	GCA_004303875.1_ASM430387v1_genomic.fna	78.1628	487	1639
B6.scaffolds.fasta.supercontigs.fna	GCA_012641385.1_ASM1264138v1_genomic.fna	78.1623	467	1639
B6.scaffolds.fasta.supercontigs.fna	GCA_004304125.1_ASM430412v1_genomic.fna	78.1611	514	1639
B6.scaffolds.fasta.supercontigs.fna	GCA_004306415.1_ASM430641v1_genomic.fna	78.1606	517	1639
B6.scaffolds.fasta.supercontigs.fna	GCA_005862305.2_ASM586230v2_genomic.fna	78.1601	526	1639
B6.scaffolds.fasta.supercontigs.fna	GCA_025938135.1_ASM2593813v1_genomic.fna	78.16	525	1639
B6.scaffolds.fasta.supercontigs.fna	GCA_019779725.1_ASM1977972v1_genomic.fna	78.1596	523	1639
B6.scaffolds.fasta.supercontigs.fna	GCA_019780065.1_ASM1978006v1_genomic.fna	78.1594	443	1639
B6.scaffolds.fasta.supercontigs.fna	GCA_009744095.1_ASM974409v1_genomic.fna	78.159	455	1639
B6.scaffolds.fasta.supercontigs.fna	GCA_019798505.1_ASM1979850v1_genomic.fna	78.1589	492	1639
B6.scaffolds.fasta.supercontigs.fna	GCA_013317345.1_ASM1331734v1_genomic.fna	78.1589	450	1639
B6.scaffolds.fasta.supercontigs.fna	GCA_000757525.1_RRTA_genomic.fna	78.1588	480	1639
B6.scaffolds.fasta.supercontigs.fna	GCA_014198365.1_ASM1419836v1_genomic.fna	78.1584	505	1639
B6.scaffolds.fasta.supercontigs.fna	GCA_030010195.1_ASM3001019v1_genomic.fna	78.1579	501	1639
B6.scaffolds.fasta.supercontigs.fna	GCA_001675175.1_ASM167517v1_genomic.fna	78.1578	441	1639
B6.scaffolds.fasta.supercontigs.fna	GCA_013321565.1_ASM1332156v1_genomic.fna	78.1571	513	1639
B6.scaffolds.fasta.supercontigs.fna	GCA_019779565.1_ASM1977956v1_genomic.fna	78.1568	518	1639
B6.scaffolds.fasta.supercontigs.fna	GCA_012276315.1_ASM1227631v1_genomic.fna	78.1567	486	1639
B6.scaffolds.fasta.supercontigs.fna	GCA_019779585.1_ASM1977958v1_genomic.fna	78.1563	529	1639
B6.scaffolds.fasta.supercontigs.fna	GCA_029714285.1_ASM2971428v1_genomic.fna	78.1562	444	1639
B6.scaffolds.fasta.supercontigs.fna	GCA_004303985.1_ASM430398v1_genomic.fna	78.1559	495	1639
B6.scaffolds.fasta.supercontigs.fna	GCA_019798845.1_ASM1979884v1_genomic.fna	78.1558	532	1639
B6.scaffolds.fasta.supercontigs.fna	GCA_031583835.1_ASM3158383v1_genomic.fna	78.1556	489	1639
B6.scaffolds.fasta.supercontigs.fna	GCA_004304595.1_ASM430459v1_genomic.fna	78.1554	513	1639
B6.scaffolds.fasta.supercontigs.fna	GCA_019799645.1_ASM1979964v1_genomic.fna	78.1552	509	1639
B6.scaffolds.fasta.supercontigs.fna	GCA_004303775.1_ASM430377v1_genomic.fna	78.155	509	1639
B6.scaffolds.fasta.supercontigs.fna	GCA_025941605.1_ASM2594160v1_genomic.fna	78.155	509	1639
B6.scaffolds.fasta.supercontigs.fna	GCA_000799755.1_ASM79975v1_genomic.fna	78.1548	481	1639
B6.scaffolds.fasta.supercontigs.fna	GCA_011604505.1_ASM1160450v1_genomic.fna	78.1547	494	1639
B6.scaffolds.fasta.supercontigs.fna	GCA_019798955.1_ASM1979895v1_genomic.fna	78.1545	522	1639
B6.scaffolds.fasta.supercontigs.fna	GCA_017571635.3_ASM1757163v3_genomic.fna	78.1545	405	1639
B6.scaffolds.fasta.supercontigs.fna	GCA_002531755.2_ASM253175v2_genomic.fna	78.1545	534	1639
B6.scaffolds.fasta.supercontigs.fna	GCA_004304645.1_ASM430464v1_genomic.fna	78.1544	507	1639
B6.scaffolds.fasta.supercontigs.fna	GCA_003985125.1_ASM398512v1_genomic.fna	78.1544	493	1639
B6.scaffolds.fasta.supercontigs.fna	GCA_013321295.1_ASM1332129v1_genomic.fna	78.1542	519	1639
B6.scaffolds.fasta.supercontigs.fna	GCA_004304365.1_ASM430436v1_genomic.fna	78.154	483	1639
B6.scaffolds.fasta.supercontigs.fna	GCA_021559755.1_ASM2155975v1_genomic.fna	78.1539	450	1639
B6.scaffolds.fasta.supercontigs.fna	GCA_019685335.1_ASM1968533v1_genomic.fna	78.1535	468	1639
B6.scaffolds.fasta.supercontigs.fna	GCA_019684935.1_ASM1968493v1_genomic.fna	78.1534	476	1639
B6.scaffolds.fasta.supercontigs.fna	GCA_036914655.1_ASM3691465v1_genomic.fna	78.1533	502	1639
B6.scaffolds.fasta.supercontigs.fna	GCA_031455475.1_ASM3145547v1_genomic.fna	78.1533	505	1639
B6.scaffolds.fasta.supercontigs.fna	GCA_004330525.1_ASM433052v1_genomic.fna	78.153	508	1639
B6.scaffolds.fasta.supercontigs.fna	GCA_008919455.1_ASM891945v1_genomic.fna	78.1525	494	1639
B6.scaffolds.fasta.supercontigs.fna	GCA_013321095.1_ASM1332109v1_genomic.fna	78.1523	511	1639
B6.scaffolds.fasta.supercontigs.fna	GCA_004304755.1_ASM430475v1_genomic.fna	78.1522	519	1639
B6.scaffolds.fasta.supercontigs.fna	GCA_000419705.1_ASM41970v1_genomic.fna	78.1521	520	1639
B6.scaffolds.fasta.supercontigs.fna	GCA_024808825.1_ASM2480882v1_genomic.fna	78.1519	377	1639
B6.scaffolds.fasta.supercontigs.fna	GCA_019779305.1_ASM1977930v1_genomic.fna	78.1517	523	1639
B6.scaffolds.fasta.supercontigs.fna	GCA_002531905.1_ASM253190v1_genomic.fna	78.1514	507	1639
B6.scaffolds.fasta.supercontigs.fna	GCA_019778205.1_ASM1977820v1_genomic.fna	78.1513	496	1639
B6.scaffolds.fasta.supercontigs.fna	GCA_019685455.1_ASM1968545v1_genomic.fna	78.1508	462	1639
B6.scaffolds.fasta.supercontigs.fna	GCA_019779935.1_ASM1977993v1_genomic.fna	78.1507	518	1639
B6.scaffolds.fasta.supercontigs.fna	GCA_019793395.1_ASM1979339v1_genomic.fna	78.1507	504	1639
B6.scaffolds.fasta.supercontigs.fna	GCA_002531805.1_ASM253180v1_genomic.fna	78.1494	500	1639
B6.scaffolds.fasta.supercontigs.fna	GCA_019685315.1_ASM1968531v1_genomic.fna	78.1493	467	1639
B6.scaffolds.fasta.supercontigs.fna	GCA_019799605.1_ASM1979960v1_genomic.fna	78.1491	540	1639
B6.scaffolds.fasta.supercontigs.fna	GCA_004304055.1_ASM430405v1_genomic.fna	78.1491	507	1639
B6.scaffolds.fasta.supercontigs.fna	GCA_000023185.1_ASM2318v1_genomic.fna	78.1487	483	1639
B6.scaffolds.fasta.supercontigs.fna	GCA_019778295.1_ASM1977829v1_genomic.fna	78.1485	494	1639
B6.scaffolds.fasta.supercontigs.fna	GCA_019685085.1_ASM1968508v1_genomic.fna	78.1485	468	1639
B6.scaffolds.fasta.supercontigs.fna	GCA_014194575.1_ASM1419457v1_genomic.fna	78.1485	492	1639
B6.scaffolds.fasta.supercontigs.fna	GCA_004330515.1_ASM433051v1_genomic.fna	78.1477	505	1639
B6.scaffolds.fasta.supercontigs.fna	GCA_019778365.1_ASM1977836v1_genomic.fna	78.1473	487	1639
B6.scaffolds.fasta.supercontigs.fna	GCA_014194695.1_ASM1419469v1_genomic.fna	78.1464	377	1639
B6.scaffolds.fasta.supercontigs.fna	GCA_012275995.1_ASM1227599v1_genomic.fna	78.146	521	1639
B6.scaffolds.fasta.supercontigs.fna	GCA_014200035.1_ASM1420003v1_genomic.fna	78.1455	525	1639
B6.scaffolds.fasta.supercontigs.fna	GCA_024007765.1_ASM2400776v1_genomic.fna	78.1454	449	1639
B6.scaffolds.fasta.supercontigs.fna	GCA_013317445.1_ASM1331744v1_genomic.fna	78.1454	451	1639
B6.scaffolds.fasta.supercontigs.fna	GCA_004303685.1_ASM430368v1_genomic.fna	78.1447	507	1639
B6.scaffolds.fasta.supercontigs.fna	GCA_019685485.1_ASM1968548v1_genomic.fna	78.1442	468	1639
B6.scaffolds.fasta.supercontigs.fna	GCA_012275885.1_ASM1227588v1_genomic.fna	78.1439	523	1639
B6.scaffolds.fasta.supercontigs.fna	GCA_019684895.1_ASM1968489v1_genomic.fna	78.1438	474	1639
B6.scaffolds.fasta.supercontigs.fna	GCA_014197585.1_ASM1419758v1_genomic.fna	78.1436	465	1639
B6.scaffolds.fasta.supercontigs.fna	GCA_000517605.1_ASM51760v1_genomic.fna	78.1432	518	1639
B6.scaffolds.fasta.supercontigs.fna	GCA_010815565.1_ASM1081556v1_genomic.fna	78.143	466	1639
B6.scaffolds.fasta.supercontigs.fna	GCA_009744065.1_ASM974406v1_genomic.fna	78.1427	438	1639
B6.scaffolds.fasta.supercontigs.fna	GCA_000698845.1_ASM69884v1_genomic.fna	78.1425	507	1639
B6.scaffolds.fasta.supercontigs.fna	GCA_000769405.2_CC275e2020_genomic.fna	78.1421	503	1639
B6.scaffolds.fasta.supercontigs.fna	GCA_004304705.1_ASM430470v1_genomic.fna	78.142	497	1639
B6.scaffolds.fasta.supercontigs.fna	GCA_000517045.1_ASM51704v1_genomic.fna	78.1419	504	1639
B6.scaffolds.fasta.supercontigs.fna	GCA_014206965.1_ASM1420696v1_genomic.fna	78.1417	488	1639
B6.scaffolds.fasta.supercontigs.fna	GCA_021044665.1_ASM2104466v1_genomic.fna	78.1415	408	1639
B6.scaffolds.fasta.supercontigs.fna	GCA_004303155.1_ASM430315v1_genomic.fna	78.1414	513	1639
B6.scaffolds.fasta.supercontigs.fna	GCA_025152725.1_ASM2515272v1_genomic.fna	78.1412	498	1639
B6.scaffolds.fasta.supercontigs.fna	GCA_036571605.1_ASM3657160v1_genomic.fna	78.1409	499	1639
B6.scaffolds.fasta.supercontigs.fna	GCA_014207055.1_ASM1420705v1_genomic.fna	78.1405	466	1639
B6.scaffolds.fasta.supercontigs.fna	GCA_012276025.1_ASM1227602v1_genomic.fna	78.1404	522	1639
B6.scaffolds.fasta.supercontigs.fna	GCA_025941625.1_ASM2594162v1_genomic.fna	78.1402	525	1639
B6.scaffolds.fasta.supercontigs.fna	GCA_035921825.1_ASM3592182v1_genomic.fna	78.1402	517	1639
B6.scaffolds.fasta.supercontigs.fna	GCA_014194425.1_ASM1419442v1_genomic.fna	78.1396	501	1639
B6.scaffolds.fasta.supercontigs.fna	GCA_019778265.1_ASM1977826v1_genomic.fna	78.1395	491	1639
B6.scaffolds.fasta.supercontigs.fna	GCA_004304455.1_ASM430445v1_genomic.fna	78.1394	492	1639
B6.scaffolds.fasta.supercontigs.fna	GCA_004303815.1_ASM430381v1_genomic.fna	78.139	503	1639
B6.scaffolds.fasta.supercontigs.fna	GCA_019779525.1_ASM1977952v1_genomic.fna	78.1384	529	1639
B6.scaffolds.fasta.supercontigs.fna	GCA_004304955.1_ASM430495v1_genomic.fna	78.1384	503	1639
B6.scaffolds.fasta.supercontigs.fna	GCA_004304815.1_ASM430481v1_genomic.fna	78.1384	504	1639
B6.scaffolds.fasta.supercontigs.fna	GCA_004303465.1_ASM430346v1_genomic.fna	78.1383	495	1639
B6.scaffolds.fasta.supercontigs.fna	GCA_019779595.1_ASM1977959v1_genomic.fna	78.1383	521	1639
B6.scaffolds.fasta.supercontigs.fna	GCA_004028075.1_ASM402807v1_genomic.fna	78.1383	509	1639
B6.scaffolds.fasta.supercontigs.fna	GCA_004303575.1_ASM430357v1_genomic.fna	78.1382	509	1639
B6.scaffolds.fasta.supercontigs.fna	GCA_019779635.1_ASM1977963v1_genomic.fna	78.1377	527	1639
B6.scaffolds.fasta.supercontigs.fna	GCA_001429245.1_Root274_genomic.fna	78.1371	445	1639
B6.scaffolds.fasta.supercontigs.fna	GCA_031583805.1_ASM3158380v1_genomic.fna	78.137	493	1639
B6.scaffolds.fasta.supercontigs.fna	GCA_019778935.1_ASM1977893v1_genomic.fna	78.1366	512	1639
B6.scaffolds.fasta.supercontigs.fna	GCA_004303315.1_ASM430331v1_genomic.fna	78.136	507	1639
B6.scaffolds.fasta.supercontigs.fna	GCA_004304255.1_ASM430425v1_genomic.fna	78.1359	516	1639
B6.scaffolds.fasta.supercontigs.fna	GCA_014194355.1_ASM1419435v1_genomic.fna	78.1358	501	1639
B6.scaffolds.fasta.supercontigs.fna	GCA_002531955.1_ASM253195v1_genomic.fna	78.1356	510	1639
B6.scaffolds.fasta.supercontigs.fna	GCA_029892545.1_ASM2989254v1_genomic.fna	78.1355	510	1639
B6.scaffolds.fasta.supercontigs.fna	GCA_019798905.1_ASM1979890v1_genomic.fna	78.1353	535	1639
B6.scaffolds.fasta.supercontigs.fna	GCA_004303755.1_ASM430375v1_genomic.fna	78.1351	494	1639
B6.scaffolds.fasta.supercontigs.fna	GCA_022884085.1_ASM2288408v1_genomic.fna	78.1345	451	1639
B6.scaffolds.fasta.supercontigs.fna	GCA_013322055.1_ASM1332205v1_genomic.fna	78.1341	479	1639
B6.scaffolds.fasta.supercontigs.fna	GCA_004330635.1_ASM433063v1_genomic.fna	78.1336	509	1639
B6.scaffolds.fasta.supercontigs.fna	GCA_004304375.1_ASM430437v1_genomic.fna	78.1332	493	1639
B6.scaffolds.fasta.supercontigs.fna	GCA_019685275.1_ASM1968527v1_genomic.fna	78.133	461	1639
B6.scaffolds.fasta.supercontigs.fna	GCA_011046895.1_ASM1104689v1_genomic.fna	78.133	428	1639
B6.scaffolds.fasta.supercontigs.fna	GCA_021026335.1_ASM2102633v1_genomic.fna	78.1329	398	1639
B6.scaffolds.fasta.supercontigs.fna	GCA_000377185.1_ASM37718v1_genomic.fna	78.1323	385	1639
B6.scaffolds.fasta.supercontigs.fna	GCA_019683995.1_ASM1968399v1_genomic.fna	78.1314	437	1639
B6.scaffolds.fasta.supercontigs.fna	GCA_004303715.1_ASM430371v1_genomic.fna	78.1312	491	1639
B6.scaffolds.fasta.supercontigs.fna	GCA_010668165.1_ASM1066816v1_genomic.fna	78.1306	521	1639
B6.scaffolds.fasta.supercontigs.fna	GCA_010668285.1_ASM1066828v1_genomic.fna	78.1306	503	1639
B6.scaffolds.fasta.supercontigs.fna	GCA_021391615.1_ASM2139161v1_genomic.fna	78.1305	509	1639
B6.scaffolds.fasta.supercontigs.fna	GCA_014200185.1_ASM1420018v1_genomic.fna	78.1301	467	1639
B6.scaffolds.fasta.supercontigs.fna	GCA_019799485.1_ASM1979948v1_genomic.fna	78.1297	530	1639
B6.scaffolds.fasta.supercontigs.fna	GCA_012276475.1_ASM1227647v1_genomic.fna	78.1294	502	1639
B6.scaffolds.fasta.supercontigs.fna	GCA_009743975.1_ASM974397v1_genomic.fna	78.1293	446	1639
B6.scaffolds.fasta.supercontigs.fna	GCA_002406505.1_JJW1_genomic.fna	78.1289	485	1639
B6.scaffolds.fasta.supercontigs.fna	GCA_004304845.1_ASM430484v1_genomic.fna	78.1287	504	1639
B6.scaffolds.fasta.supercontigs.fna	GCA_000419725.1_ASM41972v1_genomic.fna	78.1287	410	1639
B6.scaffolds.fasta.supercontigs.fna	GCA_019685395.1_ASM1968539v1_genomic.fna	78.1285	468	1639
B6.scaffolds.fasta.supercontigs.fna	GCA_013317425.1_ASM1331742v1_genomic.fna	78.1283	449	1639
B6.scaffolds.fasta.supercontigs.fna	GCA_004303255.1_ASM430325v1_genomic.fna	78.1277	492	1639
B6.scaffolds.fasta.supercontigs.fna	GCA_000427945.1_ASM42794v1_genomic.fna	78.1274	512	1639
B6.scaffolds.fasta.supercontigs.fna	GCA_019799255.1_ASM1979925v1_genomic.fna	78.1272	541	1639
B6.scaffolds.fasta.supercontigs.fna	GCA_900094545.1_IMG-taxon_2617270742_annotated_assembly_genomic.fna	78.1266	469	1639
B6.scaffolds.fasta.supercontigs.fna	GCA_013427035.1_ASM1342703v1_genomic.fna	78.1265	457	1639
B6.scaffolds.fasta.supercontigs.fna	GCA_001652265.1_ASM165226v1_genomic.fna	78.1264	475	1639
B6.scaffolds.fasta.supercontigs.fna	GCA_014050125.1_ASM1405012v1_genomic.fna	78.1261	495	1639
B6.scaffolds.fasta.supercontigs.fna	GCA_004304215.1_ASM430421v1_genomic.fna	78.1259	510	1639
B6.scaffolds.fasta.supercontigs.fna	GCA_004330615.1_ASM433061v1_genomic.fna	78.1259	496	1639
B6.scaffolds.fasta.supercontigs.fna	GCA_019779165.1_ASM1977916v1_genomic.fna	78.1258	524	1639
B6.scaffolds.fasta.supercontigs.fna	GCA_011604485.1_ASM1160448v1_genomic.fna	78.1254	488	1639
B6.scaffolds.fasta.supercontigs.fna	GCA_019779425.1_ASM1977942v1_genomic.fna	78.1251	525	1639
B6.scaffolds.fasta.supercontigs.fna	GCA_019779245.1_ASM1977924v1_genomic.fna	78.1245	525	1639
B6.scaffolds.fasta.supercontigs.fna	GCA_014189635.1_ASM1418963v1_genomic.fna	78.1245	488	1639
B6.scaffolds.fasta.supercontigs.fna	GCA_009744325.1_ASM974432v1_genomic.fna	78.124	449	1639
B6.scaffolds.fasta.supercontigs.fna	GCA_000483325.1_ASM48332v1_genomic.fna	78.1239	84	1639
B6.scaffolds.fasta.supercontigs.fna	GCA_004303535.1_ASM430353v1_genomic.fna	78.1238	489	1639
B6.scaffolds.fasta.supercontigs.fna	GCA_010668555.1_ASM1066855v1_genomic.fna	78.123	498	1639
B6.scaffolds.fasta.supercontigs.fna	GCA_034554815.1_ASM3455481v1_genomic.fna	78.1223	512	1639
B6.scaffolds.fasta.supercontigs.fna	GCA_030435705.1_ASM3043570v1_genomic.fna	78.1222	455	1639
B6.scaffolds.fasta.supercontigs.fna	GCA_004306495.1_ASM430649v1_genomic.fna	78.1222	499	1639
B6.scaffolds.fasta.supercontigs.fna	GCA_011128975.2_ASM1112897v2_genomic.fna	78.1211	498	1639
B6.scaffolds.fasta.supercontigs.fna	GCA_013322215.1_ASM1332221v1_genomic.fna	78.1203	487	1639
B6.scaffolds.fasta.supercontigs.fna	GCA_004304745.1_ASM430474v1_genomic.fna	78.1202	502	1639
B6.scaffolds.fasta.supercontigs.fna	GCA_004304555.1_ASM430455v1_genomic.fna	78.12	494	1639
B6.scaffolds.fasta.supercontigs.fna	GCA_001860185.2_NW221_v2_genomic.fna	78.1197	446	1639
B6.scaffolds.fasta.supercontigs.fna	GCA_009744315.1_ASM974431v1_genomic.fna	78.119	451	1639
B6.scaffolds.fasta.supercontigs.fna	GCA_004304065.1_ASM430406v1_genomic.fna	78.1188	495	1639
B6.scaffolds.fasta.supercontigs.fna	GCA_035927805.1_ASM3592780v1_genomic.fna	78.1182	512	1639
B6.scaffolds.fasta.supercontigs.fna	GCA_004303655.1_ASM430365v1_genomic.fna	78.1176	488	1639
B6.scaffolds.fasta.supercontigs.fna	GCA_014194045.1_ASM1419404v1_genomic.fna	78.1172	516	1639
B6.scaffolds.fasta.supercontigs.fna	GCA_001662075.1_ASM166207v1_genomic.fna	78.1168	479	1639
B6.scaffolds.fasta.supercontigs.fna	GCA_021168455.1_ASM2116845v1_genomic.fna	78.1153	462	1639
B6.scaffolds.fasta.supercontigs.fna	GCA_035969035.1_ASM3596903v1_genomic.fna	78.1149	519	1639
B6.scaffolds.fasta.supercontigs.fna	GCA_019684995.1_ASM1968499v1_genomic.fna	78.1149	481	1639
B6.scaffolds.fasta.supercontigs.fna	GCA_004305145.1_ASM430514v1_genomic.fna	78.1143	508	1639
B6.scaffolds.fasta.supercontigs.fna	GCA_035282125.1_ASM3528212v1_genomic.fna	78.1143	468	1639
B6.scaffolds.fasta.supercontigs.fna	GCA_012276545.1_ASM1227654v1_genomic.fna	78.1142	510	1639
B6.scaffolds.fasta.supercontigs.fna	GCA_009176325.1_ASM917632v1_genomic.fna	78.1142	483	1639
B6.scaffolds.fasta.supercontigs.fna	GCA_014198535.1_ASM1419853v1_genomic.fna	78.1141	472	1639
B6.scaffolds.fasta.supercontigs.fna	GCA_000379605.1_ASM37960v1_genomic.fna	78.1134	461	1639
B6.scaffolds.fasta.supercontigs.fna	GCA_004330625.1_ASM433062v1_genomic.fna	78.1134	495	1639
B6.scaffolds.fasta.supercontigs.fna	GCA_004303945.1_ASM430394v1_genomic.fna	78.113	494	1639
B6.scaffolds.fasta.supercontigs.fna	GCA_010668665.1_ASM1066866v1_genomic.fna	78.1129	515	1639
B6.scaffolds.fasta.supercontigs.fna	GCA_004303745.1_ASM430374v1_genomic.fna	78.1129	492	1639
B6.scaffolds.fasta.supercontigs.fna	GCA_013004175.1_ASM1300417v1_genomic.fna	78.1123	495	1639
B6.scaffolds.fasta.supercontigs.fna	GCA_004306365.1_ASM430636v1_genomic.fna	78.1116	499	1639
B6.scaffolds.fasta.supercontigs.fna	GCA_004305055.1_ASM430505v1_genomic.fna	78.1112	515	1639
B6.scaffolds.fasta.supercontigs.fna	GCA_000373325.1_ASM37332v1_genomic.fna	78.1107	512	1639
B6.scaffolds.fasta.supercontigs.fna	GCA_004303735.1_ASM430373v1_genomic.fna	78.1107	499	1639
B6.scaffolds.fasta.supercontigs.fna	GCA_001860125.2_Ni1_v2_genomic.fna	78.1106	434	1639
B6.scaffolds.fasta.supercontigs.fna	GCA_004306185.1_ASM430618v1_genomic.fna	78.1102	501	1639
B6.scaffolds.fasta.supercontigs.fna	GCA_001662055.1_ASM166205v1_genomic.fna	78.1096	447	1639
B6.scaffolds.fasta.supercontigs.fna	GCA_013087605.1_ASM1308760v1_genomic.fna	78.109	503	1639
B6.scaffolds.fasta.supercontigs.fna	GCA_004306485.1_ASM430648v1_genomic.fna	78.1088	512	1639
B6.scaffolds.fasta.supercontigs.fna	GCA_000298315.2_ASM29831v2_genomic.fna	78.1088	382	1639
B6.scaffolds.fasta.supercontigs.fna	GCA_026622875.1_ASM2662287v1_genomic.fna	78.1084	501	1639
B6.scaffolds.fasta.supercontigs.fna	GCA_023701995.1_ASM2370199v1_genomic.fna	78.1083	448	1639
B6.scaffolds.fasta.supercontigs.fna	GCA_019780025.1_ASM1978002v1_genomic.fna	78.1082	444	1639
B6.scaffolds.fasta.supercontigs.fna	GCA_014193145.1_ASM1419314v1_genomic.fna	78.1077	373	1639
B6.scaffolds.fasta.supercontigs.fna	GCA_022884065.1_ASM2288406v1_genomic.fna	78.1075	455	1639
B6.scaffolds.fasta.supercontigs.fna	GCA_019799405.1_ASM1979940v1_genomic.fna	78.1074	541	1639
B6.scaffolds.fasta.supercontigs.fna	GCA_004123835.1_ASM412383v1_genomic.fna	78.1067	515	1639
B6.scaffolds.fasta.supercontigs.fna	GCA_010668275.1_ASM1066827v1_genomic.fna	78.1064	495	1639
B6.scaffolds.fasta.supercontigs.fna	GCA_012276115.1_ASM1227611v1_genomic.fna	78.1055	517	1639
B6.scaffolds.fasta.supercontigs.fna	GCA_900110205.1_IMG-taxon_2671180023_annotated_assembly_genomic.fna	78.1048	400	1639
B6.scaffolds.fasta.supercontigs.fna	GCA_019799155.1_ASM1979915v1_genomic.fna	78.1048	544	1639
B6.scaffolds.fasta.supercontigs.fna	GCA_019799225.1_ASM1979922v1_genomic.fna	78.1046	536	1639
B6.scaffolds.fasta.supercontigs.fna	GCA_004330945.1_ASM433094v1_genomic.fna	78.1043	501	1639
B6.scaffolds.fasta.supercontigs.fna	GCA_004303525.1_ASM430352v1_genomic.fna	78.103	509	1639
B6.scaffolds.fasta.supercontigs.fna	GCA_004303835.1_ASM430383v1_genomic.fna	78.1029	480	1639
B6.scaffolds.fasta.supercontigs.fna	GCA_001860085.2_Rr4_v2_genomic.fna	78.1026	452	1639
B6.scaffolds.fasta.supercontigs.fna	GCA_029714265.1_ASM2971426v1_genomic.fna	78.1022	444	1639
B6.scaffolds.fasta.supercontigs.fna	GCA_031583915.1_ASM3158391v1_genomic.fna	78.1019	488	1639
B6.scaffolds.fasta.supercontigs.fna	GCA_017305405.1_ASM1730540v1_genomic.fna	78.1019	458	1639
B6.scaffolds.fasta.supercontigs.fna	GCA_013322165.1_ASM1332216v1_genomic.fna	78.0996	488	1639
B6.scaffolds.fasta.supercontigs.fna	GCA_030160595.1_ASM3016059v1_genomic.fna	78.0996	499	1639
B6.scaffolds.fasta.supercontigs.fna	GCA_010668685.1_ASM1066868v1_genomic.fna	78.0995	515	1639
B6.scaffolds.fasta.supercontigs.fna	GCA_001664305.1_ASM166430v1_genomic.fna	78.0994	492	1639
B6.scaffolds.fasta.supercontigs.fna	GCA_007827995.1_ASM782799v1_genomic.fna	78.0989	487	1639
B6.scaffolds.fasta.supercontigs.fna	GCA_002531595.1_ASM253159v1_genomic.fna	78.0988	491	1639
B6.scaffolds.fasta.supercontigs.fna	GCA_030182525.1_ASM3018252v1_genomic.fna	78.0988	479	1639
B6.scaffolds.fasta.supercontigs.fna	GCA_004330645.1_ASM433064v1_genomic.fna	78.0981	503	1639
B6.scaffolds.fasta.supercontigs.fna	GCA_001899545.1_ASM189954v1_genomic.fna	78.0981	480	1639
B6.scaffolds.fasta.supercontigs.fna	GCA_000373285.1_ASM37328v1_genomic.fna	78.0971	513	1639
B6.scaffolds.fasta.supercontigs.fna	GCA_019778185.1_ASM1977818v1_genomic.fna	78.0971	491	1639
B6.scaffolds.fasta.supercontigs.fna	GCA_004306305.1_ASM430630v1_genomic.fna	78.097	515	1639
B6.scaffolds.fasta.supercontigs.fna	GCA_001664145.1_ASM166414v1_genomic.fna	78.0968	492	1639
B6.scaffolds.fasta.supercontigs.fna	GCA_014196605.1_ASM1419660v1_genomic.fna	78.0963	440	1639
B6.scaffolds.fasta.supercontigs.fna	GCA_009744125.1_ASM974412v1_genomic.fna	78.0962	460	1639
B6.scaffolds.fasta.supercontigs.fna	GCA_004305365.1_ASM430536v1_genomic.fna	78.0957	508	1639
B6.scaffolds.fasta.supercontigs.fna	GCA_019778015.1_ASM1977801v1_genomic.fna	78.0947	492	1639
B6.scaffolds.fasta.supercontigs.fna	GCA_019778765.1_ASM1977876v1_genomic.fna	78.0944	518	1639
B6.scaffolds.fasta.supercontigs.fna	GCA_004306515.1_ASM430651v1_genomic.fna	78.0943	516	1639
B6.scaffolds.fasta.supercontigs.fna	GCA_900155885.1_IMG-taxon_2708742416_annotated_assembly_genomic.fna	78.0942	425	1639
B6.scaffolds.fasta.supercontigs.fna	GCA_004304905.1_ASM430490v1_genomic.fna	78.0942	507	1639
B6.scaffolds.fasta.supercontigs.fna	GCA_019684095.1_ASM1968409v1_genomic.fna	78.0939	444	1639
B6.scaffolds.fasta.supercontigs.fna	GCA_004304035.1_ASM430403v1_genomic.fna	78.0936	493	1639
B6.scaffolds.fasta.supercontigs.fna	GCA_000092045.1_ASM9204v1_genomic.fna	78.0933	487	1639
B6.scaffolds.fasta.supercontigs.fna	GCA_031984865.1_ASM3198486v1_genomic.fna	78.093	420	1639
B6.scaffolds.fasta.supercontigs.fna	GCA_004343445.1_ASM434344v1_genomic.fna	78.0926	467	1639
B6.scaffolds.fasta.supercontigs.fna	GCA_014193605.1_ASM1419360v1_genomic.fna	78.0925	452	1639
B6.scaffolds.fasta.supercontigs.fna	GCA_000295895.1_ASM29589v1_genomic.fna	78.0913	359	1639
B6.scaffolds.fasta.supercontigs.fna	GCA_017357265.1_ASM1735726v1_genomic.fna	78.091	450	1639
B6.scaffolds.fasta.supercontigs.fna	GCA_036528765.1_ASM3652876v1_genomic.fna	78.0908	371	1639
B6.scaffolds.fasta.supercontigs.fna	GCA_004303425.1_ASM430342v1_genomic.fna	78.0905	504	1639
B6.scaffolds.fasta.supercontigs.fna	GCA_023702015.1_ASM2370201v1_genomic.fna	78.0902	436	1639
B6.scaffolds.fasta.supercontigs.fna	GCA_000373425.1_ASM37342v1_genomic.fna	78.0901	484	1639
B6.scaffolds.fasta.supercontigs.fna	GCA_019798545.1_ASM1979854v1_genomic.fna	78.0896	513	1639
B6.scaffolds.fasta.supercontigs.fna	GCA_004305605.1_ASM430560v1_genomic.fna	78.0895	510	1639
B6.scaffolds.fasta.supercontigs.fna	GCA_014193135.1_ASM1419313v1_genomic.fna	78.0894	470	1639
B6.scaffolds.fasta.supercontigs.fna	GCA_010668465.1_ASM1066846v1_genomic.fna	78.0894	492	1639
B6.scaffolds.fasta.supercontigs.fna	GCA_001927265.3_ASM192726v3_genomic.fna	78.0891	512	1639
B6.scaffolds.fasta.supercontigs.fna	GCA_007828395.1_ASM782839v1_genomic.fna	78.0889	486	1639
B6.scaffolds.fasta.supercontigs.fna	GCA_004304235.1_ASM430423v1_genomic.fna	78.0889	514	1639
B6.scaffolds.fasta.supercontigs.fna	GCA_019684055.1_ASM1968405v1_genomic.fna	78.0885	446	1639
B6.scaffolds.fasta.supercontigs.fna	GCA_004304355.1_ASM430435v1_genomic.fna	78.0884	479	1639
B6.scaffolds.fasta.supercontigs.fna	GCA_004304105.1_ASM430410v1_genomic.fna	78.0867	511	1639
B6.scaffolds.fasta.supercontigs.fna	GCA_004306475.1_ASM430647v1_genomic.fna	78.0866	505	1639
B6.scaffolds.fasta.supercontigs.fna	GCA_019684955.1_ASM1968495v1_genomic.fna	78.0865	483	1639
B6.scaffolds.fasta.supercontigs.fna	GCA_004305765.1_ASM430576v1_genomic.fna	78.0856	504	1639
B6.scaffolds.fasta.supercontigs.fna	GCA_009743995.1_ASM974399v1_genomic.fna	78.0844	437	1639
B6.scaffolds.fasta.supercontigs.fna	GCA_004306095.1_ASM430609v1_genomic.fna	78.0838	510	1639
B6.scaffolds.fasta.supercontigs.fna	GCA_004304085.1_ASM430408v1_genomic.fna	78.0827	503	1639
B6.scaffolds.fasta.supercontigs.fna	GCA_004306695.1_ASM430669v1_genomic.fna	78.0816	504	1639
B6.scaffolds.fasta.supercontigs.fna	GCA_012276035.1_ASM1227603v1_genomic.fna	78.0809	521	1639
B6.scaffolds.fasta.supercontigs.fna	GCA_004303385.1_ASM430338v1_genomic.fna	78.0809	510	1639
B6.scaffolds.fasta.supercontigs.fna	GCA_019685175.1_ASM1968517v1_genomic.fna	78.0801	476	1639
B6.scaffolds.fasta.supercontigs.fna	GCA_004305395.1_ASM430539v1_genomic.fna	78.0799	500	1639
B6.scaffolds.fasta.supercontigs.fna	GCA_021462745.1_ASM2146274v1_genomic.fna	78.0798	463	1639
B6.scaffolds.fasta.supercontigs.fna	GCA_004304175.1_ASM430417v1_genomic.fna	78.0796	505	1639
B6.scaffolds.fasta.supercontigs.fna	GCA_004341625.1_ASM434162v1_genomic.fna	78.0794	436	1639
B6.scaffolds.fasta.supercontigs.fna	GCA_004303415.1_ASM430341v1_genomic.fna	78.0793	506	1639
B6.scaffolds.fasta.supercontigs.fna	GCA_019685435.1_ASM1968543v1_genomic.fna	78.0793	478	1639
B6.scaffolds.fasta.supercontigs.fna	GCA_014193155.1_ASM1419315v1_genomic.fna	78.0791	444	1639
B6.scaffolds.fasta.supercontigs.fna	GCA_004303975.1_ASM430397v1_genomic.fna	78.0785	475	1639
B6.scaffolds.fasta.supercontigs.fna	GCA_010668445.1_ASM1066844v1_genomic.fna	78.0779	510	1639
B6.scaffolds.fasta.supercontigs.fna	GCA_004345405.1_ASM434540v1_genomic.fna	78.0772	378	1639
B6.scaffolds.fasta.supercontigs.fna	GCA_004303135.1_ASM430313v1_genomic.fna	78.0771	509	1639
B6.scaffolds.fasta.supercontigs.fna	GCA_004304385.1_ASM430438v1_genomic.fna	78.0768	475	1639
B6.scaffolds.fasta.supercontigs.fna	GCA_900108425.1_Tibet_genomic.fna	78.0763	400	1639
B6.scaffolds.fasta.supercontigs.fna	GCA_002204185.1_ASM220418v1_genomic.fna	78.0763	477	1639
B6.scaffolds.fasta.supercontigs.fna	GCA_023006465.1_ASM2300646v1_genomic.fna	78.0761	494	1639
B6.scaffolds.fasta.supercontigs.fna	GCA_012275745.1_ASM1227574v1_genomic.fna	78.076	497	1639
B6.scaffolds.fasta.supercontigs.fna	GCA_019511525.1_ASM1951152v1_genomic.fna	78.076	391	1639
B6.scaffolds.fasta.supercontigs.fna	GCA_004305825.1_ASM430582v1_genomic.fna	78.0758	499	1639
B6.scaffolds.fasta.supercontigs.fna	GCA_945952315.1_SRR9109406_bin.7_metaWRAP_v1.3_MAG_genomic.fna	78.0755	374	1639
B6.scaffolds.fasta.supercontigs.fna	GCA_010668065.1_ASM1066806v1_genomic.fna	78.0754	535	1639
B6.scaffolds.fasta.supercontigs.fna	GCA_002531725.1_ASM253172v1_genomic.fna	78.0752	537	1639
B6.scaffolds.fasta.supercontigs.fna	GCA_019684235.1_ASM1968423v1_genomic.fna	78.0747	450	1639
B6.scaffolds.fasta.supercontigs.fna	GCA_019685345.1_ASM1968534v1_genomic.fna	78.0747	468	1639
B6.scaffolds.fasta.supercontigs.fna	GCA_004306675.1_ASM430667v1_genomic.fna	78.074	509	1639
B6.scaffolds.fasta.supercontigs.fna	GCA_000372105.1_ASM37210v1_genomic.fna	78.0735	495	1639
B6.scaffolds.fasta.supercontigs.fna	GCA_004303245.1_ASM430324v1_genomic.fna	78.0728	510	1639
B6.scaffolds.fasta.supercontigs.fna	GCA_004306325.1_ASM430632v1_genomic.fna	78.0719	504	1639
B6.scaffolds.fasta.supercontigs.fna	GCA_014194925.1_ASM1419492v1_genomic.fna	78.071	455	1639
B6.scaffolds.fasta.supercontigs.fna	GCA_019778925.1_ASM1977892v1_genomic.fna	78.071	516	1639
B6.scaffolds.fasta.supercontigs.fna	GCA_001885575.1_ASM188557v1_genomic.fna	78.0709	415	1639
B6.scaffolds.fasta.supercontigs.fna	GCA_005862215.1_ASM586221v1_genomic.fna	78.0708	442	1639
B6.scaffolds.fasta.supercontigs.fna	GCA_004304635.1_ASM430463v1_genomic.fna	78.0704	503	1639
B6.scaffolds.fasta.supercontigs.fna	GCA_004305105.1_ASM430510v1_genomic.fna	78.0702	508	1639
B6.scaffolds.fasta.supercontigs.fna	GCA_004305495.1_ASM430549v1_genomic.fna	78.0699	510	1639
B6.scaffolds.fasta.supercontigs.fna	GCA_004303275.1_ASM430327v1_genomic.fna	78.0698	486	1639
B6.scaffolds.fasta.supercontigs.fna	GCA_004306075.1_ASM430607v1_genomic.fna	78.0697	518	1639
B6.scaffolds.fasta.supercontigs.fna	GCA_004305545.1_ASM430554v1_genomic.fna	78.069	507	1639
B6.scaffolds.fasta.supercontigs.fna	GCA_004305895.1_ASM430589v1_genomic.fna	78.0686	498	1639
B6.scaffolds.fasta.supercontigs.fna	GCA_001758305.2_AB3_v2_genomic.fna	78.0681	453	1639
B6.scaffolds.fasta.supercontigs.fna	GCA_004054145.1_ASM405414v1_genomic.fna	78.0672	505	1639
B6.scaffolds.fasta.supercontigs.fna	GCA_014194185.1_ASM1419418v1_genomic.fna	78.0669	505	1639
B6.scaffolds.fasta.supercontigs.fna	GCA_013004165.1_ASM1300416v1_genomic.fna	78.0669	501	1639
B6.scaffolds.fasta.supercontigs.fna	GCA_004303885.1_ASM430388v1_genomic.fna	78.0665	500	1639
B6.scaffolds.fasta.supercontigs.fna	GCA_013426935.1_ASM1342693v1_genomic.fna	78.0663	488	1639
B6.scaffolds.fasta.supercontigs.fna	GCA_010668085.1_ASM1066808v1_genomic.fna	78.0655	507	1639
B6.scaffolds.fasta.supercontigs.fna	GCA_004304885.1_ASM430488v1_genomic.fna	78.0652	507	1639
B6.scaffolds.fasta.supercontigs.fna	GCA_019684175.1_ASM1968417v1_genomic.fna	78.0648	446	1639
B6.scaffolds.fasta.supercontigs.fna	GCA_007828675.1_ASM782867v1_genomic.fna	78.0646	480	1639
B6.scaffolds.fasta.supercontigs.fna	GCA_945952045.1_SRR9109403_bin.1_metaWRAP_v1.3_MAG_genomic.fna	78.0646	462	1639
B6.scaffolds.fasta.supercontigs.fna	GCA_004303995.1_ASM430399v1_genomic.fna	78.0645	505	1639
B6.scaffolds.fasta.supercontigs.fna	GCA_032918375.1_ASM3291837v1_genomic.fna	78.0633	480	1639
B6.scaffolds.fasta.supercontigs.fna	GCA_035970435.1_ASM3597043v1_genomic.fna	78.0632	511	1639
B6.scaffolds.fasta.supercontigs.fna	GCA_000419745.1_ASM41974v1_genomic.fna	78.063	508	1639
B6.scaffolds.fasta.supercontigs.fna	GCA_019778045.1_ASM1977804v1_genomic.fna	78.063	490	1639
B6.scaffolds.fasta.supercontigs.fna	GCA_040215725.1_ASM4021572v1_genomic.fna	78.063	489	1639
B6.scaffolds.fasta.supercontigs.fna	GCA_004303455.1_ASM430345v1_genomic.fna	78.0621	506	1639
B6.scaffolds.fasta.supercontigs.fna	GCA_004305715.1_ASM430571v1_genomic.fna	78.0619	505	1639
B6.scaffolds.fasta.supercontigs.fna	GCA_013378445.1_ASM1337844v1_genomic.fna	78.0607	378	1639
B6.scaffolds.fasta.supercontigs.fna	GCA_032918405.1_ASM3291840v1_genomic.fna	78.0599	492	1639
B6.scaffolds.fasta.supercontigs.fna	GCA_032918395.1_ASM3291839v1_genomic.fna	78.0595	491	1639
B6.scaffolds.fasta.supercontigs.fna	GCA_019685295.1_ASM1968529v1_genomic.fna	78.0593	474	1639
B6.scaffolds.fasta.supercontigs.fna	GCA_040215715.1_ASM4021571v1_genomic.fna	78.058	489	1639
B6.scaffolds.fasta.supercontigs.fna	GCA_004306615.1_ASM430661v1_genomic.fna	78.0579	510	1639
B6.scaffolds.fasta.supercontigs.fna	GCA_019510285.1_ASM1951028v1_genomic.fna	78.0577	400	1639
B6.scaffolds.fasta.supercontigs.fna	GCA_004054165.1_ASM405416v1_genomic.fna	78.0575	489	1639
B6.scaffolds.fasta.supercontigs.fna	GCA_004028055.1_ASM402805v1_genomic.fna	78.0573	508	1639
B6.scaffolds.fasta.supercontigs.fna	GCA_019684075.1_ASM1968407v1_genomic.fna	78.0571	447	1639
B6.scaffolds.fasta.supercontigs.fna	GCA_014198755.1_ASM1419875v1_genomic.fna	78.057	509	1639
B6.scaffolds.fasta.supercontigs.fna	GCA_019780035.1_ASM1978003v1_genomic.fna	78.0569	446	1639
B6.scaffolds.fasta.supercontigs.fna	GCA_004306285.1_ASM430628v1_genomic.fna	78.0567	507	1639
B6.scaffolds.fasta.supercontigs.fna	GCA_013317355.1_ASM1331735v1_genomic.fna	78.0557	441	1639
B6.scaffolds.fasta.supercontigs.fna	GCA_001908615.1_ASM190861v1_genomic.fna	78.0555	416	1639
B6.scaffolds.fasta.supercontigs.fna	GCA_002531795.1_ASM253179v1_genomic.fna	78.0554	483	1639
B6.scaffolds.fasta.supercontigs.fna	GCA_027109195.1_ASM2710919v1_genomic.fna	78.0553	478	1639
B6.scaffolds.fasta.supercontigs.fna	GCA_002117485.1_ASM211748v1_genomic.fna	78.0548	486	1639
B6.scaffolds.fasta.supercontigs.fna	GCA_014200295.1_ASM1420029v1_genomic.fna	78.0544	464	1639
B6.scaffolds.fasta.supercontigs.fna	GCA_014207095.1_ASM1420709v1_genomic.fna	78.0544	462	1639
B6.scaffolds.fasta.supercontigs.fna	GCA_019799885.1_ASM1979988v1_genomic.fna	78.0543	514	1639
B6.scaffolds.fasta.supercontigs.fna	GCA_003610155.1_ASM361015v1_genomic.fna	78.0529	486	1639
B6.scaffolds.fasta.supercontigs.fna	GCA_019684685.1_ASM1968468v1_genomic.fna	78.0527	479	1639
B6.scaffolds.fasta.supercontigs.fna	GCA_019684795.1_ASM1968479v1_genomic.fna	78.0526	480	1639
B6.scaffolds.fasta.supercontigs.fna	GCA_004341105.1_ASM434110v1_genomic.fna	78.0522	452	1639
B6.scaffolds.fasta.supercontigs.fna	GCA_900094555.1_IMG-taxon_2615840609_annotated_assembly_genomic.fna	78.0517	484	1639
B6.scaffolds.fasta.supercontigs.fna	GCA_014189655.1_ASM1418965v1_genomic.fna	78.0513	509	1639
B6.scaffolds.fasta.supercontigs.fna	GCA_014195115.1_ASM1419511v1_genomic.fna	78.0512	447	1639
B6.scaffolds.fasta.supercontigs.fna	GCA_004303365.1_ASM430336v1_genomic.fna	78.0509	501	1639
B6.scaffolds.fasta.supercontigs.fna	GCA_943373015.1_JJ-MO2C5C5-342-4-m1-bin364_genomic.fna	78.0509	215	1639
B6.scaffolds.fasta.supercontigs.fna	GCA_009744345.1_ASM974434v1_genomic.fna	78.0507	438	1639
B6.scaffolds.fasta.supercontigs.fna	GCA_004306775.1_ASM430677v1_genomic.fna	78.0505	523	1639
B6.scaffolds.fasta.supercontigs.fna	GCA_004305295.1_ASM430529v1_genomic.fna	78.0503	503	1639
B6.scaffolds.fasta.supercontigs.fna	GCA_019799745.1_ASM1979974v1_genomic.fna	78.0498	503	1639
B6.scaffolds.fasta.supercontigs.fna	GCA_004305915.1_ASM430591v1_genomic.fna	78.0481	510	1639
B6.scaffolds.fasta.supercontigs.fna	GCA_019799785.1_ASM1979978v1_genomic.fna	78.0472	511	1639
B6.scaffolds.fasta.supercontigs.fna	GCA_019684725.1_ASM1968472v1_genomic.fna	78.0468	487	1639
B6.scaffolds.fasta.supercontigs.fna	GCA_014198605.1_ASM1419860v1_genomic.fna	78.0466	508	1639
B6.scaffolds.fasta.supercontigs.fna	GCA_004306275.1_ASM430627v1_genomic.fna	78.046	519	1639
B6.scaffolds.fasta.supercontigs.fna	GCA_017741825.1_ASM1774182v1_genomic.fna	78.046	430	1639
B6.scaffolds.fasta.supercontigs.fna	GCA_035963955.1_ASM3596395v1_genomic.fna	78.0452	516	1639
B6.scaffolds.fasta.supercontigs.fna	GCA_034419375.1_ASM3441937v1_genomic.fna	78.0451	507	1639
B6.scaffolds.fasta.supercontigs.fna	GCA_004303545.1_ASM430354v1_genomic.fna	78.0445	509	1639
B6.scaffolds.fasta.supercontigs.fna	GCA_010668625.1_ASM1066862v1_genomic.fna	78.0443	523	1639
B6.scaffolds.fasta.supercontigs.fna	GCA_001729315.1_ASM172931v1_genomic.fna	78.0443	459	1639
B6.scaffolds.fasta.supercontigs.fna	GCA_036967165.1_ASM3696716v1_genomic.fna	78.0442	536	1639
B6.scaffolds.fasta.supercontigs.fna	GCA_004306245.1_ASM430624v1_genomic.fna	78.0441	516	1639
B6.scaffolds.fasta.supercontigs.fna	GCA_004306705.1_ASM430670v1_genomic.fna	78.0441	521	1639
B6.scaffolds.fasta.supercontigs.fna	GCA_010668345.1_ASM1066834v1_genomic.fna	78.0436	508	1639
B6.scaffolds.fasta.supercontigs.fna	GCA_000430465.3_TA12020_genomic.fna	78.0435	505	1639
B6.scaffolds.fasta.supercontigs.fna	GCA_010668055.1_ASM1066805v1_genomic.fna	78.043	508	1639
B6.scaffolds.fasta.supercontigs.fna	GCA_004305455.1_ASM430545v1_genomic.fna	78.0428	510	1639
B6.scaffolds.fasta.supercontigs.fna	GCA_019778085.1_ASM1977808v1_genomic.fna	78.0424	497	1639
B6.scaffolds.fasta.supercontigs.fna	GCA_035966825.1_ASM3596682v1_genomic.fna	78.0412	511	1639
B6.scaffolds.fasta.supercontigs.fna	GCA_004303845.1_ASM430384v1_genomic.fna	78.0409	524	1639
B6.scaffolds.fasta.supercontigs.fna	GCA_001860165.2_AT6_v2_genomic.fna	78.0408	457	1639
B6.scaffolds.fasta.supercontigs.fna	GCA_004329995.1_ASM432999v1_genomic.fna	78.039	492	1639
B6.scaffolds.fasta.supercontigs.fna	GCA_004303625.1_ASM430362v1_genomic.fna	78.0385	481	1639
B6.scaffolds.fasta.supercontigs.fna	GCA_004305075.1_ASM430507v1_genomic.fna	78.0378	505	1639
B6.scaffolds.fasta.supercontigs.fna	GCA_000442435.1_ASM44243v1_genomic.fna	78.0377	494	1639
B6.scaffolds.fasta.supercontigs.fna	GCA_004305265.1_ASM430526v1_genomic.fna	78.0367	517	1639
B6.scaffolds.fasta.supercontigs.fna	GCA_021387325.1_ASM2138732v1_genomic.fna	78.0366	469	1639
B6.scaffolds.fasta.supercontigs.fna	GCA_000816845.1_ASM81684v1_genomic.fna	78.0366	398	1639
B6.scaffolds.fasta.supercontigs.fna	GCA_004304285.1_ASM430428v1_genomic.fna	78.0362	507	1639
B6.scaffolds.fasta.supercontigs.fna	GCA_019778285.1_ASM1977828v1_genomic.fna	78.0362	492	1639
B6.scaffolds.fasta.supercontigs.fna	GCA_004322935.1_ASM432293v1_genomic.fna	78.034	514	1639
B6.scaffolds.fasta.supercontigs.fna	GCA_004342335.1_ASM434233v1_genomic.fna	78.033	452	1639
B6.scaffolds.fasta.supercontigs.fna	GCA_030811315.1_ASM3081131v1_genomic.fna	78.0319	401	1639
B6.scaffolds.fasta.supercontigs.fna	GCA_001542405.1_ASM154240v1_genomic.fna	78.0319	405	1639
B6.scaffolds.fasta.supercontigs.fna	GCA_019684905.1_ASM1968490v1_genomic.fna	78.0317	485	1639
B6.scaffolds.fasta.supercontigs.fna	GCA_019684535.1_ASM1968453v1_genomic.fna	78.0316	491	1639
B6.scaffolds.fasta.supercontigs.fna	GCA_004304265.1_ASM430426v1_genomic.fna	78.0316	514	1639
B6.scaffolds.fasta.supercontigs.fna	GCA_020447285.1_ASM2044728v1_genomic.fna	78.0312	506	1639
B6.scaffolds.fasta.supercontigs.fna	GCA_004304835.1_ASM430483v1_genomic.fna	78.0309	513	1639
B6.scaffolds.fasta.supercontigs.fna	GCA_004305435.1_ASM430543v1_genomic.fna	78.0306	512	1639
B6.scaffolds.fasta.supercontigs.fna	GCA_030182565.1_ASM3018256v1_genomic.fna	78.0292	468	1639
B6.scaffolds.fasta.supercontigs.fna	GCA_019684875.1_ASM1968487v1_genomic.fna	78.0292	480	1639
B6.scaffolds.fasta.supercontigs.fna	GCA_004330725.1_ASM433072v1_genomic.fna	78.0285	513	1639
B6.scaffolds.fasta.supercontigs.fna	GCA_004305675.1_ASM430567v1_genomic.fna	78.0283	510	1639
B6.scaffolds.fasta.supercontigs.fna	GCA_019780005.1_ASM1978000v1_genomic.fna	78.0283	452	1639
B6.scaffolds.fasta.supercontigs.fna	GCA_029714385.1_ASM2971438v1_genomic.fna	78.0283	431	1639
B6.scaffolds.fasta.supercontigs.fna	GCA_004306165.1_ASM430616v1_genomic.fna	78.0282	513	1639
B6.scaffolds.fasta.supercontigs.fna	GCA_004329975.1_ASM432997v1_genomic.fna	78.0271	510	1639
B6.scaffolds.fasta.supercontigs.fna	GCA_004330955.1_ASM433095v1_genomic.fna	78.0266	506	1639
B6.scaffolds.fasta.supercontigs.fna	GCA_004306385.1_ASM430638v1_genomic.fna	78.0264	526	1639
B6.scaffolds.fasta.supercontigs.fna	GCA_004305195.1_ASM430519v1_genomic.fna	78.0261	508	1639
B6.scaffolds.fasta.supercontigs.fna	GCA_019684495.1_ASM1968449v1_genomic.fna	78.0259	485	1639
B6.scaffolds.fasta.supercontigs.fna	GCA_019684715.1_ASM1968471v1_genomic.fna	78.0247	474	1639
B6.scaffolds.fasta.supercontigs.fna	GCA_012275925.1_ASM1227592v1_genomic.fna	78.0237	517	1639
B6.scaffolds.fasta.supercontigs.fna	GCA_030182485.1_ASM3018248v1_genomic.fna	78.0234	464	1639
B6.scaffolds.fasta.supercontigs.fna	GCA_010668735.1_ASM1066873v1_genomic.fna	78.0229	512	1639
B6.scaffolds.fasta.supercontigs.fna	GCA_004305595.1_ASM430559v1_genomic.fna	78.0229	509	1639
B6.scaffolds.fasta.supercontigs.fna	GCA_004304965.1_ASM430496v1_genomic.fna	78.0227	504	1639
B6.scaffolds.fasta.supercontigs.fna	GCA_031456395.1_ASM3145639v1_genomic.fna	78.0226	454	1639
B6.scaffolds.fasta.supercontigs.fna	GCA_010668585.1_ASM1066858v1_genomic.fna	78.0221	508	1639
B6.scaffolds.fasta.supercontigs.fna	GCA_004028185.1_WSM448_genomic.fna	78.022	512	1639
B6.scaffolds.fasta.supercontigs.fna	GCA_035921845.1_ASM3592184v1_genomic.fna	78.0217	513	1639
B6.scaffolds.fasta.supercontigs.fna	GCA_019684115.1_ASM1968411v1_genomic.fna	78.0215	439	1639
B6.scaffolds.fasta.supercontigs.fna	GCA_010668765.1_ASM1066876v1_genomic.fna	78.0212	515	1639
B6.scaffolds.fasta.supercontigs.fna	GCA_004305185.1_ASM430518v1_genomic.fna	78.0207	507	1639
B6.scaffolds.fasta.supercontigs.fna	GCA_017741745.1_ASM1774174v1_genomic.fna	78.0207	430	1639
B6.scaffolds.fasta.supercontigs.fna	GCA_000375705.1_ASM37570v1_genomic.fna	78.0198	497	1639
B6.scaffolds.fasta.supercontigs.fna	GCA_019684515.1_ASM1968451v1_genomic.fna	78.0197	487	1639
B6.scaffolds.fasta.supercontigs.fna	GCA_010668315.1_ASM1066831v1_genomic.fna	78.0188	499	1639
B6.scaffolds.fasta.supercontigs.fna	GCA_004306575.1_ASM430657v1_genomic.fna	78.0182	512	1639
B6.scaffolds.fasta.supercontigs.fna	GCA_001890425.1_ASM189042v1_genomic.fna	78.0176	531	1639
B6.scaffolds.fasta.supercontigs.fna	GCA_004304465.1_ASM430446v1_genomic.fna	78.0175	516	1639
B6.scaffolds.fasta.supercontigs.fna	GCA_019355615.1_ASM1935561v1_genomic.fna	78.0172	433	1639
B6.scaffolds.fasta.supercontigs.fna	GCA_019355735.1_ASM1935573v1_genomic.fna	78.017	432	1639
B6.scaffolds.fasta.supercontigs.fna	GCA_004305235.1_ASM430523v1_genomic.fna	78.0169	504	1639
B6.scaffolds.fasta.supercontigs.fna	GCA_004305515.1_ASM430551v1_genomic.fna	78.0163	507	1639
B6.scaffolds.fasta.supercontigs.fna	GCA_004304855.1_ASM430485v1_genomic.fna	78.0162	506	1639
B6.scaffolds.fasta.supercontigs.fna	GCA_030272705.1_ASM3027270v1_genomic.fna	78.0145	422	1639
B6.scaffolds.fasta.supercontigs.fna	GCA_008370325.1_ASM837032v1_genomic.fna	78.0144	459	1639
B6.scaffolds.fasta.supercontigs.fna	GCA_004305175.1_ASM430517v1_genomic.fna	78.0137	506	1639
B6.scaffolds.fasta.supercontigs.fna	GCA_019355815.1_ASM1935581v1_genomic.fna	78.0132	437	1639
B6.scaffolds.fasta.supercontigs.fna	GCA_003217115.1_ASM321711v1_genomic.fna	78.0126	460	1639
B6.scaffolds.fasta.supercontigs.fna	GCA_012349115.1_ASM1234911v1_genomic.fna	78.0124	499	1639
B6.scaffolds.fasta.supercontigs.fna	GCA_019684135.1_ASM1968413v1_genomic.fna	78.012	455	1639
B6.scaffolds.fasta.supercontigs.fna	GCA_012349085.1_ASM1234908v1_genomic.fna	78.0119	496	1639
B6.scaffolds.fasta.supercontigs.fna	GCA_004304775.1_ASM430477v1_genomic.fna	78.0119	506	1639
B6.scaffolds.fasta.supercontigs.fna	GCA_902502895.2_F03_1.v3_genomic.fna	78.0117	369	1639
B6.scaffolds.fasta.supercontigs.fna	GCA_019799685.1_ASM1979968v1_genomic.fna	78.0114	441	1639
B6.scaffolds.fasta.supercontigs.fna	GCA_004330015.1_ASM433001v1_genomic.fna	78.011	505	1639
B6.scaffolds.fasta.supercontigs.fna	GCA_004330835.1_ASM433083v1_genomic.fna	78.0104	510	1639
B6.scaffolds.fasta.supercontigs.fna	GCA_019778225.1_ASM1977822v1_genomic.fna	78.0091	495	1639
B6.scaffolds.fasta.supercontigs.fna	GCA_021052425.1_ASM2105242v1_genomic.fna	78.0088	506	1639
B6.scaffolds.fasta.supercontigs.fna	GCA_004345245.1_ASM434524v1_genomic.fna	78.0078	415	1639
B6.scaffolds.fasta.supercontigs.fna	GCA_019778245.1_ASM1977824v1_genomic.fna	78.0076	502	1639
B6.scaffolds.fasta.supercontigs.fna	GCA_004305685.1_ASM430568v1_genomic.fna	78.0072	516	1639
B6.scaffolds.fasta.supercontigs.fna	GCA_017352135.1_ASM1735213v1_genomic.fna	78.0071	478	1639
B6.scaffolds.fasta.supercontigs.fna	GCA_017873095.1_ASM1787309v1_genomic.fna	78.007	425	1639
B6.scaffolds.fasta.supercontigs.fna	GCA_017741845.1_ASM1774184v1_genomic.fna	78.0069	424	1639
B6.scaffolds.fasta.supercontigs.fna	GCA_010668785.1_ASM1066878v1_genomic.fna	78.0065	515	1639
B6.scaffolds.fasta.supercontigs.fna	GCA_010668145.1_ASM1066814v1_genomic.fna	78.0065	520	1639
B6.scaffolds.fasta.supercontigs.fna	GCA_010668835.1_ASM1066883v1_genomic.fna	78.0061	498	1639
B6.scaffolds.fasta.supercontigs.fna	GCA_002531885.1_ASM253188v1_genomic.fna	78.0061	466	1639
B6.scaffolds.fasta.supercontigs.fna	GCA_012276435.1_ASM1227643v1_genomic.fna	78.005	503	1639
B6.scaffolds.fasta.supercontigs.fna	GCA_019799845.1_ASM1979984v1_genomic.fna	78.0042	508	1639
B6.scaffolds.fasta.supercontigs.fna	GCA_004303115.1_ASM430311v1_genomic.fna	78.0031	504	1639
B6.scaffolds.fasta.supercontigs.fna	GCA_004304475.1_ASM430447v1_genomic.fna	78.0025	512	1639
B6.scaffolds.fasta.supercontigs.fna	GCA_019685235.1_ASM1968523v1_genomic.fna	78.002	480	1639
B6.scaffolds.fasta.supercontigs.fna	GCA_004303145.1_ASM430314v1_genomic.fna	78.0014	507	1639
B6.scaffolds.fasta.supercontigs.fna	GCA_004306055.1_ASM430605v1_genomic.fna	78.0013	505	1639
B6.scaffolds.fasta.supercontigs.fna	GCA_004303915.1_ASM430391v1_genomic.fna	78.0011	520	1639
B6.scaffolds.fasta.supercontigs.fna	GCA_019355575.1_ASM1935557v1_genomic.fna	78.0002	431	1639
B6.scaffolds.fasta.supercontigs.fna	GCA_010668635.1_ASM1066863v1_genomic.fna	77.9995	514	1639
B6.scaffolds.fasta.supercontigs.fna	GCA_022354485.1_ASM2235448v1_genomic.fna	77.9978	435	1639
B6.scaffolds.fasta.supercontigs.fna	GCA_019511375.1_ASM1951137v1_genomic.fna	77.9977	445	1639
B6.scaffolds.fasta.supercontigs.fna	GCA_004305305.1_ASM430530v1_genomic.fna	77.9968	509	1639
B6.scaffolds.fasta.supercontigs.fna	GCA_014189575.1_ASM1418957v1_genomic.fna	77.9958	490	1639
B6.scaffolds.fasta.supercontigs.fna	GCA_003217305.1_ASM321730v1_genomic.fna	77.9957	454	1639
B6.scaffolds.fasta.supercontigs.fna	GCA_004330975.1_ASM433097v1_genomic.fna	77.9955	504	1639
B6.scaffolds.fasta.supercontigs.fna	GCA_001662125.1_ASM166212v1_genomic.fna	77.9954	454	1639
B6.scaffolds.fasta.supercontigs.fna	GCA_002117725.1_ASM211772v1_genomic.fna	77.9933	501	1639
B6.scaffolds.fasta.supercontigs.fna	GCA_010668215.1_ASM1066821v1_genomic.fna	77.993	497	1639
B6.scaffolds.fasta.supercontigs.fna	GCA_016429255.1_ASM1642925v1_genomic.fna	77.9929	439	1639
B6.scaffolds.fasta.supercontigs.fna	GCA_012349105.1_ASM1234910v1_genomic.fna	77.9915	499	1639
B6.scaffolds.fasta.supercontigs.fna	GCA_014197575.1_ASM1419757v1_genomic.fna	77.9908	376	1639
B6.scaffolds.fasta.supercontigs.fna	GCA_010668905.1_ASM1066890v1_genomic.fna	77.9907	517	1639
B6.scaffolds.fasta.supercontigs.fna	GCA_004304685.1_ASM430468v1_genomic.fna	77.9905	511	1639
B6.scaffolds.fasta.supercontigs.fna	GCA_035926785.1_ASM3592678v1_genomic.fna	77.99	522	1639
B6.scaffolds.fasta.supercontigs.fna	GCA_004305815.1_ASM430581v1_genomic.fna	77.9898	512	1639
B6.scaffolds.fasta.supercontigs.fna	GCA_019798305.1_ASM1979830v1_genomic.fna	77.9897	495	1639
B6.scaffolds.fasta.supercontigs.fna	GCA_004304245.1_ASM430424v1_genomic.fna	77.9891	502	1639
B6.scaffolds.fasta.supercontigs.fna	GCA_004304735.1_ASM430473v1_genomic.fna	77.9887	514	1639
B6.scaffolds.fasta.supercontigs.fna	GCA_019778105.1_ASM1977810v1_genomic.fna	77.988	504	1639
B6.scaffolds.fasta.supercontigs.fna	GCA_019798405.1_ASM1979840v1_genomic.fna	77.9875	494	1639
B6.scaffolds.fasta.supercontigs.fna	GCA_002200935.1_ASM220093v1_genomic.fna	77.9875	412	1639
B6.scaffolds.fasta.supercontigs.fna	GCA_011604465.1_ASM1160446v1_genomic.fna	77.9868	516	1639
B6.scaffolds.fasta.supercontigs.fna	GCA_938008855.1_SRR3901701_bin.3_CONCOCT_v1.1_MAG_genomic.fna	77.9859	481	1639
B6.scaffolds.fasta.supercontigs.fna	GCA_004305095.1_ASM430509v1_genomic.fna	77.9855	503	1639
B6.scaffolds.fasta.supercontigs.fna	GCA_000483385.1_ASM48338v1_genomic.fna	77.9853	123	1639
B6.scaffolds.fasta.supercontigs.fna	GCA_001896825.1_ASM189682v1_genomic.fna	77.9848	436	1639
B6.scaffolds.fasta.supercontigs.fna	GCA_004303225.1_ASM430322v1_genomic.fna	77.9838	515	1639
B6.scaffolds.fasta.supercontigs.fna	GCA_902153285.2_B03_1.v3_genomic.fna	77.9837	400	1639
B6.scaffolds.fasta.supercontigs.fna	GCA_014195175.1_ASM1419517v1_genomic.fna	77.9832	455	1639
B6.scaffolds.fasta.supercontigs.fna	GCA_000282035.1_CF122.fsa_genomic.fna	77.9832	394	1639
B6.scaffolds.fasta.supercontigs.fna	GCA_004304435.1_ASM430443v1_genomic.fna	77.9805	515	1639
B6.scaffolds.fasta.supercontigs.fna	GCA_004341455.1_ASM434145v1_genomic.fna	77.9797	464	1639
B6.scaffolds.fasta.supercontigs.fna	GCA_004330815.1_ASM433081v1_genomic.fna	77.978	510	1639
B6.scaffolds.fasta.supercontigs.fna	GCA_017741895.1_ASM1774189v1_genomic.fna	77.9776	425	1639
B6.scaffolds.fasta.supercontigs.fna	GCA_019684835.1_ASM1968483v1_genomic.fna	77.9775	488	1639
B6.scaffolds.fasta.supercontigs.fna	GCA_021026345.1_ASM2102634v1_genomic.fna	77.9759	419	1639
B6.scaffolds.fasta.supercontigs.fna	GCA_004305795.1_ASM430579v1_genomic.fna	77.9757	515	1639
B6.scaffolds.fasta.supercontigs.fna	GCA_019684545.1_ASM1968454v1_genomic.fna	77.9753	491	1639
B6.scaffolds.fasta.supercontigs.fna	GCA_019684815.1_ASM1968481v1_genomic.fna	77.9732	493	1639
B6.scaffolds.fasta.supercontigs.fna	GCA_016429015.1_ASM1642901v1_genomic.fna	77.9731	422	1639
B6.scaffolds.fasta.supercontigs.fna	GCA_902502775.2_D03_1.v3_genomic.fna	77.9726	354	1639
B6.scaffolds.fasta.supercontigs.fna	GCA_019684615.1_ASM1968461v1_genomic.fna	77.9706	480	1639
B6.scaffolds.fasta.supercontigs.fna	GCA_005222915.1_ASM522291v1_genomic.fna	77.9698	395	1639
B6.scaffolds.fasta.supercontigs.fna	GCA_012932765.1_ASM1293276v1_genomic.fna	77.9681	399	1639
B6.scaffolds.fasta.supercontigs.fna	GCA_019684635.1_ASM1968463v1_genomic.fna	77.9676	496	1639
B6.scaffolds.fasta.supercontigs.fna	GCA_014851575.1_ASM1485157v1_genomic.fna	77.9661	399	1639
B6.scaffolds.fasta.supercontigs.fna	GCA_019799765.1_ASM1979976v1_genomic.fna	77.9642	503	1639
B6.scaffolds.fasta.supercontigs.fna	GCA_004365425.1_ASM436542v1_genomic.fna	77.9641	401	1639
B6.scaffolds.fasta.supercontigs.fna	GCA_014851595.1_ASM1485159v1_genomic.fna	77.9629	393	1639
B6.scaffolds.fasta.supercontigs.fna	GCA_004305845.1_ASM430584v1_genomic.fna	77.9625	513	1639
B6.scaffolds.fasta.supercontigs.fna	GCA_001426565.1_Root482_genomic.fna	77.962	415	1639
B6.scaffolds.fasta.supercontigs.fna	GCA_004306595.1_ASM430659v1_genomic.fna	77.9605	517	1639
B6.scaffolds.fasta.supercontigs.fna	GCA_019684665.1_ASM1968466v1_genomic.fna	77.9571	490	1639
B6.scaffolds.fasta.supercontigs.fna	GCA_014194105.1_ASM1419410v1_genomic.fna	77.9542	460	1639
B6.scaffolds.fasta.supercontigs.fna	GCA_004358025.1_ASM435802v1_genomic.fna	77.9541	433	1639
B6.scaffolds.fasta.supercontigs.fna	GCA_004054135.1_ASM405413v1_genomic.fna	77.9538	480	1639
B6.scaffolds.fasta.supercontigs.fna	GCA_019684855.1_ASM1968485v1_genomic.fna	77.951	493	1639
B6.scaffolds.fasta.supercontigs.fna	GCA_017357285.1_ASM1735728v1_genomic.fna	77.9505	509	1639
B6.scaffolds.fasta.supercontigs.fna	GCA_019684415.1_ASM1968441v1_genomic.fna	77.9446	498	1639
B6.scaffolds.fasta.supercontigs.fna	GCA_030815055.1_ASM3081505v1_genomic.fna	77.9436	322	1639
B6.scaffolds.fasta.supercontigs.fna	GCA_019684775.1_ASM1968477v1_genomic.fna	77.9431	500	1639
B6.scaffolds.fasta.supercontigs.fna	GCA_025780115.1_ASM2578011v1_genomic.fna	77.9404	416	1639
B6.scaffolds.fasta.supercontigs.fna	GCA_010668865.1_ASM1066886v1_genomic.fna	77.9399	509	1639
B6.scaffolds.fasta.supercontigs.fna	GCA_019684595.1_ASM1968459v1_genomic.fna	77.9398	490	1639
B6.scaffolds.fasta.supercontigs.fna	GCA_000427925.1_ASM42792v1_genomic.fna	77.9393	341	1639
B6.scaffolds.fasta.supercontigs.fna	GCA_025779995.1_ASM2577999v1_genomic.fna	77.9385	389	1639
B6.scaffolds.fasta.supercontigs.fna	GCA_019684375.1_ASM1968437v1_genomic.fna	77.9367	493	1639
B6.scaffolds.fasta.supercontigs.fna	GCA_019684475.1_ASM1968447v1_genomic.fna	77.9362	494	1639
B6.scaffolds.fasta.supercontigs.fna	GCA_019799805.1_ASM1979980v1_genomic.fna	77.9361	499	1639
B6.scaffolds.fasta.supercontigs.fna	GCA_033447125.1_ASM3344712v1_genomic.fna	77.9356	448	1639
B6.scaffolds.fasta.supercontigs.fna	GCA_012276295.1_ASM1227629v1_genomic.fna	77.9336	526	1639
B6.scaffolds.fasta.supercontigs.fna	GCA_014197875.1_ASM1419787v1_genomic.fna	77.9335	420	1639
B6.scaffolds.fasta.supercontigs.fna	GCA_014193655.1_ASM1419365v1_genomic.fna	77.9311	446	1639
B6.scaffolds.fasta.supercontigs.fna	GCA_019684425.1_ASM1968442v1_genomic.fna	77.9295	497	1639
B6.scaffolds.fasta.supercontigs.fna	GCA_025779975.1_ASM2577997v1_genomic.fna	77.928	410	1639
B6.scaffolds.fasta.supercontigs.fna	GCA_019684385.1_ASM1968438v1_genomic.fna	77.9276	496	1639
B6.scaffolds.fasta.supercontigs.fna	GCA_024055895.1_ASM2405589v1_genomic.fna	77.9248	238	1639
B6.scaffolds.fasta.supercontigs.fna	GCA_900094625.1_IMG-taxon_2615840624_annotated_assembly_genomic.fna	77.9218	474	1639
B6.scaffolds.fasta.supercontigs.fna	GCA_019684575.1_ASM1968457v1_genomic.fna	77.9203	482	1639
B6.scaffolds.fasta.supercontigs.fna	GCA_037994525.1_ASM3799452v1_genomic.fna	77.9201	355	1639
B6.scaffolds.fasta.supercontigs.fna	GCA_003627755.1_ASM362775v1_genomic.fna	77.914	434	1639
B6.scaffolds.fasta.supercontigs.fna	GCA_002119845.1_ASM211984v1_genomic.fna	77.908	512	1639
B6.scaffolds.fasta.supercontigs.fna	GCA_007993855.1_ASM799385v1_genomic.fna	77.9058	366	1639
B6.scaffolds.fasta.supercontigs.fna	GCA_019684755.1_ASM1968475v1_genomic.fna	77.9038	497	1639
B6.scaffolds.fasta.supercontigs.fna	GCA_013004495.1_ASM1300449v1_genomic.fna	77.9014	340	1639
B6.scaffolds.fasta.supercontigs.fna	GCA_019684655.1_ASM1968465v1_genomic.fna	77.9007	498	1639
B6.scaffolds.fasta.supercontigs.fna	GCA_019355555.1_ASM1935555v1_genomic.fna	77.9002	425	1639
B6.scaffolds.fasta.supercontigs.fna	GCA_020075745.1_ASM2007574v1_genomic.fna	77.8971	419	1639
B6.scaffolds.fasta.supercontigs.fna	GCA_014195325.1_ASM1419532v1_genomic.fna	77.8951	441	1639
B6.scaffolds.fasta.supercontigs.fna	GCA_015353075.1_ASM1535307v1_genomic.fna	77.8936	436	1639
B6.scaffolds.fasta.supercontigs.fna	GCA_007000325.2_ASM700032v2_genomic.fna	77.8921	415	1639
B6.scaffolds.fasta.supercontigs.fna	GCA_937997565.1_SRR3330211_bin.104_CONCOCT_v1.1_MAG_genomic.fna	77.8896	216	1639
B6.scaffolds.fasta.supercontigs.fna	GCA_012641395.1_ASM1264139v1_genomic.fna	77.889	406	1639
B6.scaffolds.fasta.supercontigs.fna	GCA_020075865.1_ASM2007586v1_genomic.fna	77.8888	422	1639
B6.scaffolds.fasta.supercontigs.fna	GCA_007000315.1_ASM700031v1_genomic.fna	77.8833	423	1639
B6.scaffolds.fasta.supercontigs.fna	GCA_019799825.1_ASM1979982v1_genomic.fna	77.8779	503	1639
B6.scaffolds.fasta.supercontigs.fna	GCA_019799865.1_ASM1979986v1_genomic.fna	77.8742	504	1639
B6.scaffolds.fasta.supercontigs.fna	GCA_020075725.1_ASM2007572v1_genomic.fna	77.8741	432	1639
B6.scaffolds.fasta.supercontigs.fna	GCA_001424065.1_Leaf384_genomic.fna	77.8719	364	1639
B6.scaffolds.fasta.supercontigs.fna	GCA_020075785.1_ASM2007578v1_genomic.fna	77.8661	430	1639
B6.scaffolds.fasta.supercontigs.fna	GCA_001424325.1_Leaf341_genomic.fna	77.8647	361	1639
B6.scaffolds.fasta.supercontigs.fna	GCA_020075835.1_ASM2007583v1_genomic.fna	77.8643	427	1639
B6.scaffolds.fasta.supercontigs.fna	GCA_945956955.1_SRR12456164_bin.12_metaWRAP_v1.3_MAG_genomic.fna	77.8611	358	1639
B6.scaffolds.fasta.supercontigs.fna	GCA_007000305.1_ASM700030v1_genomic.fna	77.8607	424	1639
B6.scaffolds.fasta.supercontigs.fna	GCA_020075825.1_ASM2007582v1_genomic.fna	77.8604	423	1639
B6.scaffolds.fasta.supercontigs.fna	GCA_020075805.1_ASM2007580v1_genomic.fna	77.857	426	1639
B6.scaffolds.fasta.supercontigs.fna	GCA_030272695.1_ASM3027269v1_genomic.fna	77.8562	382	1639
B6.scaffolds.fasta.supercontigs.fna	GCA_029691985.1_ASM2969198v1_genomic.fna	77.8548	411	1639
B6.scaffolds.fasta.supercontigs.fna	GCA_004341955.1_ASM434195v1_genomic.fna	77.8542	482	1639
B6.scaffolds.fasta.supercontigs.fna	GCA_000438905.2_ASM43890v2_genomic.fna	77.844	96	1639
B6.scaffolds.fasta.supercontigs.fna	GCA_900169785.1_ASM90016978v1_genomic.fna	77.8433	443	1639
B6.scaffolds.fasta.supercontigs.fna	GCA_004342945.1_ASM434294v1_genomic.fna	77.8418	457	1639
B6.scaffolds.fasta.supercontigs.fna	GCA_034720595.1_ASM3472059v1_genomic.fna	77.8406	414	1639
B6.scaffolds.fasta.supercontigs.fna	GCA_020075765.1_ASM2007576v1_genomic.fna	77.8403	430	1639
B6.scaffolds.fasta.supercontigs.fna	GCA_016722925.1_ASM1672292v1_genomic.fna	77.8386	280	1639
B6.scaffolds.fasta.supercontigs.fna	GCA_003240585.1_ASM324058v1_genomic.fna	77.8325	390	1639
B6.scaffolds.fasta.supercontigs.fna	GCA_000312665.1_ASM31266v1_genomic.fna	77.8227	340	1639
B6.scaffolds.fasta.supercontigs.fna	GCA_007827505.1_ASM782750v1_genomic.fna	77.8172	418	1639
B6.scaffolds.fasta.supercontigs.fna	GCA_000510625.1_ASM51062v1_genomic.fna	77.8158	404	1639
B6.scaffolds.fasta.supercontigs.fna	GCA_900099775.1_IMG-taxon_2596583570_annotated_assembly_genomic.fna	77.8138	414	1639
B6.scaffolds.fasta.supercontigs.fna	GCA_001425345.1_Leaf383_genomic.fna	77.7967	364	1639
B6.scaffolds.fasta.supercontigs.fna	GCA_945952415.1_SRR9109407_bin.14_metaWRAP_v1.3_MAG_genomic.fna	77.7945	377	1639
B6.scaffolds.fasta.supercontigs.fna	GCA_014158035.1_ASM1415803v1_genomic.fna	77.7841	377	1639
B6.scaffolds.fasta.supercontigs.fna	GCA_002812325.1_ASM281232v1_genomic.fna	77.7833	448	1639
B6.scaffolds.fasta.supercontigs.fna	GCA_004342645.1_ASM434264v1_genomic.fna	77.7768	391	1639
B6.scaffolds.fasta.supercontigs.fna	GCA_003240565.2_ASM324056v2_genomic.fna	77.7746	426	1639
B6.scaffolds.fasta.supercontigs.fna	GCA_001908375.1_ASM190837v1_genomic.fna	77.7695	392	1639
B6.scaffolds.fasta.supercontigs.fna	GCA_900220975.1_IMG-taxon_2740891857_annotated_assembly_genomic.fna	77.7667	379	1639
B6.scaffolds.fasta.supercontigs.fna	GCA_004342325.1_ASM434232v1_genomic.fna	77.7574	393	1639
B6.scaffolds.fasta.supercontigs.fna	GCA_014197625.1_ASM1419762v1_genomic.fna	77.7514	421	1639
B6.scaffolds.fasta.supercontigs.fna	GCA_025200715.1_ASM2520071v1_genomic.fna	77.7356	453	1639
B6.scaffolds.fasta.supercontigs.fna	GCA_000427985.1_ASM42798v1_genomic.fna	77.7146	449	1639
B6.scaffolds.fasta.supercontigs.fna	GCA_037994545.1_ASM3799454v1_genomic.fna	77.712	323	1639
B6.scaffolds.fasta.supercontigs.fna	GCA_021555155.1_ASM2155515v1_genomic.fna	77.7029	391	1639
B6.scaffolds.fasta.supercontigs.fna	GCA_014851675.1_ASM1485167v1_genomic.fna	77.6708	323	1639
B6.scaffolds.fasta.supercontigs.fna	GCA_000419765.1_ASM41976v1_genomic.fna	77.6695	425	1639
B6.scaffolds.fasta.supercontigs.fna	GCA_937907675.1_SRR3901701_bin.43_CONCOCT_v1.1_MAG_genomic.fna	77.6555	379	1639
B6.scaffolds.fasta.supercontigs.fna	GCA_029892285.1_ASM2989228v1_genomic.fna	77.6524	374	1639
B6.scaffolds.fasta.supercontigs.fna	GCA_001939045.1_ASM193904v1_genomic.fna	77.6359	357	1639
B6.scaffolds.fasta.supercontigs.fna	GCA_021648825.1_ASM2164882v1_genomic.fna	77.6335	335	1639
B6.scaffolds.fasta.supercontigs.fna	GCA_014204625.1_ASM1420462v1_genomic.fna	77.6283	383	1639
B6.scaffolds.fasta.supercontigs.fna	GCA_037994485.1_ASM3799448v1_genomic.fna	77.6111	274	1639
B6.scaffolds.fasta.supercontigs.fna	GCA_014873215.1_ASM1487321v1_genomic.fna	77.6043	377	1639
B6.scaffolds.fasta.supercontigs.fna	GCA_000172775.1_ASM17277v1_genomic.fna	77.5832	55	1639
B6.scaffolds.fasta.supercontigs.fna	GCA_030551875.1_ASM3055187v1_genomic.fna	77.577	324	1639
B6.scaffolds.fasta.supercontigs.fna	GCA_902498825.1_RHIZ404_assembly_genomic.fna	77.4903	215	1639
B6.scaffolds.fasta.supercontigs.fna	GCA_000172755.1_ASM17275v1_genomic.fna	77.4803	98	1639
B6.scaffolds.fasta.supercontigs.fna	GCA_000375385.1_ASM37538v1_genomic.fna	77.4649	67	1639
B6.scaffolds.fasta.supercontigs.fna	GCA_014841565.1_ASM1484156v1_genomic.fna	77.4524	294	1639
B6.scaffolds.fasta.supercontigs.fna	GCA_024707525.1_ASM2470752v1_genomic.fna	77.4468	348	1639
B6.scaffolds.fasta.supercontigs.fna	GCA_030160035.1_ASM3016003v1_genomic.fna	77.3208	232	1639
B6.scaffolds.fasta.supercontigs.fna	GCA_036754045.1_ASM3675404v1_genomic.fna	77.3161	315	1639
B6.scaffolds.fasta.supercontigs.fna	GCA_945952245.1_SRR9109402_bin.13_metaWRAP_v1.3_MAG_genomic.fna	77.3114	276	1639
B6.scaffolds.fasta.supercontigs.fna	GCA_946480855.1_SRR14536430_bin.8_metawrap_v1.3.0_MAG_genomic.fna	77.2202	206	1639
B6.scaffolds.fasta.supercontigs.fna	GCA_945952145.1_SRR9109399_bin.6_metaWRAP_v1.3_MAG_genomic.fna	77.0421	170	1639
B6.scaffolds.fasta.supercontigs.fna	GCA_936911375.1_ERR2144888_bin.22_CONCOCT_v1.1_MAG_genomic.fna	76.8617	55	1639
B6.scaffolds.fasta.supercontigs.fna	GCA_945907245.1_ZE-13nov19-169_genomic.fna	76.5306	56	1639
B6.scaffolds.fasta.supercontigs.fna	GCA_945860165.1_AH-24oct19-157_genomic.fna	76.4529	50	1639
B6.scaffolds.fasta.supercontigs.fna	GCA_943373055.1_JJ-MIS3-109-2-m2-bin119_genomic.fna	76.4114	53	1639
B6.scaffolds.fasta.supercontigs.fna	GCA_943372345.1_JJ-MAC1KOLB2-402-3-mx-bin659_genomic.fna	76.2322	113	1639
B6.scaffolds.fasta.supercontigs.fna	GCA_945889445.1_MH-09jul19-261_genomic.fna	76.2162	96	1639
B6.scaffolds.fasta.supercontigs.fna	GCA_945878875.1_TE-08apr19-241_genomic.fna	76.216	59	1639
B6.scaffolds.fasta.supercontigs.fna	GCA_945907045.1_TrH-25oct19-79_genomic.fna	76.1609	60	1639
B6.scaffolds.fasta.supercontigs.fna	GCA_945861265.1_LH-05nov19-45_genomic.fna	76.1212	79	1639
B6.scaffolds.fasta.supercontigs.fna	GCA_945903655.1_TrE-25oct19-112_genomic.fna	76.1116	64	1639
B6.scaffolds.fasta.supercontigs.fna	GCA_945870035.1_MiH-14oct19-73_genomic.fna	76.0458	79	1639
B6.scaffolds.fasta.supercontigs.fna	GCA_943333705.2_HRSG-H3-bin-178_genomic.fna	76.0096	73	1639
B6.scaffolds.fasta.supercontigs.fna	GCA_945861545.1_LE-02apr19-183_genomic.fna	75.9793	67	1639
B6.scaffolds.fasta.supercontigs.fna	GCA_945861895.1_MaH-09apr19-191_genomic.fna	75.8487	65	1639
B6.scaffolds.fasta.supercontigs.fna	GCA_945906855.1_TrE-03may19-262_genomic.fna	75.7933	60	1639
B6.scaffolds.fasta.supercontigs.fna	GCA_945889635.1_MaH-04nov19-53_genomic.fna	75.7395	66	1639
B6.scaffolds.fasta.supercontigs.fna	GCA_945882615.1_MH-09jul19-258_genomic.fna	75.7274	53	1639
B6.scaffolds.fasta.supercontigs.fna	GCA_943329725.2_HRSG-H13-bin-8_genomic.fna	75.6927	77	1639
B6.scaffolds.fasta.supercontigs.fna	GCA_945876255.1_ZH-03apr19-283_genomic.fna	75.255	63	1639
B6.scaffolds.fasta.supercontigs.fna	GCA_945903635.1_TrH-03may19-24_genomic.fna	74.9802	74	1639
DA1.scaffolds.fasta.supercontigs.fna	DA1.scaffolds.fasta.supercontigs.fna	100	1862	1864
DA1.scaffolds.fasta.supercontigs.fna	GCA_019969875.1_ASM1996987v1_genomic.fna	99.6358	1579	1864
DA1.scaffolds.fasta.supercontigs.fna	GCA_002008215.1_ASM200821v1_genomic.fna	99.5627	1650	1864
DA1.scaffolds.fasta.supercontigs.fna	GCA_963360635.1_AR_v2_genomic.fna	99.5504	1658	1864
DA1.scaffolds.fasta.supercontigs.fna	GCA_001541305.1_ASM154130v1_genomic.fna	99.5446	1656	1864
DA1.scaffolds.fasta.supercontigs.fna	GCA_008801385.1_ASM880138v1_genomic.fna	99.542	1656	1864
DA1.scaffolds.fasta.supercontigs.fna	GCA_011684005.1_ASM1168400v1_genomic.fna	99.5409	1654	1864
DA1.scaffolds.fasta.supercontigs.fna	GCA_943372685.1_JJ-MAC3-364-2-mx-bin660_genomic.fna	99.5114	1560	1864
DA1.scaffolds.fasta.supercontigs.fna	GCA_014198065.1_ASM1419806v1_genomic.fna	99.4823	1548	1864
DA1.scaffolds.fasta.supercontigs.fna	GCA_004766495.1_ASM476649v1_genomic.fna	99.478	1549	1864
DA1.scaffolds.fasta.supercontigs.fna	GCA_024170835.1_ASM2417083v1_genomic.fna	99.4541	1684	1864
DA1.scaffolds.fasta.supercontigs.fna	GCA_014198435.1_ASM1419843v1_genomic.fna	99.4516	1553	1864
DA1.scaffolds.fasta.supercontigs.fna	GCA_014198505.1_ASM1419850v1_genomic.fna	99.4483	1553	1864
DA1.scaffolds.fasta.supercontigs.fna	GCA_014197895.1_ASM1419789v1_genomic.fna	99.4429	1553	1864
DA1.scaffolds.fasta.supercontigs.fna	GCA_014198455.1_ASM1419845v1_genomic.fna	99.4366	1554	1864
DA1.scaffolds.fasta.supercontigs.fna	GCA_014198495.1_ASM1419849v1_genomic.fna	99.4269	1631	1864
DA1.scaffolds.fasta.supercontigs.fna	GCA_014198555.1_ASM1419855v1_genomic.fna	99.4251	1627	1864
DA1.scaffolds.fasta.supercontigs.fna	GCA_014198595.1_ASM1419859v1_genomic.fna	99.4201	1627	1864
DA1.scaffolds.fasta.supercontigs.fna	GCA_014197995.1_ASM1419799v1_genomic.fna	99.4126	1627	1864
DA1.scaffolds.fasta.supercontigs.fna	GCA_014198635.1_ASM1419863v1_genomic.fna	99.411	1626	1864
DA1.scaffolds.fasta.supercontigs.fna	GCA_014198055.1_ASM1419805v1_genomic.fna	99.4053	1631	1864
DA1.scaffolds.fasta.supercontigs.fna	GCA_008370655.1_ASM837065v1_genomic.fna	99.34	1543	1864
DA1.scaffolds.fasta.supercontigs.fna	GCA_900012605.1_AHY_PRJEB12186_v1_genomic.fna	99.2924	1649	1864
DA1.scaffolds.fasta.supercontigs.fna	GCA_017877285.1_ASM1787728v1_genomic.fna	99.2614	1624	1864
DA1.scaffolds.fasta.supercontigs.fna	GCA_003350285.1_ASM335028v1_genomic.fna	98.9204	1570	1864
DA1.scaffolds.fasta.supercontigs.fna	GCA_034424685.1_ASM3442468v1_genomic.fna	98.9183	1573	1864
DA1.scaffolds.fasta.supercontigs.fna	GCA_025559945.1_ASM2555994v1_genomic.fna	98.5676	1541	1864
DA1.scaffolds.fasta.supercontigs.fna	GCA_025559885.1_ASM2555988v1_genomic.fna	98.5659	1542	1864
DA1.scaffolds.fasta.supercontigs.fna	GCA_019969865.1_ASM1996986v1_genomic.fna	98.4598	1662	1864
DA1.scaffolds.fasta.supercontigs.fna	GCA_025560545.1_ASM2556054v1_genomic.fna	98.4265	1561	1864
DA1.scaffolds.fasta.supercontigs.fna	GCA_030209895.1_ASM3020989v1_genomic.fna	98.4168	1624	1864
DA1.scaffolds.fasta.supercontigs.fna	GCA_017877215.1_ASM1787721v1_genomic.fna	98.416	1607	1864
DA1.scaffolds.fasta.supercontigs.fna	GCA_017877235.1_ASM1787723v1_genomic.fna	98.4055	1624	1864
DA1.scaffolds.fasta.supercontigs.fna	GCA_031455515.1_ASM3145551v1_genomic.fna	98.3957	1626	1864
DA1.scaffolds.fasta.supercontigs.fna	GCA_030812225.1_ASM3081222v1_genomic.fna	98.37	1631	1864
DA1.scaffolds.fasta.supercontigs.fna	GCA_030811615.1_ASM3081161v1_genomic.fna	98.3497	1634	1864
DA1.scaffolds.fasta.supercontigs.fna	GCA_004342365.1_ASM434236v1_genomic.fna	98.3428	1609	1864
DA1.scaffolds.fasta.supercontigs.fna	GCA_019775675.1_ASM1977567v1_genomic.fna	98.3236	1534	1864
DA1.scaffolds.fasta.supercontigs.fna	GCA_014198395.1_ASM1419839v1_genomic.fna	98.3039	1604	1864
DA1.scaffolds.fasta.supercontigs.fna	GCA_019969915.1_ASM1996991v1_genomic.fna	98.3033	1582	1864
DA1.scaffolds.fasta.supercontigs.fna	GCA_013317615.2_ASM1331761v2_genomic.fna	98.2936	1523	1864
DA1.scaffolds.fasta.supercontigs.fna	GCA_013320715.1_ASM1332071v1_genomic.fna	98.2931	1527	1864
DA1.scaffolds.fasta.supercontigs.fna	GCA_003667905.1_ASM366790v1_genomic.fna	98.2861	1528	1864
DA1.scaffolds.fasta.supercontigs.fna	GCA_002179795.1_ASM217979v1_genomic.fna	98.2855	1593	1864
DA1.scaffolds.fasta.supercontigs.fna	GCA_004023565.1_ASM402356v1_genomic.fna	98.2847	1541	1864
DA1.scaffolds.fasta.supercontigs.fna	GCA_000233975.2_ASM23397v2_genomic.fna	98.2823	1518	1864
DA1.scaffolds.fasta.supercontigs.fna	GCA_036888815.1_ASM3688881v1_genomic.fna	98.2732	1641	1864
DA1.scaffolds.fasta.supercontigs.fna	GCA_036914675.1_ASM3691467v1_genomic.fna	98.2697	1577	1864
DA1.scaffolds.fasta.supercontigs.fna	GCA_014198165.1_ASM1419816v1_genomic.fna	98.2662	1612	1864
DA1.scaffolds.fasta.supercontigs.fna	GCA_030811155.1_ASM3081115v1_genomic.fna	98.2644	1625	1864
DA1.scaffolds.fasta.supercontigs.fna	GCA_037083465.1_ASM3708346v1_genomic.fna	98.2639	1643	1864
DA1.scaffolds.fasta.supercontigs.fna	GCA_009498585.1_ASM949858v1_genomic.fna	98.2577	1535	1864
DA1.scaffolds.fasta.supercontigs.fna	GCA_025560445.1_ASM2556044v1_genomic.fna	98.2503	1541	1864
DA1.scaffolds.fasta.supercontigs.fna	GCA_030811185.1_ASM3081118v1_genomic.fna	98.2479	1627	1864
DA1.scaffolds.fasta.supercontigs.fna	GCA_014489975.1_ASM1448997v1_genomic.fna	98.2336	1537	1864
DA1.scaffolds.fasta.supercontigs.fna	GCA_013358225.1_ASM1335822v1_genomic.fna	98.2327	1536	1864
DA1.scaffolds.fasta.supercontigs.fna	GCA_037083425.1_ASM3708342v1_genomic.fna	98.232	1571	1864
DA1.scaffolds.fasta.supercontigs.fna	GCA_013317715.2_ASM1331771v2_genomic.fna	98.2295	1601	1864
DA1.scaffolds.fasta.supercontigs.fna	GCA_025560285.1_ASM2556028v1_genomic.fna	98.2249	1540	1864
DA1.scaffolds.fasta.supercontigs.fna	GCA_025560405.1_ASM2556040v1_genomic.fna	98.2226	1544	1864
DA1.scaffolds.fasta.supercontigs.fna	GCA_025560005.1_ASM2556000v1_genomic.fna	98.2163	1542	1864
DA1.scaffolds.fasta.supercontigs.fna	GCA_017877155.1_ASM1787715v1_genomic.fna	98.2159	1583	1864
DA1.scaffolds.fasta.supercontigs.fna	GCA_002591665.3_ASM259166v3_genomic.fna	98.2155	1541	1864
DA1.scaffolds.fasta.supercontigs.fna	GCA_017877095.1_ASM1787709v1_genomic.fna	98.2135	1587	1864
DA1.scaffolds.fasta.supercontigs.fna	GCA_025560125.1_ASM2556012v1_genomic.fna	98.2089	1539	1864
DA1.scaffolds.fasta.supercontigs.fna	GCA_013317535.1_ASM1331753v1_genomic.fna	98.2069	1537	1864
DA1.scaffolds.fasta.supercontigs.fna	GCA_017877075.1_ASM1787707v1_genomic.fna	98.2051	1581	1864
DA1.scaffolds.fasta.supercontigs.fna	GCA_900011755.1_AHY_PRJEB12188_v1_genomic.fna	98.2021	1536	1864
DA1.scaffolds.fasta.supercontigs.fna	GCA_017877245.1_ASM1787724v1_genomic.fna	98.1899	1617	1864
DA1.scaffolds.fasta.supercontigs.fna	GCA_013320685.1_ASM1332068v1_genomic.fna	98.1841	1512	1864
DA1.scaffolds.fasta.supercontigs.fna	GCA_025560585.1_ASM2556058v1_genomic.fna	98.1815	1545	1864
DA1.scaffolds.fasta.supercontigs.fna	GCA_025560305.1_ASM2556030v1_genomic.fna	98.1806	1550	1864
DA1.scaffolds.fasta.supercontigs.fna	GCA_017877085.1_ASM1787708v1_genomic.fna	98.1797	1587	1864
DA1.scaffolds.fasta.supercontigs.fna	GCA_025560685.1_ASM2556068v1_genomic.fna	98.1787	1555	1864
DA1.scaffolds.fasta.supercontigs.fna	GCA_036914725.1_ASM3691472v1_genomic.fna	98.176	1567	1864
DA1.scaffolds.fasta.supercontigs.fna	GCA_025560205.1_ASM2556020v1_genomic.fna	98.1751	1546	1864
DA1.scaffolds.fasta.supercontigs.fna	GCA_013317925.1_ASM1331792v1_genomic.fna	98.1737	1546	1864
DA1.scaffolds.fasta.supercontigs.fna	GCA_025560225.1_ASM2556022v1_genomic.fna	98.1649	1542	1864
DA1.scaffolds.fasta.supercontigs.fna	GCA_025560085.1_ASM2556008v1_genomic.fna	98.1529	1549	1864
DA1.scaffolds.fasta.supercontigs.fna	GCA_025560165.1_ASM2556016v1_genomic.fna	98.1382	1549	1864
DA1.scaffolds.fasta.supercontigs.fna	GCA_026184315.1_ASM2618431v1_genomic.fna	98.1371	1550	1864
DA1.scaffolds.fasta.supercontigs.fna	GCA_026184195.1_ASM2618419v1_genomic.fna	98.0986	1549	1864
DA1.scaffolds.fasta.supercontigs.fna	GCA_036914755.1_ASM3691475v1_genomic.fna	97.959	1527	1864
DA1.scaffolds.fasta.supercontigs.fna	GCA_031455075.1_ASM3145507v1_genomic.fna	97.9487	1536	1864
DA1.scaffolds.fasta.supercontigs.fna	GCA_003031125.1_ASM303112v1_genomic.fna	97.8459	1527	1864
DA1.scaffolds.fasta.supercontigs.fna	GCA_001692245.1_ASM169224v1_genomic.fna	97.8166	1573	1864
DA1.scaffolds.fasta.supercontigs.fna	GCA_013318115.1_ASM1331811v1_genomic.fna	97.7831	1576	1864
DA1.scaffolds.fasta.supercontigs.fna	GCA_013317795.1_ASM1331779v1_genomic.fna	97.7826	1582	1864
DA1.scaffolds.fasta.supercontigs.fna	GCA_013318175.1_ASM1331817v1_genomic.fna	97.7647	1584	1864
DA1.scaffolds.fasta.supercontigs.fna	GCA_900045375.1_AHY_PRJEB12187_v1_genomic.fna	97.7454	1590	1864
DA1.scaffolds.fasta.supercontigs.fna	GCA_009498475.1_ASM949847v1_genomic.fna	97.7448	1585	1864
DA1.scaffolds.fasta.supercontigs.fna	GCA_900455815.1_35377_C01_genomic.fna	97.7447	1588	1864
DA1.scaffolds.fasta.supercontigs.fna	GCA_001541315.1_ASM154131v1_genomic.fna	97.7258	1573	1864
DA1.scaffolds.fasta.supercontigs.fna	GCA_022760295.1_ASM2276029v1_genomic.fna	97.7257	1550	1864
DA1.scaffolds.fasta.supercontigs.fna	GCA_025560245.1_ASM2556024v1_genomic.fna	97.6366	1569	1864
DA1.scaffolds.fasta.supercontigs.fna	GCA_003666445.1_ASM366644v1_genomic.fna	97.6064	1575	1864
DA1.scaffolds.fasta.supercontigs.fna	GCA_013401495.1_ASM1340149v1_genomic.fna	97.5947	1576	1864
DA1.scaffolds.fasta.supercontigs.fna	GCA_013318385.1_ASM1331838v1_genomic.fna	97.58	1548	1864
DA1.scaffolds.fasta.supercontigs.fna	GCA_000421945.1_genome_genomic.fna	97.2187	1140	1864
DA1.scaffolds.fasta.supercontigs.fna	GCA_900188475.1_IMG-taxon_2521172559_annotated_assembly_genomic.fna	95.8518	1489	1864
DA1.scaffolds.fasta.supercontigs.fna	GCA_000482285.1_ASM48228v1_genomic.fna	95.811	1504	1864
DA1.scaffolds.fasta.supercontigs.fna	GCA_000384555.1_ASM38455v1_genomic.fna	95.7985	1464	1864
DA1.scaffolds.fasta.supercontigs.fna	GCA_001526505.1_ASM152650v1_genomic.fna	92.2086	1442	1864
DA1.scaffolds.fasta.supercontigs.fna	GCA_013317565.1_ASM1331756v1_genomic.fna	92.2052	1451	1864
DA1.scaffolds.fasta.supercontigs.fna	GCA_003610845.1_ASM361084v1_genomic.fna	92.1792	1465	1864
DA1.scaffolds.fasta.supercontigs.fna	GCA_001526565.1_ASM152656v1_genomic.fna	92.1633	1460	1864
DA1.scaffolds.fasta.supercontigs.fna	GCA_001526585.1_ASM152658v1_genomic.fna	92.1618	1452	1864
DA1.scaffolds.fasta.supercontigs.fna	GCA_015704895.1_ASM1570489v1_genomic.fna	92.1524	1448	1864
DA1.scaffolds.fasta.supercontigs.fna	GCA_000349865.1_Cherry1.0_genomic.fna	92.1493	1418	1864
DA1.scaffolds.fasta.supercontigs.fna	GCA_001526525.1_ASM152652v1_genomic.fna	92.143	1461	1864
DA1.scaffolds.fasta.supercontigs.fna	GCA_005221405.1_ASM522140v1_genomic.fna	92.14	1570	1864
DA1.scaffolds.fasta.supercontigs.fna	GCA_001526605.1_ASM152660v1_genomic.fna	92.1376	1416	1864
DA1.scaffolds.fasta.supercontigs.fna	GCA_027498395.1_ASM2749839v1_genomic.fna	92.1362	1471	1864
DA1.scaffolds.fasta.supercontigs.fna	GCA_027157905.1_ASM2715790v1_genomic.fna	92.1354	1469	1864
DA1.scaffolds.fasta.supercontigs.fna	GCA_027498535.1_ASM2749853v1_genomic.fna	92.1317	1468	1864
DA1.scaffolds.fasta.supercontigs.fna	GCA_006970545.1_ASM697054v1_genomic.fna	92.1232	1458	1864
DA1.scaffolds.fasta.supercontigs.fna	GCA_025560465.1_ASM2556046v1_genomic.fna	92.1189	1478	1864
DA1.scaffolds.fasta.supercontigs.fna	GCA_001526545.1_ASM152654v1_genomic.fna	92.1153	1455	1864
DA1.scaffolds.fasta.supercontigs.fna	GCA_025560045.1_ASM2556004v1_genomic.fna	92.1136	1454	1864
DA1.scaffolds.fasta.supercontigs.fna	GCA_005144435.2_ASM514443v2_genomic.fna	92.0848	1475	1864
DA1.scaffolds.fasta.supercontigs.fna	GCA_030643885.1_ASM3064388v1_genomic.fna	92.0541	1463	1864
DA1.scaffolds.fasta.supercontigs.fna	GCA_900012585.1_AHY_PRJEB12191_v1_genomic.fna	92.0483	1485	1864
DA1.scaffolds.fasta.supercontigs.fna	GCA_013319015.1_ASM1331901v1_genomic.fna	92.0474	1440	1864
DA1.scaffolds.fasta.supercontigs.fna	GCA_004766515.1_ASM476651v1_genomic.fna	92.046	1472	1864
DA1.scaffolds.fasta.supercontigs.fna	GCA_900013515.1_AHY_PRJEB12193_v1_genomic.fna	92.0392	1474	1864
DA1.scaffolds.fasta.supercontigs.fna	GCA_000699125.1_genome_genomic.fna	92.0362	1283	1864
DA1.scaffolds.fasta.supercontigs.fna	GCA_014200255.1_ASM1420025v1_genomic.fna	92.0292	1473	1864
DA1.scaffolds.fasta.supercontigs.fna	GCA_013319085.1_ASM1331908v1_genomic.fna	92.007	1452	1864
DA1.scaffolds.fasta.supercontigs.fna	GCA_005298145.1_ASM529814v1_genomic.fna	92.0045	1480	1864
DA1.scaffolds.fasta.supercontigs.fna	GCA_014198255.1_ASM1419825v1_genomic.fna	91.9985	1477	1864
DA1.scaffolds.fasta.supercontigs.fna	GCA_025560345.1_ASM2556034v1_genomic.fna	91.9848	1495	1864
DA1.scaffolds.fasta.supercontigs.fna	GCA_004005385.1_ASM400538v1_genomic.fna	91.9562	1477	1864
DA1.scaffolds.fasta.supercontigs.fna	GCA_003931535.1_ASM393153v1_genomic.fna	91.9316	1432	1864
DA1.scaffolds.fasta.supercontigs.fna	GCA_001692405.1_ASM169240v1_genomic.fna	91.8907	1425	1864
DA1.scaffolds.fasta.supercontigs.fna	GCA_027921015.1_ASM2792101v1_genomic.fna	91.8778	1433	1864
DA1.scaffolds.fasta.supercontigs.fna	GCA_027871645.1_ASM2787164v1_genomic.fna	91.865	1452	1864
DA1.scaffolds.fasta.supercontigs.fna	GCA_039594325.1_ASM3959432v1_genomic.fna	91.8594	1363	1864
DA1.scaffolds.fasta.supercontigs.fna	GCA_013317995.1_ASM1331799v1_genomic.fna	91.8539	1438	1864
DA1.scaffolds.fasta.supercontigs.fna	GCA_002008205.1_ASM200820v1_genomic.fna	91.8421	1449	1864
DA1.scaffolds.fasta.supercontigs.fna	GCA_007002845.1_ASM700284v1_genomic.fna	91.8414	1446	1864
DA1.scaffolds.fasta.supercontigs.fna	GCA_019511265.1_ASM1951126v1_genomic.fna	91.838	1448	1864
DA1.scaffolds.fasta.supercontigs.fna	GCA_013318515.1_ASM1331851v1_genomic.fna	91.8362	1445	1864
DA1.scaffolds.fasta.supercontigs.fna	GCA_027460125.1_ASM2746012v1_genomic.fna	91.8349	1446	1864
DA1.scaffolds.fasta.supercontigs.fna	GCA_027460045.1_ASM2746004v1_genomic.fna	91.8339	1460	1864
DA1.scaffolds.fasta.supercontigs.fna	GCA_037198305.1_ASM3719830v1_genomic.fna	91.8282	1454	1864
DA1.scaffolds.fasta.supercontigs.fna	GCA_013320635.1_ASM1332063v1_genomic.fna	91.8195	1431	1864
DA1.scaffolds.fasta.supercontigs.fna	GCA_013318835.1_ASM1331883v1_genomic.fna	91.8186	1440	1864
DA1.scaffolds.fasta.supercontigs.fna	GCA_013320735.1_ASM1332073v1_genomic.fna	91.818	1446	1864
DA1.scaffolds.fasta.supercontigs.fna	GCA_013318875.1_ASM1331887v1_genomic.fna	91.8068	1437	1864
DA1.scaffolds.fasta.supercontigs.fna	GCA_013318725.1_ASM1331872v1_genomic.fna	91.8065	1442	1864
DA1.scaffolds.fasta.supercontigs.fna	GCA_013318585.1_ASM1331858v1_genomic.fna	91.8057	1437	1864
DA1.scaffolds.fasta.supercontigs.fna	GCA_013318575.1_ASM1331857v1_genomic.fna	91.8052	1438	1864
DA1.scaffolds.fasta.supercontigs.fna	GCA_013318845.1_ASM1331884v1_genomic.fna	91.8036	1442	1864
DA1.scaffolds.fasta.supercontigs.fna	GCA_013318495.1_ASM1331849v1_genomic.fna	91.8024	1450	1864
DA1.scaffolds.fasta.supercontigs.fna	GCA_013318795.1_ASM1331879v1_genomic.fna	91.8013	1446	1864
DA1.scaffolds.fasta.supercontigs.fna	GCA_013318815.1_ASM1331881v1_genomic.fna	91.7967	1442	1864
DA1.scaffolds.fasta.supercontigs.fna	GCA_013320275.1_ASM1332027v1_genomic.fna	91.7956	1437	1864
DA1.scaffolds.fasta.supercontigs.fna	GCA_013320625.1_ASM1332062v1_genomic.fna	91.793	1435	1864
DA1.scaffolds.fasta.supercontigs.fna	GCA_002943835.1_ASM294383v1_genomic.fna	91.7922	1454	1864
DA1.scaffolds.fasta.supercontigs.fna	GCA_013318455.1_ASM1331845v1_genomic.fna	91.7922	1443	1864
DA1.scaffolds.fasta.supercontigs.fna	GCA_013318715.1_ASM1331871v1_genomic.fna	91.7886	1444	1864
DA1.scaffolds.fasta.supercontigs.fna	GCA_013318555.1_ASM1331855v1_genomic.fna	91.788	1435	1864
DA1.scaffolds.fasta.supercontigs.fna	GCA_013318375.1_ASM1331837v1_genomic.fna	91.7877	1438	1864
DA1.scaffolds.fasta.supercontigs.fna	GCA_013318895.1_ASM1331889v1_genomic.fna	91.7855	1443	1864
DA1.scaffolds.fasta.supercontigs.fna	GCA_013318475.1_ASM1331847v1_genomic.fna	91.7852	1434	1864
DA1.scaffolds.fasta.supercontigs.fna	GCA_027921025.1_ASM2792102v1_genomic.fna	91.7843	1438	1864
DA1.scaffolds.fasta.supercontigs.fna	GCA_013318625.1_ASM1331862v1_genomic.fna	91.7839	1439	1864
DA1.scaffolds.fasta.supercontigs.fna	GCA_027871605.1_ASM2787160v1_genomic.fna	91.7831	1442	1864
DA1.scaffolds.fasta.supercontigs.fna	GCA_013318935.1_ASM1331893v1_genomic.fna	91.782	1442	1864
DA1.scaffolds.fasta.supercontigs.fna	GCA_013318745.1_ASM1331874v1_genomic.fna	91.78	1442	1864
DA1.scaffolds.fasta.supercontigs.fna	GCA_013318505.1_ASM1331850v1_genomic.fna	91.78	1443	1864
DA1.scaffolds.fasta.supercontigs.fna	GCA_013318675.1_ASM1331867v1_genomic.fna	91.7787	1453	1864
DA1.scaffolds.fasta.supercontigs.fna	GCA_013320235.1_ASM1332023v1_genomic.fna	91.7751	1451	1864
DA1.scaffolds.fasta.supercontigs.fna	GCA_013318655.1_ASM1331865v1_genomic.fna	91.7748	1453	1864
DA1.scaffolds.fasta.supercontigs.fna	GCA_013318765.1_ASM1331876v1_genomic.fna	91.7739	1450	1864
DA1.scaffolds.fasta.supercontigs.fna	GCA_013318915.1_ASM1331891v1_genomic.fna	91.7668	1454	1864
DA1.scaffolds.fasta.supercontigs.fna	GCA_013318695.1_ASM1331869v1_genomic.fna	91.7664	1450	1864
DA1.scaffolds.fasta.supercontigs.fna	GCA_013318615.1_ASM1331861v1_genomic.fna	91.7594	1449	1864
DA1.scaffolds.fasta.supercontigs.fna	GCA_013320675.2_ASM1332067v2_genomic.fna	91.7593	1460	1864
DA1.scaffolds.fasta.supercontigs.fna	GCA_900013505.1_AHY_PRJEB12192_v1_genomic.fna	91.7499	1469	1864
DA1.scaffolds.fasta.supercontigs.fna	GCA_900101425.1_IMG-taxon_2599185210_annotated_assembly_genomic.fna	91.6271	1472	1864
DA1.scaffolds.fasta.supercontigs.fna	GCA_946482405.1_SRR14536366_bin.3_metawrap_v1.3.0_MAG_genomic.fna	91.6151	1014	1864
DA1.scaffolds.fasta.supercontigs.fna	GCA_029840625.1_ASM2984062v1_genomic.fna	91.1898	1382	1864
DA1.scaffolds.fasta.supercontigs.fna	GCA_029845425.1_ASM2984542v1_genomic.fna	91.1854	1373	1864
DA1.scaffolds.fasta.supercontigs.fna	GCA_029840685.1_ASM2984068v1_genomic.fna	91.1683	1386	1864
DA1.scaffolds.fasta.supercontigs.fna	GCA_029838325.1_ASM2983832v1_genomic.fna	91.1614	1380	1864
DA1.scaffolds.fasta.supercontigs.fna	GCA_029845325.1_ASM2984532v1_genomic.fna	91.1601	1390	1864
DA1.scaffolds.fasta.supercontigs.fna	GCA_029845345.1_ASM2984534v1_genomic.fna	91.1566	1378	1864
DA1.scaffolds.fasta.supercontigs.fna	GCA_005144495.2_ASM514449v2_genomic.fna	91.0244	1374	1864
DA1.scaffolds.fasta.supercontigs.fna	GCA_900012565.1_AHY_PRJEB12195_v1_genomic.fna	91.0043	1370	1864
DA1.scaffolds.fasta.supercontigs.fna	GCA_008274755.1_ASM827475v1_genomic.fna	90.8395	1433	1864
DA1.scaffolds.fasta.supercontigs.fna	GCA_027988005.1_ASM2798800v1_genomic.fna	90.8212	1327	1864
DA1.scaffolds.fasta.supercontigs.fna	GCA_027956555.1_ASM2795655v1_genomic.fna	90.7711	1336	1864
DA1.scaffolds.fasta.supercontigs.fna	GCA_027498475.1_ASM2749847v1_genomic.fna	90.7487	1371	1864
DA1.scaffolds.fasta.supercontigs.fna	GCA_002008225.1_ASM200822v1_genomic.fna	90.7386	1366	1864
DA1.scaffolds.fasta.supercontigs.fna	GCA_002894505.1_ASM289450v1_genomic.fna	90.7267	1367	1864
DA1.scaffolds.fasta.supercontigs.fna	GCA_027498595.1_ASM2749859v1_genomic.fna	90.7014	1377	1864
DA1.scaffolds.fasta.supercontigs.fna	GCA_011319455.1_ASM1131945v1_genomic.fna	90.7011	1383	1864
DA1.scaffolds.fasta.supercontigs.fna	GCA_027498495.1_ASM2749849v1_genomic.fna	90.7007	1366	1864
DA1.scaffolds.fasta.supercontigs.fna	GCA_027498425.1_ASM2749842v1_genomic.fna	90.6988	1401	1864
DA1.scaffolds.fasta.supercontigs.fna	GCA_027498575.1_ASM2749857v1_genomic.fna	90.6987	1368	1864
DA1.scaffolds.fasta.supercontigs.fna	GCA_027871525.1_ASM2787152v1_genomic.fna	90.6961	1374	1864
DA1.scaffolds.fasta.supercontigs.fna	GCA_007002765.1_ASM700276v1_genomic.fna	90.675	1370	1864
DA1.scaffolds.fasta.supercontigs.fna	GCA_027498435.1_ASM2749843v1_genomic.fna	90.6734	1365	1864
DA1.scaffolds.fasta.supercontigs.fna	GCA_013317635.1_ASM1331763v1_genomic.fna	90.6711	1391	1864
DA1.scaffolds.fasta.supercontigs.fna	GCA_027498545.1_ASM2749854v1_genomic.fna	90.6661	1357	1864
DA1.scaffolds.fasta.supercontigs.fna	GCA_027956525.1_ASM2795652v1_genomic.fna	90.6376	1388	1864
DA1.scaffolds.fasta.supercontigs.fna	GCA_005144505.2_ASM514450v2_genomic.fna	90.6341	1411	1864
DA1.scaffolds.fasta.supercontigs.fna	GCA_027988115.1_ASM2798811v1_genomic.fna	90.6209	1390	1864
DA1.scaffolds.fasta.supercontigs.fna	GCA_019048945.1_ASM1904894v1_genomic.fna	90.6152	1429	1864
DA1.scaffolds.fasta.supercontigs.fna	GCA_003241215.1_ASM324121v1_genomic.fna	90.6084	1007	1864
DA1.scaffolds.fasta.supercontigs.fna	GCA_017744915.1_ASM1774491v1_genomic.fna	90.0883	1371	1864
DA1.scaffolds.fasta.supercontigs.fna	GCA_027212525.1_ASM2721252v1_genomic.fna	89.9765	1465	1864
DA1.scaffolds.fasta.supercontigs.fna	GCA_013317685.1_ASM1331768v1_genomic.fna	89.7631	1408	1864
DA1.scaffolds.fasta.supercontigs.fna	GCA_007002865.1_ASM700286v1_genomic.fna	89.7552	1393	1864
DA1.scaffolds.fasta.supercontigs.fna	GCA_903772885.2_K599_Annotation_hybrid_June20200624_updated_genomic.fna	89.7381	1405	1864
DA1.scaffolds.fasta.supercontigs.fna	GCA_002005205.3_ASM200520v3_genomic.fna	89.7317	1403	1864
DA1.scaffolds.fasta.supercontigs.fna	GCA_017313365.1_ASM1731336v1_genomic.fna	89.7314	1401	1864
DA1.scaffolds.fasta.supercontigs.fna	GCA_013317765.2_ASM1331776v2_genomic.fna	89.7073	1437	1864
DA1.scaffolds.fasta.supercontigs.fna	GCA_027460105.1_ASM2746010v1_genomic.fna	89.7065	1404	1864
DA1.scaffolds.fasta.supercontigs.fna	GCA_003208455.1_ASM320845v1_genomic.fna	89.6831	1414	1864
DA1.scaffolds.fasta.supercontigs.fna	GCA_001649535.1_ASM164953v1_genomic.fna	89.6666	1414	1864
DA1.scaffolds.fasta.supercontigs.fna	GCA_025560485.1_ASM2556048v1_genomic.fna	89.6322	1443	1864
DA1.scaffolds.fasta.supercontigs.fna	GCA_013317835.1_ASM1331783v1_genomic.fna	89.6181	1418	1864
DA1.scaffolds.fasta.supercontigs.fna	GCA_005221325.1_ASM522132v1_genomic.fna	89.6	1425	1864
DA1.scaffolds.fasta.supercontigs.fna	GCA_013320585.1_ASM1332058v1_genomic.fna	89.5966	1430	1864
DA1.scaffolds.fasta.supercontigs.fna	GCA_013320615.1_ASM1332061v1_genomic.fna	89.5925	1412	1864
DA1.scaffolds.fasta.supercontigs.fna	GCA_027460065.1_ASM2746006v1_genomic.fna	89.5767	1446	1864
DA1.scaffolds.fasta.supercontigs.fna	GCA_900012625.1_AHY_PRJEB12190_v1_genomic.fna	89.556	1436	1864
DA1.scaffolds.fasta.supercontigs.fna	GCA_005221345.1_ASM522134v1_genomic.fna	89.5514	1441	1864
DA1.scaffolds.fasta.supercontigs.fna	GCA_946479545.1_SRR10754060_bin.19_metawrap_v1.3.0_MAG_genomic.fna	89.5418	1259	1864
DA1.scaffolds.fasta.supercontigs.fna	GCA_900012615.1_AHY_PRJEB12196_v1_genomic.fna	89.5001	1379	1864
DA1.scaffolds.fasta.supercontigs.fna	GCA_013318275.2_ASM1331827v2_genomic.fna	89.4303	1385	1864
DA1.scaffolds.fasta.supercontigs.fna	GCA_000723345.1_AGROS2_V1_genomic.fna	89.3829	1378	1864
DA1.scaffolds.fasta.supercontigs.fna	GCA_025560025.1_ASM2556002v1_genomic.fna	89.3665	1400	1864
DA1.scaffolds.fasta.supercontigs.fna	GCA_013320725.1_ASM1332072v1_genomic.fna	89.3271	1396	1864
DA1.scaffolds.fasta.supercontigs.fna	GCA_013317735.2_ASM1331773v2_genomic.fna	89.3261	1434	1864
DA1.scaffolds.fasta.supercontigs.fna	GCA_006757705.1_ASM675770v1_genomic.fna	89.3186	1415	1864
DA1.scaffolds.fasta.supercontigs.fna	GCA_003667945.1_ASM366794v1_genomic.fna	89.3163	1410	1864
DA1.scaffolds.fasta.supercontigs.fna	GCA_013317665.2_ASM1331766v2_genomic.fna	89.3145	1434	1864
DA1.scaffolds.fasta.supercontigs.fna	GCA_900013525.1_AHY_PRJEB12194_v1_genomic.fna	89.3061	1444	1864
DA1.scaffolds.fasta.supercontigs.fna	GCA_013318355.2_ASM1331835v2_genomic.fna	89.3041	1453	1864
DA1.scaffolds.fasta.supercontigs.fna	GCA_016864515.1_ASM1686451v1_genomic.fna	89.2998	1410	1864
DA1.scaffolds.fasta.supercontigs.fna	GCA_900100235.1_IMG-taxon_2690315628_annotated_assembly_genomic.fna	89.293	1421	1864
DA1.scaffolds.fasta.supercontigs.fna	GCA_026241955.1_ASM2624195v1_genomic.fna	89.277	1373	1864
DA1.scaffolds.fasta.supercontigs.fna	GCA_029223905.1_ASM2922390v1_genomic.fna	89.2769	1436	1864
DA1.scaffolds.fasta.supercontigs.fna	GCA_033611815.1_ASM3361181v1_genomic.fna	89.2766	1402	1864
DA1.scaffolds.fasta.supercontigs.fna	GCA_003667725.1_ASM366772v1_genomic.fna	89.2707	1421	1864
DA1.scaffolds.fasta.supercontigs.fna	GCA_903772965.2_EHA105_Annotation_hybrid_June20200624_genomic.fna	89.2691	1442	1864
DA1.scaffolds.fasta.supercontigs.fna	GCA_000730975.1_ASM73097v1_genomic.fna	89.2615	1431	1864
DA1.scaffolds.fasta.supercontigs.fna	GCA_013318415.1_ASM1331841v1_genomic.fna	89.2595	1405	1864
DA1.scaffolds.fasta.supercontigs.fna	GCA_016599595.1_ASM1659959v1_genomic.fna	89.2581	1443	1864
DA1.scaffolds.fasta.supercontigs.fna	GCA_016599615.1_ASM1659961v1_genomic.fna	89.2572	1433	1864
DA1.scaffolds.fasta.supercontigs.fna	GCA_016599575.1_ASM1659957v1_genomic.fna	89.2565	1435	1864
DA1.scaffolds.fasta.supercontigs.fna	GCA_013365515.1_ASM1336551v1_genomic.fna	89.2523	1429	1864
DA1.scaffolds.fasta.supercontigs.fna	GCA_007002855.1_ASM700285v1_genomic.fna	89.2523	1433	1864
DA1.scaffolds.fasta.supercontigs.fna	GCA_030345655.1_ASM3034565v1_genomic.fna	89.2522	1446	1864
DA1.scaffolds.fasta.supercontigs.fna	GCA_029338155.1_ASM2933815v1_genomic.fna	89.248	1420	1864
DA1.scaffolds.fasta.supercontigs.fna	GCA_029277625.1_ASM2927762v1_genomic.fna	89.2424	1439	1864
DA1.scaffolds.fasta.supercontigs.fna	GCA_000092025.1_ASM9202v1_genomic.fna	89.2373	1436	1864
DA1.scaffolds.fasta.supercontigs.fna	GCA_020218025.1_ASM2021802v1_genomic.fna	89.235	1406	1864
DA1.scaffolds.fasta.supercontigs.fna	GCA_022819325.1_ASM2281932v1_genomic.fna	89.2296	1438	1864
DA1.scaffolds.fasta.supercontigs.fna	GCA_025560525.1_ASM2556052v1_genomic.fna	89.2295	1443	1864
DA1.scaffolds.fasta.supercontigs.fna	GCA_000214615.2_Agro31749_1.0_genomic.fna	89.2267	1394	1864
DA1.scaffolds.fasta.supercontigs.fna	GCA_030717765.1_ASM3071776v1_genomic.fna	89.2261	1435	1864
DA1.scaffolds.fasta.supercontigs.fna	GCA_005221425.1_ASM522142v1_genomic.fna	89.2253	1406	1864
DA1.scaffolds.fasta.supercontigs.fna	GCA_918698075.1_SRABI46_genomic.fna	89.2213	1408	1864
DA1.scaffolds.fasta.supercontigs.fna	GCA_002916755.1_ASM291675v1_genomic.fna	89.2195	1429	1864
DA1.scaffolds.fasta.supercontigs.fna	GCA_024706645.1_ASM2470664v1_genomic.fna	89.2124	1432	1864
DA1.scaffolds.fasta.supercontigs.fna	GCA_918698265.1_SRABI05_genomic.fna	89.2118	1404	1864
DA1.scaffolds.fasta.supercontigs.fna	GCA_029893265.1_ASM2989326v1_genomic.fna	89.2114	1415	1864
DA1.scaffolds.fasta.supercontigs.fna	GCA_900104545.1_IMG-taxon_2600255308_annotated_assembly_genomic.fna	89.2058	1447	1864
DA1.scaffolds.fasta.supercontigs.fna	GCA_900013535.1_AHY_PRJEB12185_v1_genomic.fna	89.2031	1428	1864
DA1.scaffolds.fasta.supercontigs.fna	GCA_005221385.1_ASM522138v1_genomic.fna	89.2008	1421	1864
DA1.scaffolds.fasta.supercontigs.fna	GCA_000966435.1_ASM96643v1_genomic.fna	89.2004	1403	1864
DA1.scaffolds.fasta.supercontigs.fna	GCA_032002345.1_ASM3200234v1_genomic.fna	89.1984	1360	1864
DA1.scaffolds.fasta.supercontigs.fna	GCA_012971785.1_ASM1297178v1_genomic.fna	89.1922	1444	1864
DA1.scaffolds.fasta.supercontigs.fna	GCA_020218035.1_ASM2021803v1_genomic.fna	89.19	1396	1864
DA1.scaffolds.fasta.supercontigs.fna	GCA_027460005.1_ASM2746000v1_genomic.fna	89.1889	1405	1864
DA1.scaffolds.fasta.supercontigs.fna	GCA_900111085.1_IMG-taxon_2600255279_annotated_assembly_genomic.fna	89.1875	1440	1864
DA1.scaffolds.fasta.supercontigs.fna	GCA_001263295.1_SUL3v1_genomic.fna	89.169	1407	1864
DA1.scaffolds.fasta.supercontigs.fna	GCA_013318095.1_ASM1331809v1_genomic.fna	89.1639	1430	1864
DA1.scaffolds.fasta.supercontigs.fna	GCA_001427625.1_Root651_genomic.fna	89.1564	1416	1864
DA1.scaffolds.fasta.supercontigs.fna	GCA_030505215.1_ASM3050521v1_genomic.fna	89.1366	1355	1864
DA1.scaffolds.fasta.supercontigs.fna	GCA_001005815.2_ASM100581v2_genomic.fna	89.1356	1391	1864
DA1.scaffolds.fasta.supercontigs.fna	GCA_000219665.2_ASM21966v2_genomic.fna	89.1284	1342	1864
DA1.scaffolds.fasta.supercontigs.fna	GCA_963525105.1_ERR9968974_bin.13_MetaWRAP_v1.3_MAG_genomic.fna	89.1208	1345	1864
DA1.scaffolds.fasta.supercontigs.fna	GCA_020215465.1_ASM2021546v1_genomic.fna	89.1123	1423	1864
DA1.scaffolds.fasta.supercontigs.fna	GCA_018873185.1_ASM1887318v1_genomic.fna	89.1123	1369	1864
DA1.scaffolds.fasta.supercontigs.fna	GCA_900012595.1_AHY_PRJEB12189_v1_genomic.fna	89.1031	1356	1864
DA1.scaffolds.fasta.supercontigs.fna	GCA_020215445.1_ASM2021544v1_genomic.fna	89.0926	1417	1864
DA1.scaffolds.fasta.supercontigs.fna	GCA_029221985.1_ASM2922198v1_genomic.fna	89.0739	1396	1864
DA1.scaffolds.fasta.supercontigs.fna	GCA_020215515.1_ASM2021551v1_genomic.fna	89.0661	1421	1864
DA1.scaffolds.fasta.supercontigs.fna	GCA_010669145.1_ASM1066914v1_genomic.fna	89.0547	1365	1864
DA1.scaffolds.fasta.supercontigs.fna	GCA_005221445.1_ASM522144v1_genomic.fna	89.0521	1371	1864
DA1.scaffolds.fasta.supercontigs.fna	GCA_027956545.1_ASM2795654v1_genomic.fna	89.0517	1399	1864
DA1.scaffolds.fasta.supercontigs.fna	GCA_027460085.1_ASM2746008v1_genomic.fna	89.0442	1397	1864
DA1.scaffolds.fasta.supercontigs.fna	GCA_007002745.1_ASM700274v1_genomic.fna	89.0406	1397	1864
DA1.scaffolds.fasta.supercontigs.fna	GCA_005221465.1_ASM522146v1_genomic.fna	89.0385	1376	1864
DA1.scaffolds.fasta.supercontigs.fna	GCA_027871575.1_ASM2787157v1_genomic.fna	89.0279	1407	1864
DA1.scaffolds.fasta.supercontigs.fna	GCA_027460025.1_ASM2746002v1_genomic.fna	89.021	1406	1864
DA1.scaffolds.fasta.supercontigs.fna	GCA_021107245.1_ASM2110724v1_genomic.fna	89.02	1233	1864
DA1.scaffolds.fasta.supercontigs.fna	DAN6.scaffolds.fasta.supercontigs.fna	89.0076	1433	1864
DA1.scaffolds.fasta.supercontigs.fna	GCA_030036535.1_ASM3003653v1_genomic.fna	89.0013	1410	1864
DA1.scaffolds.fasta.supercontigs.fna	GCA_025910175.1_ASM2591017v1_genomic.fna	88.9908	1370	1864
DA1.scaffolds.fasta.supercontigs.fna	GCA_027459975.1_ASM2745997v1_genomic.fna	88.9895	1405	1864
DA1.scaffolds.fasta.supercontigs.fna	GCA_030518355.1_ASM3051835v1_genomic.fna	88.9811	1417	1864
DA1.scaffolds.fasta.supercontigs.fna	GCA_002453905.1_ASM245390v1_genomic.fna	88.9633	1302	1864
DA1.scaffolds.fasta.supercontigs.fna	GCA_027459965.1_ASM2745996v1_genomic.fna	88.963	1389	1864
DA1.scaffolds.fasta.supercontigs.fna	GCA_002335295.1_ASM233529v1_genomic.fna	88.9627	1275	1864
DA1.scaffolds.fasta.supercontigs.fna	GCA_002454155.1_ASM245415v1_genomic.fna	88.9094	1267	1864
DA1.scaffolds.fasta.supercontigs.fna	GCA_039593715.1_ASM3959371v1_genomic.fna	88.8835	868	1864
DA1.scaffolds.fasta.supercontigs.fna	GCA_013337285.1_ASM1333728v1_genomic.fna	88.8689	1387	1864
DA1.scaffolds.fasta.supercontigs.fna	GCA_029909835.1_ASM2990983v1_genomic.fna	88.8059	1362	1864
DA1.scaffolds.fasta.supercontigs.fna	NCPPB4602_scaffolds.fasta.supercontigs.fna	88.8018	1400	1864
DA1.scaffolds.fasta.supercontigs.fna	GCA_000949895.1_ASM94989v1_genomic.fna	88.7925	1388	1864
DA1.scaffolds.fasta.supercontigs.fna	GCA_017313405.1_ASM1731340v1_genomic.fna	88.7887	1399	1864
DA1.scaffolds.fasta.supercontigs.fna	GCA_030757975.1_ASM3075797v1_genomic.fna	88.7804	1358	1864
DA1.scaffolds.fasta.supercontigs.fna	GCA_009498615.1_ASM949861v1_genomic.fna	88.7559	1408	1864
DA1.scaffolds.fasta.supercontigs.fna	GCA_008501935.1_ASM850193v1_genomic.fna	88.7516	1409	1864
DA1.scaffolds.fasta.supercontigs.fna	GCA_018056125.1_ASM1805612v1_genomic.fna	88.6594	687	1864
DA1.scaffolds.fasta.supercontigs.fna	GCA_036794005.1_ASM3679400v1_genomic.fna	88.6335	1234	1864
DA1.scaffolds.fasta.supercontigs.fna	GCA_019511505.1_ASM1951150v1_genomic.fna	88.5767	1384	1864
DA1.scaffolds.fasta.supercontigs.fna	GCA_001691455.1_ASM169145v1_genomic.fna	88.5678	1374	1864
DA1.scaffolds.fasta.supercontigs.fna	GCA_009649115.1_ASM964911v1_genomic.fna	88.5662	1389	1864
DA1.scaffolds.fasta.supercontigs.fna	GCA_001644925.1_GHKF11_genomic.fna	88.5643	1386	1864
DA1.scaffolds.fasta.supercontigs.fna	GCA_036831645.1_ASM3683164v1_genomic.fna	88.5618	1355	1864
DA1.scaffolds.fasta.supercontigs.fna	GCA_003261015.1_ASM326101v1_genomic.fna	88.5616	1336	1864
DA1.scaffolds.fasta.supercontigs.fna	GCA_018987285.1_ASM1898728v1_genomic.fna	88.5578	1370	1864
DA1.scaffolds.fasta.supercontigs.fna	GCA_013285525.1_ASM1328552v1_genomic.fna	88.5574	1403	1864
DA1.scaffolds.fasta.supercontigs.fna	GCA_005221365.1_ASM522136v1_genomic.fna	88.5458	1386	1864
DA1.scaffolds.fasta.supercontigs.fna	GCA_013267135.1_ASM1326713v1_genomic.fna	88.5453	1395	1864
DA1.scaffolds.fasta.supercontigs.fna	GCA_014190925.1_ASM1419092v1_genomic.fna	88.5444	1405	1864
DA1.scaffolds.fasta.supercontigs.fna	GCA_029632585.1_ASM2963258v1_genomic.fna	88.5354	1396	1864
DA1.scaffolds.fasta.supercontigs.fna	GCA_001888225.1_ASM188822v1_genomic.fna	88.5329	1364	1864
DA1.scaffolds.fasta.supercontigs.fna	GCA_019511365.1_ASM1951136v1_genomic.fna	88.5327	1389	1864
DA1.scaffolds.fasta.supercontigs.fna	GCA_019511385.1_ASM1951138v1_genomic.fna	88.5321	1401	1864
DA1.scaffolds.fasta.supercontigs.fna	GCA_027498515.1_ASM2749851v1_genomic.fna	88.5259	1402	1864
DA1.scaffolds.fasta.supercontigs.fna	GCA_013267155.1_ASM1326715v1_genomic.fna	88.524	1401	1864
DA1.scaffolds.fasta.supercontigs.fna	GCA_019511285.1_ASM1951128v1_genomic.fna	88.524	1374	1864
DA1.scaffolds.fasta.supercontigs.fna	GCA_005144405.2_ASM514440v2_genomic.fna	88.5221	1352	1864
DA1.scaffolds.fasta.supercontigs.fna	GCA_031453315.1_ASM3145331v1_genomic.fna	88.5196	1410	1864
DA1.scaffolds.fasta.supercontigs.fna	GCA_030804105.1_ASM3080410v1_genomic.fna	88.5146	1433	1864
DA1.scaffolds.fasta.supercontigs.fna	GCA_003031555.1_ASM303155v1_genomic.fna	88.5138	1372	1864
DA1.scaffolds.fasta.supercontigs.fna	GCA_032018425.1_ASM3201842v1_genomic.fna	88.511	1377	1864
DA1.scaffolds.fasta.supercontigs.fna	GCA_022848885.1_ASM2284888v1_genomic.fna	88.51	1398	1864
DA1.scaffolds.fasta.supercontigs.fna	GCA_029838545.1_ASM2983854v1_genomic.fna	88.509	1358	1864
DA1.scaffolds.fasta.supercontigs.fna	GCA_902153225.3_P007.v3_genomic.fna	88.5087	1351	1864
DA1.scaffolds.fasta.supercontigs.fna	GCA_000758445.1_ASM75844v1_genomic.fna	88.5071	1360	1864
DA1.scaffolds.fasta.supercontigs.fna	GCA_000931365.1_ASM93136v1_genomic.fna	88.5069	1398	1864
DA1.scaffolds.fasta.supercontigs.fna	GCA_004328495.1_ASM432849v1_genomic.fna	88.5045	1398	1864
DA1.scaffolds.fasta.supercontigs.fna	GCA_019511295.1_ASM1951129v1_genomic.fna	88.5038	1397	1864
DA1.scaffolds.fasta.supercontigs.fna	GCA_031326085.1_ASM3132608v1_genomic.fna	88.5025	1406	1864
DA1.scaffolds.fasta.supercontigs.fna	GCA_002008275.1_ASM200827v1_genomic.fna	88.5014	1394	1864
DA1.scaffolds.fasta.supercontigs.fna	GCA_029838495.1_ASM2983849v1_genomic.fna	88.5013	1379	1864
DA1.scaffolds.fasta.supercontigs.fna	GCA_029845225.1_ASM2984522v1_genomic.fna	88.501	1388	1864
DA1.scaffolds.fasta.supercontigs.fna	GCA_017357485.1_ASM1735748v1_genomic.fna	88.4992	1367	1864
DA1.scaffolds.fasta.supercontigs.fna	GCA_002814035.1_ASM281403v1_genomic.fna	88.496	1399	1864
DA1.scaffolds.fasta.supercontigs.fna	GCA_032058545.1_ASM3205854v1_genomic.fna	88.4952	1400	1864
DA1.scaffolds.fasta.supercontigs.fna	GCA_003031575.1_ASM303157v1_genomic.fna	88.4938	1396	1864
DA1.scaffolds.fasta.supercontigs.fna	GCA_030804145.1_ASM3080414v1_genomic.fna	88.4922	1416	1864
DA1.scaffolds.fasta.supercontigs.fna	GCA_029834945.1_ASM2983494v1_genomic.fna	88.492	1394	1864
DA1.scaffolds.fasta.supercontigs.fna	GCA_001888145.1_ASM188814v1_genomic.fna	88.4904	1382	1864
DA1.scaffolds.fasta.supercontigs.fna	GCA_000959075.1_ASM95907v1_genomic.fna	88.4886	1384	1864
DA1.scaffolds.fasta.supercontigs.fna	GCA_026191755.1_ASM2619175v1_genomic.fna	88.4875	1406	1864
DA1.scaffolds.fasta.supercontigs.fna	GCA_030804125.1_ASM3080412v1_genomic.fna	88.4863	1420	1864
DA1.scaffolds.fasta.supercontigs.fna	GCA_017877395.1_ASM1787739v1_genomic.fna	88.4847	1406	1864
DA1.scaffolds.fasta.supercontigs.fna	GCA_900013495.1_AHY_PRJEB12183_v1_genomic.fna	88.4835	1392	1864
DA1.scaffolds.fasta.supercontigs.fna	GCA_025560665.1_ASM2556066v1_genomic.fna	88.4829	1405	1864
DA1.scaffolds.fasta.supercontigs.fna	GCA_031453135.1_ASM3145313v1_genomic.fna	88.4816	1425	1864
DA1.scaffolds.fasta.supercontigs.fna	GCA_029866445.1_ASM2986644v1_genomic.fna	88.481	1407	1864
DA1.scaffolds.fasta.supercontigs.fna	GCA_032229345.1_ASM3222934v1_genomic.fna	88.4748	1406	1864
DA1.scaffolds.fasta.supercontigs.fna	GCA_029840665.1_ASM2984066v1_genomic.fna	88.4739	1389	1864
DA1.scaffolds.fasta.supercontigs.fna	GCA_032074685.1_ASM3207468v1_genomic.fna	88.4711	1402	1864
DA1.scaffolds.fasta.supercontigs.fna	GCA_037203725.1_ASM3720372v1_genomic.fna	88.4704	1403	1864
DA1.scaffolds.fasta.supercontigs.fna	GCA_013320535.1_ASM1332053v1_genomic.fna	88.4665	1414	1864
DA1.scaffolds.fasta.supercontigs.fna	GCA_019511305.1_ASM1951130v1_genomic.fna	88.4652	1400	1864
DA1.scaffolds.fasta.supercontigs.fna	GCA_036527375.1_ASM3652737v1_genomic.fna	88.4651	1365	1864
DA1.scaffolds.fasta.supercontigs.fna	GCA_029840505.1_ASM2984050v1_genomic.fna	88.4638	1334	1864
DA1.scaffolds.fasta.supercontigs.fna	GCA_014138475.1_ASM1413847v1_genomic.fna	88.4622	1434	1864
DA1.scaffolds.fasta.supercontigs.fna	GCA_001551895.1_ASM155189v1_genomic.fna	88.4546	1414	1864
DA1.scaffolds.fasta.supercontigs.fna	GCA_012272675.1_ASM1227267v1_genomic.fna	88.4532	1379	1864
DA1.scaffolds.fasta.supercontigs.fna	GCA_000702405.1_ASM70240v1_genomic.fna	88.452	1406	1864
DA1.scaffolds.fasta.supercontigs.fna	GCA_029839305.1_ASM2983930v1_genomic.fna	88.4473	1347	1864
DA1.scaffolds.fasta.supercontigs.fna	GCA_002339905.1_ASM233990v1_genomic.fna	88.4453	1380	1864
DA1.scaffolds.fasta.supercontigs.fna	GCA_900102105.1_IMG-taxon_2671180227_annotated_assembly_genomic.fna	88.4429	1403	1864
DA1.scaffolds.fasta.supercontigs.fna	GCA_000499645.1_IRBG74_genomic.fna	88.4411	1404	1864
DA1.scaffolds.fasta.supercontigs.fna	GCA_000949865.1_ASM94986v1_genomic.fna	88.4361	1321	1864
DA1.scaffolds.fasta.supercontigs.fna	GCA_032077825.1_ASM3207782v1_genomic.fna	88.4294	813	1864
DA1.scaffolds.fasta.supercontigs.fna	GCA_029844925.1_ASM2984492v1_genomic.fna	88.4157	1360	1864
DA1.scaffolds.fasta.supercontigs.fna	GCA_032092795.1_ASM3209279v1_genomic.fna	88.4126	1161	1864
DA1.scaffolds.fasta.supercontigs.fna	GCA_003053405.1_ASM305340v1_genomic.fna	88.4109	1413	1864
DA1.scaffolds.fasta.supercontigs.fna	GCA_003938925.1_ASM393892v1_genomic.fna	88.4022	1397	1864
DA1.scaffolds.fasta.supercontigs.fna	GCA_003517425.1_ASM351742v1_genomic.fna	88.4002	711	1864
DA1.scaffolds.fasta.supercontigs.fna	GCA_030440405.1_ASM3044040v1_genomic.fna	88.3969	1417	1864
DA1.scaffolds.fasta.supercontigs.fna	GCA_036802085.1_ASM3680208v1_genomic.fna	88.3826	1337	1864
DA1.scaffolds.fasta.supercontigs.fna	GCA_003509855.1_ASM350985v1_genomic.fna	88.3648	976	1864
DA1.scaffolds.fasta.supercontigs.fna	GCA_000648215.1_SOAPdenovo_for_version_3_of_the_Agrobacterium_tumefaciens_S33_genome_genomic.fna	88.3536	1385	1864
DA1.scaffolds.fasta.supercontigs.fna	GCA_032001665.1_ASM3200166v1_genomic.fna	88.3514	1149	1864
DA1.scaffolds.fasta.supercontigs.fna	GCA_031982105.1_ASM3198210v1_genomic.fna	88.342	1163	1864
DA1.scaffolds.fasta.supercontigs.fna	GCA_949742715.1_iMGMC-16_1678881632_genomic.fna	88.3253	1243	1864
DA1.scaffolds.fasta.supercontigs.fna	GCA_036596185.1_ASM3659618v1_genomic.fna	88.3164	1342	1864
DA1.scaffolds.fasta.supercontigs.fna	GCA_003529865.1_ASM352986v1_genomic.fna	88.252	1228	1864
DA1.scaffolds.fasta.supercontigs.fna	GCA_006517835.1_ASM651783v1_genomic.fna	88.1872	919	1864
DA1.scaffolds.fasta.supercontigs.fna	GCA_948843785.1_MGBC108980_genomic.fna	88.1304	712	1864
DA1.scaffolds.fasta.supercontigs.fna	GCA_900039255.1_AHY_PRJEB12180_v1_genomic.fna	88.1258	1462	1864
DA1.scaffolds.fasta.supercontigs.fna	GCA_003485305.1_ASM348530v1_genomic.fna	88.088	936	1864
DA1.scaffolds.fasta.supercontigs.fna	GCA_949416905.1_MH-0-3_111223.53_1677754698_genomic.fna	88.0646	683	1864
DA1.scaffolds.fasta.supercontigs.fna	GCA_024508975.1_ASM2450897v1_genomic.fna	88.043	911	1864
DA1.scaffolds.fasta.supercontigs.fna	GCA_013318255.2_ASM1331825v2_genomic.fna	87.9746	1412	1864
DA1.scaffolds.fasta.supercontigs.fna	GCA_009498535.1_ASM949853v1_genomic.fna	87.9581	1360	1864
DA1.scaffolds.fasta.supercontigs.fna	GCA_013318335.2_ASM1331833v2_genomic.fna	87.9435	1392	1864
DA1.scaffolds.fasta.supercontigs.fna	GCA_900215255.1_IMG-taxon_2617270923_annotated_assembly_genomic.fna	87.9423	1406	1864
DA1.scaffolds.fasta.supercontigs.fna	GCA_001427205.1_Root491_genomic.fna	87.9401	1410	1864
DA1.scaffolds.fasta.supercontigs.fna	GCA_029909905.1_ASM2990990v1_genomic.fna	87.9271	1381	1864
DA1.scaffolds.fasta.supercontigs.fna	GCA_949416755.1_MH-0-5_111223.17_1677754708_genomic.fna	87.9266	307	1864
DA1.scaffolds.fasta.supercontigs.fna	GCA_900215635.1_IMG-taxon_2619618868_annotated_assembly_genomic.fna	87.9244	1399	1864
DA1.scaffolds.fasta.supercontigs.fna	GCA_030757945.1_ASM3075794v1_genomic.fna	87.9243	1381	1864
DA1.scaffolds.fasta.supercontigs.fna	GCA_024170775.1_ASM2417077v1_genomic.fna	87.9241	1401	1864
DA1.scaffolds.fasta.supercontigs.fna	GCA_004012045.1_ASM401204v1_genomic.fna	87.9226	1408	1864
DA1.scaffolds.fasta.supercontigs.fna	GCA_003667925.1_ASM366792v1_genomic.fna	87.9148	1412	1864
DA1.scaffolds.fasta.supercontigs.fna	GCA_030550875.1_ASM3055087v1_genomic.fna	87.9102	1384	1864
DA1.scaffolds.fasta.supercontigs.fna	GCA_030757915.1_ASM3075791v1_genomic.fna	87.9057	1391	1864
DA1.scaffolds.fasta.supercontigs.fna	GCA_030865405.1_ASM3086540v1_genomic.fna	87.9056	1396	1864
DA1.scaffolds.fasta.supercontigs.fna	GCA_900012575.1_AHY_PRJEB12182_v1_genomic.fna	87.9044	1396	1864
DA1.scaffolds.fasta.supercontigs.fna	GCA_030757985.1_ASM3075798v1_genomic.fna	87.9022	1383	1864
DA1.scaffolds.fasta.supercontigs.fna	GCA_001692425.1_ASM169242v1_genomic.fna	87.9016	1398	1864
DA1.scaffolds.fasta.supercontigs.fna	GCA_003666465.1_ASM366646v1_genomic.fna	87.8995	1412	1864
DA1.scaffolds.fasta.supercontigs.fna	GCA_000192635.1_ASM19263v1_genomic.fna	87.8934	1417	1864
DA1.scaffolds.fasta.supercontigs.fna	GCA_013318235.1_ASM1331823v1_genomic.fna	87.8919	1409	1864
DA1.scaffolds.fasta.supercontigs.fna	GCA_001975795.1_ASM197579v1_genomic.fna	87.8864	1380	1864
DA1.scaffolds.fasta.supercontigs.fna	GCA_013318215.1_ASM1331821v1_genomic.fna	87.8784	1417	1864
DA1.scaffolds.fasta.supercontigs.fna	GCA_000971565.1_ASM97156v1_genomic.fna	87.8774	1414	1864
DA1.scaffolds.fasta.supercontigs.fna	GCA_016403145.1_ASM1640314v1_genomic.fna	87.8753	1411	1864
DA1.scaffolds.fasta.supercontigs.fna	GCA_000576515.1_ASM57651v1_genomic.fna	87.8706	1415	1864
DA1.scaffolds.fasta.supercontigs.fna	GCA_008501925.1_ASM850192v1_genomic.fna	87.8656	1393	1864
DA1.scaffolds.fasta.supercontigs.fna	GCA_025560605.1_ASM2556060v1_genomic.fna	87.8649	1440	1864
DA1.scaffolds.fasta.supercontigs.fna	GCA_013318055.2_ASM1331805v2_genomic.fna	87.8625	1408	1864
DA1.scaffolds.fasta.supercontigs.fna	GCA_013317815.1_ASM1331781v1_genomic.fna	87.861	1399	1864
DA1.scaffolds.fasta.supercontigs.fna	GCA_013318285.1_ASM1331828v1_genomic.fna	87.8576	1418	1864
DA1.scaffolds.fasta.supercontigs.fna	GCA_000442985.1_AtP4V1.0_genomic.fna	87.8531	1386	1864
DA1.scaffolds.fasta.supercontigs.fna	GCA_013318065.1_ASM1331806v1_genomic.fna	87.8498	1422	1864
DA1.scaffolds.fasta.supercontigs.fna	GCA_013318425.1_ASM1331842v1_genomic.fna	87.8497	1374	1864
DA1.scaffolds.fasta.supercontigs.fna	GCA_001692275.2_ASM169227v2_genomic.fna	87.8488	1394	1864
DA1.scaffolds.fasta.supercontigs.fna	GCA_001692265.2_ASM169226v2_genomic.fna	87.8463	1393	1864
DA1.scaffolds.fasta.supercontigs.fna	GCA_003666425.1_ASM366642v1_genomic.fna	87.846	1387	1864
DA1.scaffolds.fasta.supercontigs.fna	GCA_013318185.1_ASM1331818v1_genomic.fna	87.8459	1421	1864
DA1.scaffolds.fasta.supercontigs.fna	GCA_031323645.1_ASM3132364v1_genomic.fna	87.8452	1402	1864
DA1.scaffolds.fasta.supercontigs.fna	GCA_013337085.1_ASM1333708v1_genomic.fna	87.842	1429	1864
DA1.scaffolds.fasta.supercontigs.fna	GCA_011684035.1_ASM1168403v1_genomic.fna	87.8401	1412	1864
DA1.scaffolds.fasta.supercontigs.fna	GCA_009649785.1_ASM964978v1_genomic.fna	87.8362	1406	1864
DA1.scaffolds.fasta.supercontigs.fna	GCA_013319125.1_ASM1331912v1_genomic.fna	87.8362	1388	1864
DA1.scaffolds.fasta.supercontigs.fna	GCA_025560265.1_ASM2556026v1_genomic.fna	87.8354	1378	1864
DA1.scaffolds.fasta.supercontigs.fna	GCA_007002775.1_ASM700277v1_genomic.fna	87.8299	1409	1864
DA1.scaffolds.fasta.supercontigs.fna	GCA_008501985.1_ASM850198v1_genomic.fna	87.8277	1363	1864
DA1.scaffolds.fasta.supercontigs.fna	GCA_001950375.1_TBD182_assembly01_genomic.fna	87.8273	1406	1864
DA1.scaffolds.fasta.supercontigs.fna	GCA_033957665.1_ASM3395766v1_genomic.fna	87.827	1399	1864
DA1.scaffolds.fasta.supercontigs.fna	GCA_013318965.1_ASM1331896v1_genomic.fna	87.8219	1379	1864
DA1.scaffolds.fasta.supercontigs.fna	GCA_013317965.2_ASM1331796v2_genomic.fna	87.8183	1407	1864
DA1.scaffolds.fasta.supercontigs.fna	GCA_013317755.1_ASM1331775v1_genomic.fna	87.816	1401	1864
DA1.scaffolds.fasta.supercontigs.fna	GCA_034651525.1_ASM3465152v1_genomic.fna	87.812	1414	1864
DA1.scaffolds.fasta.supercontigs.fna	GCA_013317515.1_ASM1331751v1_genomic.fna	87.8084	1407	1864
DA1.scaffolds.fasta.supercontigs.fna	GCA_013317525.1_ASM1331752v1_genomic.fna	87.8038	1427	1864
DA1.scaffolds.fasta.supercontigs.fna	GCA_013320435.1_ASM1332043v1_genomic.fna	87.8037	1391	1864
DA1.scaffolds.fasta.supercontigs.fna	GCA_013318015.2_ASM1331801v2_genomic.fna	87.8028	1409	1864
DA1.scaffolds.fasta.supercontigs.fna	GCA_017584185.1_ASM1758418v1_genomic.fna	87.8016	1421	1864
DA1.scaffolds.fasta.supercontigs.fna	GCA_019355535.1_ASM1935553v1_genomic.fna	87.7992	1431	1864
DA1.scaffolds.fasta.supercontigs.fna	GCA_013319145.1_ASM1331914v1_genomic.fna	87.7987	1399	1864
DA1.scaffolds.fasta.supercontigs.fna	GCA_013320515.1_ASM1332051v1_genomic.fna	87.7981	1401	1864
DA1.scaffolds.fasta.supercontigs.fna	GCA_013318125.2_ASM1331812v2_genomic.fna	87.798	1407	1864
DA1.scaffolds.fasta.supercontigs.fna	GCA_013317895.1_ASM1331789v1_genomic.fna	87.7972	1409	1864
DA1.scaffolds.fasta.supercontigs.fna	GCA_013320775.1_ASM1332077v1_genomic.fna	87.7972	1398	1864
DA1.scaffolds.fasta.supercontigs.fna	GCA_013320545.1_ASM1332054v1_genomic.fna	87.7965	1393	1864
DA1.scaffolds.fasta.supercontigs.fna	GCA_013319215.1_ASM1331921v1_genomic.fna	87.7945	1396	1864
DA1.scaffolds.fasta.supercontigs.fna	GCA_013320495.1_ASM1332049v1_genomic.fna	87.7937	1400	1864
DA1.scaffolds.fasta.supercontigs.fna	GCA_013320405.1_ASM1332040v1_genomic.fna	87.7925	1401	1864
DA1.scaffolds.fasta.supercontigs.fna	GCA_025560705.1_ASM2556070v1_genomic.fna	87.7924	1428	1864
DA1.scaffolds.fasta.supercontigs.fna	GCA_030758035.1_ASM3075803v1_genomic.fna	87.7923	1421	1864
DA1.scaffolds.fasta.supercontigs.fna	GCA_013320245.1_ASM1332024v1_genomic.fna	87.7891	1407	1864
DA1.scaffolds.fasta.supercontigs.fna	GCA_000381165.1_ASM38116v1_genomic.fna	87.7857	1404	1864
DA1.scaffolds.fasta.supercontigs.fna	GCA_013317575.1_ASM1331757v1_genomic.fna	87.7826	1425	1864
DA1.scaffolds.fasta.supercontigs.fna	GCA_900014385.1_AHY_PRJEB12181_v1_genomic.fna	87.7814	1386	1864
DA1.scaffolds.fasta.supercontigs.fna	GCA_000439225.1_AtWRT31V1.0_genomic.fna	87.7797	1432	1864
DA1.scaffolds.fasta.supercontigs.fna	GCA_030803465.1_ASM3080346v1_genomic.fna	87.7784	1423	1864
DA1.scaffolds.fasta.supercontigs.fna	GCA_013320305.1_ASM1332030v1_genomic.fna	87.7777	1400	1864
DA1.scaffolds.fasta.supercontigs.fna	GCA_030804045.1_ASM3080404v1_genomic.fna	87.7749	1408	1864
DA1.scaffolds.fasta.supercontigs.fna	GCA_013317955.1_ASM1331795v1_genomic.fna	87.7743	1416	1864
DA1.scaffolds.fasta.supercontigs.fna	GCA_017897985.1_ASM1789798v1_genomic.fna	87.7733	1397	1864
DA1.scaffolds.fasta.supercontigs.fna	GCA_013318155.1_ASM1331815v1_genomic.fna	87.7725	1415	1864
DA1.scaffolds.fasta.supercontigs.fna	GCA_030758015.1_ASM3075801v1_genomic.fna	87.7709	1406	1864
DA1.scaffolds.fasta.supercontigs.fna	GCA_013317915.1_ASM1331791v1_genomic.fna	87.7701	1408	1864
DA1.scaffolds.fasta.supercontigs.fna	GCA_013319155.1_ASM1331915v1_genomic.fna	87.7694	1405	1864
DA1.scaffolds.fasta.supercontigs.fna	GCA_013317845.1_ASM1331784v1_genomic.fna	87.7691	1400	1864
DA1.scaffolds.fasta.supercontigs.fna	GCA_013318025.1_ASM1331802v1_genomic.fna	87.7682	1424	1864
DA1.scaffolds.fasta.supercontigs.fna	GCA_013317865.2_ASM1331786v2_genomic.fna	87.7672	1387	1864
DA1.scaffolds.fasta.supercontigs.fna	GCA_013320465.1_ASM1332046v1_genomic.fna	87.7667	1401	1864
DA1.scaffolds.fasta.supercontigs.fna	GCA_000236125.2_ASM23612v2_genomic.fna	87.7664	1431	1864
DA1.scaffolds.fasta.supercontigs.fna	GCA_013320575.1_ASM1332057v1_genomic.fna	87.766	1398	1864
DA1.scaffolds.fasta.supercontigs.fna	GCA_013320345.1_ASM1332034v1_genomic.fna	87.7637	1409	1864
DA1.scaffolds.fasta.supercontigs.fna	GCA_001692365.1_ASM169236v1_genomic.fna	87.7603	1412	1864
DA1.scaffolds.fasta.supercontigs.fna	GCA_032058685.1_ASM3205868v1_genomic.fna	87.7579	629	1864
DA1.scaffolds.fasta.supercontigs.fna	GCA_001692195.1_ASM169219v1_genomic.fna	87.7578	1426	1864
DA1.scaffolds.fasta.supercontigs.fna	GCA_013319115.1_ASM1331911v1_genomic.fna	87.7567	1402	1864
DA1.scaffolds.fasta.supercontigs.fna	GCA_017741765.1_ASM1774176v1_genomic.fna	87.7563	1420	1864
DA1.scaffolds.fasta.supercontigs.fna	GCA_013320375.1_ASM1332037v1_genomic.fna	87.7562	1407	1864
DA1.scaffolds.fasta.supercontigs.fna	GCA_013317625.1_ASM1331762v1_genomic.fna	87.7552	1392	1864
DA1.scaffolds.fasta.supercontigs.fna	GCA_013320455.1_ASM1332045v1_genomic.fna	87.755	1396	1864
DA1.scaffolds.fasta.supercontigs.fna	GCA_013318315.1_ASM1331831v1_genomic.fna	87.7549	1398	1864
DA1.scaffolds.fasta.supercontigs.fna	GCA_013320295.1_ASM1332029v1_genomic.fna	87.7547	1411	1864
DA1.scaffolds.fasta.supercontigs.fna	GCA_013319225.1_ASM1331922v1_genomic.fna	87.7542	1399	1864
DA1.scaffolds.fasta.supercontigs.fna	GCA_030757935.1_ASM3075793v1_genomic.fna	87.7532	1412	1864
DA1.scaffolds.fasta.supercontigs.fna	GCA_013305205.1_ASM1330520v1_genomic.fna	87.7523	1400	1864
DA1.scaffolds.fasta.supercontigs.fna	GCA_030818995.1_ASM3081899v1_genomic.fna	87.752	1413	1864
DA1.scaffolds.fasta.supercontigs.fna	GCA_031977605.1_ASM3197760v1_genomic.fna	87.75	667	1864
DA1.scaffolds.fasta.supercontigs.fna	GCA_032104135.1_ASM3210413v1_genomic.fna	87.7457	1202	1864
DA1.scaffolds.fasta.supercontigs.fna	GCA_013319235.1_ASM1331923v1_genomic.fna	87.7457	1412	1864
DA1.scaffolds.fasta.supercontigs.fna	GCA_013319165.1_ASM1331916v1_genomic.fna	87.7399	1408	1864
DA1.scaffolds.fasta.supercontigs.fna	GCA_013320795.1_ASM1332079v1_genomic.fna	87.7398	1412	1864
DA1.scaffolds.fasta.supercontigs.fna	GCA_013320385.1_ASM1332038v1_genomic.fna	87.7324	1413	1864
DA1.scaffolds.fasta.supercontigs.fna	GCA_007828365.1_ASM782836v1_genomic.fna	87.7263	1408	1864
DA1.scaffolds.fasta.supercontigs.fna	GCA_025559825.1_ASM2555982v1_genomic.fna	87.7263	1439	1864
DA1.scaffolds.fasta.supercontigs.fna	GCA_013318955.1_ASM1331895v1_genomic.fna	87.7213	1407	1864
DA1.scaffolds.fasta.supercontigs.fna	GCA_013320335.1_ASM1332033v1_genomic.fna	87.72	1412	1864
DA1.scaffolds.fasta.supercontigs.fna	GCA_013319245.1_ASM1331924v1_genomic.fna	87.718	1413	1864
DA1.scaffolds.fasta.supercontigs.fna	GCA_013319065.1_ASM1331906v1_genomic.fna	87.7075	1413	1864
DA1.scaffolds.fasta.supercontigs.fna	GCA_013318975.1_ASM1331897v1_genomic.fna	87.7058	1411	1864
DA1.scaffolds.fasta.supercontigs.fna	GCA_013319045.1_ASM1331904v1_genomic.fna	87.7018	1417	1864
DA1.scaffolds.fasta.supercontigs.fna	GCA_013319035.1_ASM1331903v1_genomic.fna	87.6922	1416	1864
DA1.scaffolds.fasta.supercontigs.fna	GCA_034519725.1_ASM3451972v1_genomic.fna	87.6545	855	1864
DA1.scaffolds.fasta.supercontigs.fna	GCA_032090395.1_ASM3209039v1_genomic.fna	87.5765	388	1864
DA1.scaffolds.fasta.supercontigs.fna	GCA_032114975.1_ASM3211497v1_genomic.fna	87.5389	565	1864
DA1.scaffolds.fasta.supercontigs.fna	GCA_032065205.1_ASM3206520v1_genomic.fna	87.4196	493	1864
DA1.scaffolds.fasta.supercontigs.fna	GCA_016906285.1_ASM1690628v1_genomic.fna	87.3925	906	1864
DA1.scaffolds.fasta.supercontigs.fna	GCA_017305495.1_ASM1730549v1_genomic.fna	87.3773	500	1864
DA1.scaffolds.fasta.supercontigs.fna	GCA_003541435.1_ASM354143v1_genomic.fna	87.3558	1144	1864
DA1.scaffolds.fasta.supercontigs.fna	GCA_913774335.1_SP51_3_metabat2_genome_mining.8_genomic.fna	87.2655	1257	1864
DA1.scaffolds.fasta.supercontigs.fna	GCA_017726655.1_ASM1772665v1_genomic.fna	87.2584	1281	1864
DA1.scaffolds.fasta.supercontigs.fna	GCA_001641425.1_ASM164142v1_genomic.fna	87.2453	1274	1864
DA1.scaffolds.fasta.supercontigs.fna	GCA_032093135.1_ASM3209313v1_genomic.fna	87.2373	1263	1864
DA1.scaffolds.fasta.supercontigs.fna	GCA_002454325.1_ASM245432v1_genomic.fna	87.2325	1219	1864
DA1.scaffolds.fasta.supercontigs.fna	GCA_032097785.1_ASM3209778v1_genomic.fna	87.2089	1263	1864
DA1.scaffolds.fasta.supercontigs.fna	GCA_031984345.1_ASM3198434v1_genomic.fna	87.2077	1271	1864
DA1.scaffolds.fasta.supercontigs.fna	GCA_002432475.1_ASM243247v1_genomic.fna	87.207	1145	1864
DA1.scaffolds.fasta.supercontigs.fna	GCA_007680755.1_ASM768075v1_genomic.fna	87.2065	1276	1864
DA1.scaffolds.fasta.supercontigs.fna	GCA_032069045.1_ASM3206904v1_genomic.fna	87.1701	1236	1864
DA1.scaffolds.fasta.supercontigs.fna	GCA_032065505.1_ASM3206550v1_genomic.fna	87.1678	256	1864
DA1.scaffolds.fasta.supercontigs.fna	GCA_031801495.1_ASM3180149v1_genomic.fna	82.6322	1091	1864
DA1.scaffolds.fasta.supercontigs.fna	GCA_025559845.1_ASM2555984v1_genomic.fna	81.7988	1064	1864
DA1.scaffolds.fasta.supercontigs.fna	GCA_013390595.1_ASM1339059v1_genomic.fna	81.783	988	1864
DA1.scaffolds.fasta.supercontigs.fna	GCA_005938205.1_ASM593820v1_genomic.fna	81.7398	1011	1864
DA1.scaffolds.fasta.supercontigs.fna	GCA_031981105.1_ASM3198110v1_genomic.fna	81.4227	787	1864
DA1.scaffolds.fasta.supercontigs.fna	GCA_005145045.1_ASM514504v1_genomic.fna	80.8428	856	1864
DA1.scaffolds.fasta.supercontigs.fna	GCA_019355895.1_ASM1935589v1_genomic.fna	80.7973	866	1864
DA1.scaffolds.fasta.supercontigs.fna	GCA_000518585.1_ASM51858v1_genomic.fna	80.7883	852	1864
DA1.scaffolds.fasta.supercontigs.fna	GCA_005144425.2_ASM514442v2_genomic.fna	80.784	857	1864
DA1.scaffolds.fasta.supercontigs.fna	B6.scaffolds.fasta.supercontigs.fna	80.7211	848	1864
DA1.scaffolds.fasta.supercontigs.fna	GCA_036946515.1_ASM3694651v1_genomic.fna	80.7007	652	1864
DA1.scaffolds.fasta.supercontigs.fna	GCA_001424245.1_Leaf155_genomic.fna	80.5714	816	1864
DA1.scaffolds.fasta.supercontigs.fna	GCA_036946285.1_ASM3694628v1_genomic.fna	80.519	805	1864
DA1.scaffolds.fasta.supercontigs.fna	GCA_030803585.1_ASM3080358v1_genomic.fna	80.5144	826	1864
DA1.scaffolds.fasta.supercontigs.fna	GCA_913776585.1_SP210_3_metabat2_genome_mining.10_genomic.fna	80.504	774	1864
DA1.scaffolds.fasta.supercontigs.fna	GCA_017873055.1_ASM1787305v1_genomic.fna	80.4795	807	1864
DA1.scaffolds.fasta.supercontigs.fna	GCA_001421235.1_Leaf202_genomic.fna	80.4759	819	1864
DA1.scaffolds.fasta.supercontigs.fna	GCA_001421985.1_Leaf68_genomic.fna	80.4727	814	1864
DA1.scaffolds.fasta.supercontigs.fna	GCA_001427405.1_Root564_genomic.fna	80.4678	832	1864
DA1.scaffolds.fasta.supercontigs.fna	GCA_004310285.1_ASM431028v1_genomic.fna	80.465	832	1864
DA1.scaffolds.fasta.supercontigs.fna	GCA_007679885.1_ASM767988v1_genomic.fna	80.4563	838	1864
DA1.scaffolds.fasta.supercontigs.fna	GCA_007679845.1_ASM767984v1_genomic.fna	80.4532	828	1864
DA1.scaffolds.fasta.supercontigs.fna	GCA_003075255.1_ASM307525v1_genomic.fna	80.4527	825	1864
DA1.scaffolds.fasta.supercontigs.fna	GCA_017584165.1_ASM1758416v1_genomic.fna	80.4501	802	1864
DA1.scaffolds.fasta.supercontigs.fna	GCA_036946395.1_ASM3694639v1_genomic.fna	80.4497	643	1864
DA1.scaffolds.fasta.supercontigs.fna	GCA_920984715.1_Leaf167_v1_genomic.fna	80.4453	820	1864
DA1.scaffolds.fasta.supercontigs.fna	GCA_000739935.1_ASM73993v1_genomic.fna	80.4423	801	1864
DA1.scaffolds.fasta.supercontigs.fna	GCA_030819275.1_ASM3081927v1_genomic.fna	80.4351	813	1864
DA1.scaffolds.fasta.supercontigs.fna	GCA_001692345.1_ASM169234v1_genomic.fna	80.4302	806	1864
DA1.scaffolds.fasta.supercontigs.fna	GCA_036740375.1_ASM3674037v1_genomic.fna	80.427	748	1864
DA1.scaffolds.fasta.supercontigs.fna	GCA_001422245.1_Leaf262_genomic.fna	80.4248	802	1864
DA1.scaffolds.fasta.supercontigs.fna	GCA_030819035.1_ASM3081903v1_genomic.fna	80.4235	814	1864
DA1.scaffolds.fasta.supercontigs.fna	GCA_031453325.1_ASM3145332v1_genomic.fna	80.4226	824	1864
DA1.scaffolds.fasta.supercontigs.fna	GCA_013320925.1_ASM1332092v1_genomic.fna	80.4186	814	1864
DA1.scaffolds.fasta.supercontigs.fna	GCA_032097865.1_ASM3209786v1_genomic.fna	80.4185	818	1864
DA1.scaffolds.fasta.supercontigs.fna	GCA_013320905.1_ASM1332090v1_genomic.fna	80.4184	801	1864
DA1.scaffolds.fasta.supercontigs.fna	GCA_003075215.1_ASM307521v1_genomic.fna	80.4173	829	1864
DA1.scaffolds.fasta.supercontigs.fna	GCA_013320855.1_ASM1332085v1_genomic.fna	80.4154	796	1864
DA1.scaffolds.fasta.supercontigs.fna	GCA_900100645.1_Agro2_genomic.fna	80.4149	805	1864
DA1.scaffolds.fasta.supercontigs.fna	GCA_013320835.1_ASM1332083v1_genomic.fna	80.4116	791	1864
DA1.scaffolds.fasta.supercontigs.fna	GCA_032058725.1_ASM3205872v1_genomic.fna	80.4114	824	1864
DA1.scaffolds.fasta.supercontigs.fna	GCA_032093335.1_ASM3209333v1_genomic.fna	80.3985	810	1864
DA1.scaffolds.fasta.supercontigs.fna	GCA_028674915.1_ASM2867491v1_genomic.fna	80.3908	830	1864
DA1.scaffolds.fasta.supercontigs.fna	GCA_013320895.1_ASM1332089v1_genomic.fna	80.3891	820	1864
DA1.scaffolds.fasta.supercontigs.fna	GCA_032055265.1_ASM3205526v1_genomic.fna	80.363	826	1864
DA1.scaffolds.fasta.supercontigs.fna	GCA_032064985.1_ASM3206498v1_genomic.fna	80.3577	800	1864
DA1.scaffolds.fasta.supercontigs.fna	GCA_013320875.1_ASM1332087v1_genomic.fna	80.3535	831	1864
DA1.scaffolds.fasta.supercontigs.fna	GCA_023512925.1_ASM2351292v1_genomic.fna	80.3206	818	1864
DA1.scaffolds.fasta.supercontigs.fna	GCA_009498485.1_ASM949848v1_genomic.fna	80.3196	833	1864
DA1.scaffolds.fasta.supercontigs.fna	GCA_002915195.1_ASM291519v1_genomic.fna	80.3134	810	1864
DA1.scaffolds.fasta.supercontigs.fna	GCA_013322225.1_ASM1332222v1_genomic.fna	80.2867	737	1864
DA1.scaffolds.fasta.supercontigs.fna	GCA_017254855.1_ASM1725485v1_genomic.fna	80.2614	806	1864
DA1.scaffolds.fasta.supercontigs.fna	GCA_039207355.1_ASM3920735v1_genomic.fna	80.2548	804	1864
DA1.scaffolds.fasta.supercontigs.fna	GCA_033957845.1_ASM3395784v1_genomic.fna	80.251	791	1864
DA1.scaffolds.fasta.supercontigs.fna	GCA_037722385.1_ASM3772238v1_genomic.fna	80.2455	772	1864
DA1.scaffolds.fasta.supercontigs.fna	GCA_021310995.1_ASM2131099v1_genomic.fna	80.2211	823	1864
DA1.scaffolds.fasta.supercontigs.fna	GCA_030209855.1_ASM3020985v1_genomic.fna	80.2208	815	1864
DA1.scaffolds.fasta.supercontigs.fna	GCA_900100825.1_Agro1_genomic.fna	80.2189	795	1864
DA1.scaffolds.fasta.supercontigs.fna	GCA_033957645.1_ASM3395764v1_genomic.fna	80.2078	824	1864
DA1.scaffolds.fasta.supercontigs.fna	GCA_913775015.1_S1C108396_SP36_genomic.fna	80.1933	695	1864
DA1.scaffolds.fasta.supercontigs.fna	GCA_002915175.1_ASM291517v1_genomic.fna	80.18	806	1864
DA1.scaffolds.fasta.supercontigs.fna	GCA_009498795.1_ASM949879v1_genomic.fna	80.1393	804	1864
DA1.scaffolds.fasta.supercontigs.fna	GCA_023701915.1_ASM2370191v1_genomic.fna	80.134	821	1864
DA1.scaffolds.fasta.supercontigs.fna	GCA_021310975.1_ASM2131097v1_genomic.fna	80.1267	823	1864
DA1.scaffolds.fasta.supercontigs.fna	GCA_008501885.1_ASM850188v1_genomic.fna	80.1249	806	1864
DA1.scaffolds.fasta.supercontigs.fna	GCA_033957625.1_ASM3395762v1_genomic.fna	80.1199	801	1864
DA1.scaffolds.fasta.supercontigs.fna	GCA_008501895.1_ASM850189v1_genomic.fna	80.1127	804	1864
DA1.scaffolds.fasta.supercontigs.fna	GCA_913777885.1_SP301_2_metabat2_genome_mining.7_genomic.fna	80.0842	733	1864
DA1.scaffolds.fasta.supercontigs.fna	GCA_913774535.1_S2C7865_SP61_genomic.fna	80.0787	695	1864
DA1.scaffolds.fasta.supercontigs.fna	GCA_913774075.1_S2C4820_SP77_genomic.fna	80.0469	672	1864
DA1.scaffolds.fasta.supercontigs.fna	GCA_913778305.1_SP139_1_metabat2_genome_mining.21_genomic.fna	80.0104	491	1864
DA1.scaffolds.fasta.supercontigs.fna	GCA_033957725.1_ASM3395772v1_genomic.fna	79.9734	701	1864
DA1.scaffolds.fasta.supercontigs.fna	GCA_913774095.1_maxbin_SP106_1.016_cleaned_genomic.fna	79.9663	522	1864
DA1.scaffolds.fasta.supercontigs.fna	GCA_913775055.1_S1C92728_SP213_genomic.fna	79.9486	676	1864
DA1.scaffolds.fasta.supercontigs.fna	GCA_913777615.1_S2C17652_SP166_genomic.fna	79.9455	720	1864
DA1.scaffolds.fasta.supercontigs.fna	GCA_014842165.1_ASM1484216v1_genomic.fna	79.9407	727	1864
DA1.scaffolds.fasta.supercontigs.fna	GCA_913775815.1_SP128_1_metabat2_genome_mining.6_genomic.fna	79.9286	493	1864
DA1.scaffolds.fasta.supercontigs.fna	GCA_001423445.1_Leaf311_genomic.fna	79.9127	752	1864
DA1.scaffolds.fasta.supercontigs.fna	GCA_014842115.1_ASM1484211v1_genomic.fna	79.9104	735	1864
DA1.scaffolds.fasta.supercontigs.fna	GCA_033957765.1_ASM3395776v1_genomic.fna	79.8939	831	1864
DA1.scaffolds.fasta.supercontigs.fna	GCA_001562555.1_ASM156255v1_genomic.fna	79.8933	747	1864
DA1.scaffolds.fasta.supercontigs.fna	GCA_913777405.1_maxbin_SP71_3.011_cleaned_genomic.fna	79.8736	74	1864
DA1.scaffolds.fasta.supercontigs.fna	GCA_913774395.1_maxbin_SP92_3.016_sub_genomic.fna	79.8715	100	1864
DA1.scaffolds.fasta.supercontigs.fna	GCA_913777645.1_maxbin_SP149_3.011_sub_cleaned_genomic.fna	79.8684	502	1864
DA1.scaffolds.fasta.supercontigs.fna	GCA_913776705.1_SP282_3_metabat2_genome_mining.31_sub_genomic.fna	79.8541	648	1864
DA1.scaffolds.fasta.supercontigs.fna	GCA_022802995.1_ASM2280299v1_genomic.fna	79.8509	742	1864
DA1.scaffolds.fasta.supercontigs.fna	GCA_913774465.1_maxbin_SP149_1.012_cleaned_genomic.fna	79.8206	500	1864
DA1.scaffolds.fasta.supercontigs.fna	GCA_030209845.1_ASM3020984v1_genomic.fna	79.8068	741	1864
DA1.scaffolds.fasta.supercontigs.fna	GCA_002896715.1_ASM289671v1_genomic.fna	79.7846	756	1864
DA1.scaffolds.fasta.supercontigs.fna	GCA_000834635.1_ASM83463v1_genomic.fna	79.7632	751	1864
DA1.scaffolds.fasta.supercontigs.fna	GCA_000484835.1_ASM48483v1_genomic.fna	79.7627	52	1864
DA1.scaffolds.fasta.supercontigs.fna	GCA_031843705.1_ASM3184370v1_genomic.fna	79.7484	731	1864
DA1.scaffolds.fasta.supercontigs.fna	GCA_913775385.1_SP133_3_metabat2_genome_mining.7_sub_genomic.fna	79.7462	473	1864
DA1.scaffolds.fasta.supercontigs.fna	GCA_031843725.1_ASM3184372v1_genomic.fna	79.7424	730	1864
DA1.scaffolds.fasta.supercontigs.fna	GCA_913775415.1_SP310_2_metabat2_genome_mining.9_genomic.fna	79.7139	514	1864
DA1.scaffolds.fasta.supercontigs.fna	GCA_013320815.1_ASM1332081v1_genomic.fna	79.7108	707	1864
DA1.scaffolds.fasta.supercontigs.fna	GCA_913778615.1_SP80_3_metabat2_genome_mining.16_sub_genomic.fna	79.7077	459	1864
DA1.scaffolds.fasta.supercontigs.fna	GCA_913775465.1_SP123_3_metabat2_genome_mining.23_genomic.fna	79.6968	603	1864
DA1.scaffolds.fasta.supercontigs.fna	GCA_023757665.1_ASM2375766v1_genomic.fna	79.6813	690	1864
DA1.scaffolds.fasta.supercontigs.fna	GCA_018760785.1_ASM1876078v1_genomic.fna	79.6751	710	1864
DA1.scaffolds.fasta.supercontigs.fna	GCA_014196515.1_ASM1419651v1_genomic.fna	79.6719	691	1864
DA1.scaffolds.fasta.supercontigs.fna	GCA_913777785.1_SP167_3_metabat2_genome_mining.6_genomic.fna	79.6232	339	1864
DA1.scaffolds.fasta.supercontigs.fna	GCA_913777705.1_maxbin_SP71_1.009_cleaned_genomic.fna	79.6119	58	1864
DA1.scaffolds.fasta.supercontigs.fna	GCA_913777485.1_SP210_2_metabat2_genome_mining.13_genomic.fna	79.569	463	1864
DA1.scaffolds.fasta.supercontigs.fna	GCA_913777215.1_SP112_2_metabat2_genome_mining.16_genomic.fna	79.5411	279	1864
DA1.scaffolds.fasta.supercontigs.fna	GCA_002933635.1_ASM293363v1_genomic.fna	79.5274	616	1864
DA1.scaffolds.fasta.supercontigs.fna	GCA_900156005.1_IMG-taxon_2708742418_annotated_assembly_genomic.fna	79.5271	715	1864
DA1.scaffolds.fasta.supercontigs.fna	GCA_913777305.1_SP350_3_metabat2_genome_mining.18_sub_genomic.fna	79.5257	482	1864
DA1.scaffolds.fasta.supercontigs.fna	GCA_014196505.1_ASM1419650v1_genomic.fna	79.5188	619	1864
DA1.scaffolds.fasta.supercontigs.fna	GCA_007004135.1_ASM700413v1_genomic.fna	79.5064	681	1864
DA1.scaffolds.fasta.supercontigs.fna	GCA_014201355.1_ASM1420135v1_genomic.fna	79.4722	669	1864
DA1.scaffolds.fasta.supercontigs.fna	GCA_014641515.1_ASM1464151v1_genomic.fna	79.4703	665	1864
DA1.scaffolds.fasta.supercontigs.fna	GCA_002531825.1_ASM253182v1_genomic.fna	79.469	716	1864
DA1.scaffolds.fasta.supercontigs.fna	GCA_000282095.2_Rhizobium.strCF080_v2.0_genomic.fna	79.4642	716	1864
DA1.scaffolds.fasta.supercontigs.fna	GCA_029601685.1_ASM2960168v1_genomic.fna	79.4519	705	1864
DA1.scaffolds.fasta.supercontigs.fna	GCA_032092815.1_ASM3209281v1_genomic.fna	79.4333	642	1864
DA1.scaffolds.fasta.supercontigs.fna	GCA_016864575.1_ASM1686457v1_genomic.fna	79.4172	680	1864
DA1.scaffolds.fasta.supercontigs.fna	GCA_900111905.1_IMG-taxon_2599185236_annotated_assembly_genomic.fna	79.408	682	1864
DA1.scaffolds.fasta.supercontigs.fna	GCA_026672545.1_ASM2667254v1_genomic.fna	79.4039	659	1864
DA1.scaffolds.fasta.supercontigs.fna	GCA_030323265.1_ASM3032326v1_genomic.fna	79.3899	698	1864
DA1.scaffolds.fasta.supercontigs.fna	GCA_017741935.1_ASM1774193v1_genomic.fna	79.3848	640	1864
DA1.scaffolds.fasta.supercontigs.fna	GCA_028994075.1_ASM2899407v1_genomic.fna	79.3746	605	1864
DA1.scaffolds.fasta.supercontigs.fna	GCA_019511445.1_ASM1951144v1_genomic.fna	79.374	709	1864
DA1.scaffolds.fasta.supercontigs.fna	GCA_002600635.1_ASM260063v1_genomic.fna	79.374	639	1864
DA1.scaffolds.fasta.supercontigs.fna	GCA_012276085.1_ASM1227608v1_genomic.fna	79.3646	718	1864
DA1.scaffolds.fasta.supercontigs.fna	GCA_019798275.1_ASM1979827v1_genomic.fna	79.3643	708	1864
DA1.scaffolds.fasta.supercontigs.fna	GCA_030053155.1_ASM3005315v1_genomic.fna	79.3607	733	1864
DA1.scaffolds.fasta.supercontigs.fna	GCA_023701965.1_ASM2370196v1_genomic.fna	79.3554	657	1864
DA1.scaffolds.fasta.supercontigs.fna	GCA_002211285.1_ASM221128v1_genomic.fna	79.3533	747	1864
DA1.scaffolds.fasta.supercontigs.fna	GCA_000271845.1_ASM27184v1_genomic.fna	79.3424	697	1864
DA1.scaffolds.fasta.supercontigs.fna	GCA_001005825.1_ASM100582v1_genomic.fna	79.3409	700	1864
DA1.scaffolds.fasta.supercontigs.fna	GCA_029369725.1_ASM2936972v1_genomic.fna	79.3383	620	1864
DA1.scaffolds.fasta.supercontigs.fna	GCA_011045155.1_ASM1104515v1_genomic.fna	79.336	573	1864
DA1.scaffolds.fasta.supercontigs.fna	GCA_000377565.1_ASM37756v1_genomic.fna	79.33	664	1864
DA1.scaffolds.fasta.supercontigs.fna	GCA_014198105.1_ASM1419810v1_genomic.fna	79.3212	657	1864
DA1.scaffolds.fasta.supercontigs.fna	GCA_024810055.1_ASM2481005v1_genomic.fna	79.3202	655	1864
DA1.scaffolds.fasta.supercontigs.fna	GCA_014198445.1_ASM1419844v1_genomic.fna	79.3199	656	1864
DA1.scaffolds.fasta.supercontigs.fna	GCA_030053015.1_ASM3005301v1_genomic.fna	79.3095	659	1864
DA1.scaffolds.fasta.supercontigs.fna	GCA_014197405.1_ASM1419740v1_genomic.fna	79.3068	704	1864
DA1.scaffolds.fasta.supercontigs.fna	GCA_014197345.1_ASM1419734v1_genomic.fna	79.3064	710	1864
DA1.scaffolds.fasta.supercontigs.fna	GCA_012276025.1_ASM1227602v1_genomic.fna	79.3048	692	1864
DA1.scaffolds.fasta.supercontigs.fna	GCA_001896825.1_ASM189682v1_genomic.fna	79.3034	553	1864
DA1.scaffolds.fasta.supercontigs.fna	GCA_014195095.1_ASM1419509v1_genomic.fna	79.3023	709	1864
DA1.scaffolds.fasta.supercontigs.fna	GCA_017313375.1_ASM1731337v1_genomic.fna	79.302	658	1864
DA1.scaffolds.fasta.supercontigs.fna	GCA_002338015.1_ASM233801v1_genomic.fna	79.3003	576	1864
DA1.scaffolds.fasta.supercontigs.fna	GCA_000271785.1_ASM27178v1_genomic.fna	79.2992	737	1864
DA1.scaffolds.fasta.supercontigs.fna	GCA_003610655.1_ASM361065v1_genomic.fna	79.2983	567	1864
DA1.scaffolds.fasta.supercontigs.fna	GCA_003400085.1_ASM340008v1_genomic.fna	79.2974	725	1864
DA1.scaffolds.fasta.supercontigs.fna	GCA_943372805.1_JJ-MO7B3-363-6-mx-bin703_genomic.fna	79.2969	491	1864
DA1.scaffolds.fasta.supercontigs.fna	GCA_014198155.1_ASM1419815v1_genomic.fna	79.2958	656	1864
DA1.scaffolds.fasta.supercontigs.fna	GCA_032057865.1_ASM3205786v1_genomic.fna	79.2949	661	1864
DA1.scaffolds.fasta.supercontigs.fna	GCA_001424985.1_Root1212_genomic.fna	79.2948	641	1864
DA1.scaffolds.fasta.supercontigs.fna	GCA_014194485.1_ASM1419448v1_genomic.fna	79.2946	684	1864
DA1.scaffolds.fasta.supercontigs.fna	GCA_014195045.1_ASM1419504v1_genomic.fna	79.2944	709	1864
DA1.scaffolds.fasta.supercontigs.fna	GCA_014193215.1_ASM1419321v1_genomic.fna	79.2942	706	1864
DA1.scaffolds.fasta.supercontigs.fna	GCA_012275615.1_ASM1227561v1_genomic.fna	79.2941	705	1864
DA1.scaffolds.fasta.supercontigs.fna	GCA_028994275.1_ASM2899427v1_genomic.fna	79.2921	618	1864
DA1.scaffolds.fasta.supercontigs.fna	GCA_012276505.1_ASM1227650v1_genomic.fna	79.2884	710	1864
DA1.scaffolds.fasta.supercontigs.fna	GCA_014194405.1_ASM1419440v1_genomic.fna	79.2884	743	1864
DA1.scaffolds.fasta.supercontigs.fna	GCA_002531615.1_ASM253161v1_genomic.fna	79.281	702	1864
DA1.scaffolds.fasta.supercontigs.fna	GCA_024346605.1_ASM2434660v1_genomic.fna	79.2805	707	1864
DA1.scaffolds.fasta.supercontigs.fna	GCA_020224055.1_ASM2022405v1_genomic.fna	79.2794	692	1864
DA1.scaffolds.fasta.supercontigs.fna	GCA_001187535.1_ASM118753v1_genomic.fna	79.2769	731	1864
DA1.scaffolds.fasta.supercontigs.fna	GCA_012276155.1_ASM1227615v1_genomic.fna	79.2757	688	1864
DA1.scaffolds.fasta.supercontigs.fna	GCA_019799555.1_ASM1979955v1_genomic.fna	79.2755	702	1864
DA1.scaffolds.fasta.supercontigs.fna	GCA_001428925.1_Root268_genomic.fna	79.2755	640	1864
DA1.scaffolds.fasta.supercontigs.fna	GCA_023701945.1_ASM2370194v1_genomic.fna	79.2751	676	1864
DA1.scaffolds.fasta.supercontigs.fna	GCA_003400125.1_ASM340012v1_genomic.fna	79.2747	726	1864
DA1.scaffolds.fasta.supercontigs.fna	GCA_001854685.1_ASM185468v1_genomic.fna	79.2737	717	1864
DA1.scaffolds.fasta.supercontigs.fna	GCA_014194375.1_ASM1419437v1_genomic.fna	79.2737	680	1864
DA1.scaffolds.fasta.supercontigs.fna	GCA_019778435.1_ASM1977843v1_genomic.fna	79.2721	675	1864
DA1.scaffolds.fasta.supercontigs.fna	GCA_002245285.1_ASM224528v1_genomic.fna	79.272	710	1864
DA1.scaffolds.fasta.supercontigs.fna	GCA_013320955.1_ASM1332095v1_genomic.fna	79.2718	670	1864
DA1.scaffolds.fasta.supercontigs.fna	GCA_019778265.1_ASM1977826v1_genomic.fna	79.2703	677	1864
DA1.scaffolds.fasta.supercontigs.fna	GCA_002531635.1_ASM253163v1_genomic.fna	79.2654	708	1864
DA1.scaffolds.fasta.supercontigs.fna	GCA_019799045.1_ASM1979904v1_genomic.fna	79.2653	696	1864
DA1.scaffolds.fasta.supercontigs.fna	GCA_019798235.1_ASM1979823v1_genomic.fna	79.2653	697	1864
DA1.scaffolds.fasta.supercontigs.fna	GCA_014193175.1_ASM1419317v1_genomic.fna	79.2625	713	1864
DA1.scaffolds.fasta.supercontigs.fna	GCA_014194205.1_ASM1419420v1_genomic.fna	79.2623	689	1864
DA1.scaffolds.fasta.supercontigs.fna	GCA_004304555.1_ASM430455v1_genomic.fna	79.2611	677	1864
DA1.scaffolds.fasta.supercontigs.fna	GCA_001664485.1_ASM166448v1_genomic.fna	79.2609	714	1864
DA1.scaffolds.fasta.supercontigs.fna	GCA_030380805.1_ASM3038080v1_genomic.fna	79.2606	638	1864
DA1.scaffolds.fasta.supercontigs.fna	GCA_004305625.1_ASM430562v1_genomic.fna	79.2591	694	1864
DA1.scaffolds.fasta.supercontigs.fna	GCA_013408035.1_ASM1340803v1_genomic.fna	79.2579	729	1864
DA1.scaffolds.fasta.supercontigs.fna	GCA_004016565.1_ASM401656v1_genomic.fna	79.257	730	1864
DA1.scaffolds.fasta.supercontigs.fna	GCA_029193765.2_ASM2919376v2_genomic.fna	79.2557	661	1864
DA1.scaffolds.fasta.supercontigs.fna	GCA_010450895.1_ASM1045089v1_genomic.fna	79.2556	582	1864
DA1.scaffolds.fasta.supercontigs.fna	GCA_019798225.1_ASM1979822v1_genomic.fna	79.2549	694	1864
DA1.scaffolds.fasta.supercontigs.fna	GCA_010668705.1_ASM1066870v1_genomic.fna	79.2533	688	1864
DA1.scaffolds.fasta.supercontigs.fna	GCA_002531755.2_ASM253175v2_genomic.fna	79.2525	742	1864
DA1.scaffolds.fasta.supercontigs.fna	GCA_002211395.1_ASM221139v1_genomic.fna	79.2525	727	1864
DA1.scaffolds.fasta.supercontigs.fna	GCA_017741815.1_ASM1774181v1_genomic.fna	79.2524	660	1864
DA1.scaffolds.fasta.supercontigs.fna	GCA_004306065.1_ASM430606v1_genomic.fna	79.2515	702	1864
DA1.scaffolds.fasta.supercontigs.fna	GCA_019430945.1_ASM1943094v1_genomic.fna	79.2504	741	1864
DA1.scaffolds.fasta.supercontigs.fna	GCA_004330085.1_ASM433008v1_genomic.fna	79.2497	679	1864
DA1.scaffolds.fasta.supercontigs.fna	GCA_004307025.1_ASM430702v1_genomic.fna	79.2491	701	1864
DA1.scaffolds.fasta.supercontigs.fna	GCA_014197475.1_ASM1419747v1_genomic.fna	79.2477	712	1864
DA1.scaffolds.fasta.supercontigs.fna	GCA_030053135.1_ASM3005313v1_genomic.fna	79.2473	709	1864
DA1.scaffolds.fasta.supercontigs.fna	GCA_019779145.1_ASM1977914v1_genomic.fna	79.2473	690	1864
DA1.scaffolds.fasta.supercontigs.fna	GCA_002531595.1_ASM253159v1_genomic.fna	79.2463	679	1864
DA1.scaffolds.fasta.supercontigs.fna	GCA_004123835.1_ASM412383v1_genomic.fna	79.2454	683	1864
DA1.scaffolds.fasta.supercontigs.fna	GCA_001632995.1_ASM163299v1_genomic.fna	79.2438	692	1864
DA1.scaffolds.fasta.supercontigs.fna	GCA_014194525.1_ASM1419452v1_genomic.fna	79.2419	700	1864
DA1.scaffolds.fasta.supercontigs.fna	GCA_035964835.1_ASM3596483v1_genomic.fna	79.2397	690	1864
DA1.scaffolds.fasta.supercontigs.fna	GCA_004304705.1_ASM430470v1_genomic.fna	79.2385	678	1864
DA1.scaffolds.fasta.supercontigs.fna	GCA_012276175.1_ASM1227617v1_genomic.fna	79.2375	693	1864
DA1.scaffolds.fasta.supercontigs.fna	GCA_012276985.1_ASM1227698v1_genomic.fna	79.2372	658	1864
DA1.scaffolds.fasta.supercontigs.fna	GCA_017741865.1_ASM1774186v1_genomic.fna	79.2365	656	1864
DA1.scaffolds.fasta.supercontigs.fna	GCA_004306805.1_ASM430680v1_genomic.fna	79.2337	696	1864
DA1.scaffolds.fasta.supercontigs.fna	GCA_014197375.1_ASM1419737v1_genomic.fna	79.2325	719	1864
DA1.scaffolds.fasta.supercontigs.fna	GCA_019799385.1_ASM1979938v1_genomic.fna	79.2324	705	1864
DA1.scaffolds.fasta.supercontigs.fna	GCA_000016265.1_ASM1626v1_genomic.fna	79.2317	667	1864
DA1.scaffolds.fasta.supercontigs.fna	GCA_031456945.1_ASM3145694v1_genomic.fna	79.2314	576	1864
DA1.scaffolds.fasta.supercontigs.fna	GCA_001297245.1_ASM129724v1_genomic.fna	79.2311	728	1864
DA1.scaffolds.fasta.supercontigs.fna	GCA_004307195.1_ASM430719v1_genomic.fna	79.2307	702	1864
DA1.scaffolds.fasta.supercontigs.fna	GCA_945952045.1_SRR9109403_bin.1_metaWRAP_v1.3_MAG_genomic.fna	79.2306	604	1864
DA1.scaffolds.fasta.supercontigs.fna	GCA_013416305.1_ASM1341630v1_genomic.fna	79.2302	691	1864
DA1.scaffolds.fasta.supercontigs.fna	GCA_004306925.1_ASM430692v1_genomic.fna	79.2295	704	1864
DA1.scaffolds.fasta.supercontigs.fna	GCA_014194495.1_ASM1419449v1_genomic.fna	79.2293	698	1864
DA1.scaffolds.fasta.supercontigs.fna	GCA_014197615.1_ASM1419761v1_genomic.fna	79.2281	685	1864
DA1.scaffolds.fasta.supercontigs.fna	GCA_019798165.1_ASM1979816v1_genomic.fna	79.2281	701	1864
DA1.scaffolds.fasta.supercontigs.fna	GCA_004306425.1_ASM430642v1_genomic.fna	79.228	701	1864
DA1.scaffolds.fasta.supercontigs.fna	GCA_004306175.1_ASM430617v1_genomic.fna	79.2273	700	1864
DA1.scaffolds.fasta.supercontigs.fna	GCA_036936805.1_ASM3693680v1_genomic.fna	79.2271	708	1864
DA1.scaffolds.fasta.supercontigs.fna	GCA_001423425.1_Leaf306_genomic.fna	79.2271	579	1864
DA1.scaffolds.fasta.supercontigs.fna	GCA_000385155.1_ASM38515v1_genomic.fna	79.2239	696	1864
DA1.scaffolds.fasta.supercontigs.fna	GCA_004306875.1_ASM430687v1_genomic.fna	79.2236	702	1864
DA1.scaffolds.fasta.supercontigs.fna	GCA_000023185.1_ASM2318v1_genomic.fna	79.223	695	1864
DA1.scaffolds.fasta.supercontigs.fna	GCA_000194195.2_RhECNPAF512_1.0_genomic.fna	79.2224	661	1864
DA1.scaffolds.fasta.supercontigs.fna	GCA_012276485.1_ASM1227648v1_genomic.fna	79.221	691	1864
DA1.scaffolds.fasta.supercontigs.fna	GCA_004306015.1_ASM430601v1_genomic.fna	79.2197	698	1864
DA1.scaffolds.fasta.supercontigs.fna	GCA_002531775.1_ASM253177v1_genomic.fna	79.2195	697	1864
DA1.scaffolds.fasta.supercontigs.fna	GCA_004304165.1_ASM430416v1_genomic.fna	79.2181	727	1864
DA1.scaffolds.fasta.supercontigs.fna	GCA_010668195.1_ASM1066819v1_genomic.fna	79.2175	691	1864
DA1.scaffolds.fasta.supercontigs.fna	GCA_010668545.1_ASM1066854v1_genomic.fna	79.2168	699	1864
DA1.scaffolds.fasta.supercontigs.fna	GCA_001612535.1_ASM161253v1_genomic.fna	79.2155	692	1864
DA1.scaffolds.fasta.supercontigs.fna	GCA_019798945.1_ASM1979894v1_genomic.fna	79.2151	696	1864
DA1.scaffolds.fasta.supercontigs.fna	GCA_010668165.1_ASM1066816v1_genomic.fna	79.2144	685	1864
DA1.scaffolds.fasta.supercontigs.fna	GCA_019793465.1_ASM1979346v1_genomic.fna	79.2141	713	1864
DA1.scaffolds.fasta.supercontigs.fna	GCA_004306225.1_ASM430622v1_genomic.fna	79.214	704	1864
DA1.scaffolds.fasta.supercontigs.fna	GCA_004322895.1_ASM432289v1_genomic.fna	79.2139	702	1864
DA1.scaffolds.fasta.supercontigs.fna	GCA_005860925.2_ASM586092v2_genomic.fna	79.2139	692	1864
DA1.scaffolds.fasta.supercontigs.fna	GCA_002531655.1_ASM253165v1_genomic.fna	79.2138	706	1864
DA1.scaffolds.fasta.supercontigs.fna	GCA_004306455.1_ASM430645v1_genomic.fna	79.2137	700	1864
DA1.scaffolds.fasta.supercontigs.fna	GCA_004303445.1_ASM430344v1_genomic.fna	79.2137	726	1864
DA1.scaffolds.fasta.supercontigs.fna	GCA_019798915.1_ASM1979891v1_genomic.fna	79.2125	698	1864
DA1.scaffolds.fasta.supercontigs.fna	GCA_012927355.1_ASM1292735v1_genomic.fna	79.2118	562	1864
DA1.scaffolds.fasta.supercontigs.fna	GCA_035923665.1_ASM3592366v1_genomic.fna	79.2111	705	1864
DA1.scaffolds.fasta.supercontigs.fna	GCA_014194555.1_ASM1419455v1_genomic.fna	79.211	698	1864
DA1.scaffolds.fasta.supercontigs.fna	GCA_019799125.1_ASM1979912v1_genomic.fna	79.2107	692	1864
DA1.scaffolds.fasta.supercontigs.fna	GCA_012276075.1_ASM1227607v1_genomic.fna	79.2104	703	1864
DA1.scaffolds.fasta.supercontigs.fna	GCA_012275645.1_ASM1227564v1_genomic.fna	79.2094	684	1864
DA1.scaffolds.fasta.supercontigs.fna	GCA_012276225.1_ASM1227622v1_genomic.fna	79.209	692	1864
DA1.scaffolds.fasta.supercontigs.fna	GCA_004305935.1_ASM430593v1_genomic.fna	79.2083	706	1864
DA1.scaffolds.fasta.supercontigs.fna	GCA_012275665.1_ASM1227566v1_genomic.fna	79.2082	705	1864
DA1.scaffolds.fasta.supercontigs.fna	GCA_004028055.1_ASM402805v1_genomic.fna	79.2081	696	1864
DA1.scaffolds.fasta.supercontigs.fna	GCA_004306835.1_ASM430683v1_genomic.fna	79.2076	701	1864
DA1.scaffolds.fasta.supercontigs.fna	GCA_003985135.1_ASM398513v1_genomic.fna	79.2074	684	1864
DA1.scaffolds.fasta.supercontigs.fna	GCA_001854865.1_ASM185486v1_genomic.fna	79.2073	666	1864
DA1.scaffolds.fasta.supercontigs.fna	GCA_001675095.1_ASM167509v1_genomic.fna	79.2061	714	1864
DA1.scaffolds.fasta.supercontigs.fna	GCA_014198665.1_ASM1419866v1_genomic.fna	79.2057	703	1864
DA1.scaffolds.fasta.supercontigs.fna	GCA_010668355.1_ASM1066835v1_genomic.fna	79.2055	668	1864
DA1.scaffolds.fasta.supercontigs.fna	GCA_004306755.1_ASM430675v1_genomic.fna	79.204	708	1864
DA1.scaffolds.fasta.supercontigs.fna	GCA_014194315.1_ASM1419431v1_genomic.fna	79.2032	682	1864
DA1.scaffolds.fasta.supercontigs.fna	GCA_012276455.1_ASM1227645v1_genomic.fna	79.2031	697	1864
DA1.scaffolds.fasta.supercontigs.fna	GCA_000020265.1_ASM2026v1_genomic.fna	79.203	691	1864
DA1.scaffolds.fasta.supercontigs.fna	GCA_019798265.1_ASM1979826v1_genomic.fna	79.2025	704	1864
DA1.scaffolds.fasta.supercontigs.fna	GCA_019799685.1_ASM1979968v1_genomic.fna	79.2016	608	1864
DA1.scaffolds.fasta.supercontigs.fna	GCA_013321075.1_ASM1332107v1_genomic.fna	79.2009	651	1864
DA1.scaffolds.fasta.supercontigs.fna	GCA_004306715.1_ASM430671v1_genomic.fna	79.2005	704	1864
DA1.scaffolds.fasta.supercontigs.fna	GCA_002531695.1_ASM253169v1_genomic.fna	79.2003	709	1864
DA1.scaffolds.fasta.supercontigs.fna	GCA_002855515.1_ASM285551v1_genomic.fna	79.2	563	1864
DA1.scaffolds.fasta.supercontigs.fna	GCA_004306915.1_ASM430691v1_genomic.fna	79.2	702	1864
DA1.scaffolds.fasta.supercontigs.fna	GCA_000300855.1_ASM30085v1_genomic.fna	79.1998	555	1864
DA1.scaffolds.fasta.supercontigs.fna	GCA_001664465.1_ASM166446v1_genomic.fna	79.1992	694	1864
DA1.scaffolds.fasta.supercontigs.fna	GCA_014194585.1_ASM1419458v1_genomic.fna	79.1978	693	1864
DA1.scaffolds.fasta.supercontigs.fna	GCA_031457185.1_ASM3145718v1_genomic.fna	79.1977	571	1864
DA1.scaffolds.fasta.supercontigs.fna	GCA_019779045.1_ASM1977904v1_genomic.fna	79.1976	686	1864
DA1.scaffolds.fasta.supercontigs.fna	GCA_029504675.1_ASM2950467v1_genomic.fna	79.1972	709	1864
DA1.scaffolds.fasta.supercontigs.fna	GCA_006335145.1_ASM633514v1_genomic.fna	79.1969	651	1864
DA1.scaffolds.fasta.supercontigs.fna	GCA_012275875.1_ASM1227587v1_genomic.fna	79.1967	701	1864
DA1.scaffolds.fasta.supercontigs.fna	GCA_014050125.1_ASM1405012v1_genomic.fna	79.1955	693	1864
DA1.scaffolds.fasta.supercontigs.fna	GCA_019778245.1_ASM1977824v1_genomic.fna	79.1954	703	1864
DA1.scaffolds.fasta.supercontigs.fna	GCA_019798325.1_ASM1979832v1_genomic.fna	79.1953	707	1864
DA1.scaffolds.fasta.supercontigs.fna	GCA_000172795.2_ASM17279v2_genomic.fna	79.1952	726	1864
DA1.scaffolds.fasta.supercontigs.fna	GCA_002211305.1_ASM221130v1_genomic.fna	79.1949	727	1864
DA1.scaffolds.fasta.supercontigs.fna	GCA_004306355.1_ASM430635v1_genomic.fna	79.1944	712	1864
DA1.scaffolds.fasta.supercontigs.fna	GCA_000021345.1_ASM2134v1_genomic.fna	79.1941	705	1864
DA1.scaffolds.fasta.supercontigs.fna	GCA_004307045.1_ASM430704v1_genomic.fna	79.1937	704	1864
DA1.scaffolds.fasta.supercontigs.fna	GCA_014198605.1_ASM1419860v1_genomic.fna	79.1928	713	1864
DA1.scaffolds.fasta.supercontigs.fna	GCA_010668715.1_ASM1066871v1_genomic.fna	79.1919	697	1864
DA1.scaffolds.fasta.supercontigs.fna	GCA_013322155.1_ASM1332215v1_genomic.fna	79.1904	664	1864
DA1.scaffolds.fasta.supercontigs.fna	GCA_001652265.1_ASM165226v1_genomic.fna	79.1901	682	1864
DA1.scaffolds.fasta.supercontigs.fna	GCA_004305315.1_ASM430531v1_genomic.fna	79.19	707	1864
DA1.scaffolds.fasta.supercontigs.fna	GCA_003425685.1_ASM342568v1_genomic.fna	79.19	688	1864
DA1.scaffolds.fasta.supercontigs.fna	GCA_001664325.1_ASM166432v1_genomic.fna	79.1897	693	1864
DA1.scaffolds.fasta.supercontigs.fna	GCA_900155885.1_IMG-taxon_2708742416_annotated_assembly_genomic.fna	79.1895	531	1864
DA1.scaffolds.fasta.supercontigs.fna	GCA_004306885.1_ASM430688v1_genomic.fna	79.1894	715	1864
DA1.scaffolds.fasta.supercontigs.fna	GCA_019779105.1_ASM1977910v1_genomic.fna	79.1893	701	1864
DA1.scaffolds.fasta.supercontigs.fna	GCA_004304455.1_ASM430445v1_genomic.fna	79.1889	679	1864
DA1.scaffolds.fasta.supercontigs.fna	GCA_019779285.1_ASM1977928v1_genomic.fna	79.1888	684	1864
DA1.scaffolds.fasta.supercontigs.fna	GCA_012276195.1_ASM1227619v1_genomic.fna	79.1886	691	1864
DA1.scaffolds.fasta.supercontigs.fna	GCA_019778295.1_ASM1977829v1_genomic.fna	79.1885	698	1864
DA1.scaffolds.fasta.supercontigs.fna	GCA_010668385.1_ASM1066838v1_genomic.fna	79.1881	669	1864
DA1.scaffolds.fasta.supercontigs.fna	GCA_019799725.1_ASM1979972v1_genomic.fna	79.188	711	1864
DA1.scaffolds.fasta.supercontigs.fna	GCA_019778935.1_ASM1977893v1_genomic.fna	79.1872	695	1864
DA1.scaffolds.fasta.supercontigs.fna	GCA_010668515.1_ASM1066851v1_genomic.fna	79.1872	691	1864
DA1.scaffolds.fasta.supercontigs.fna	GCA_004329975.1_ASM432997v1_genomic.fna	79.1871	711	1864
DA1.scaffolds.fasta.supercontigs.fna	GCA_019799425.1_ASM1979942v1_genomic.fna	79.187	694	1864
DA1.scaffolds.fasta.supercontigs.fna	GCA_019799465.1_ASM1979946v1_genomic.fna	79.1868	673	1864
DA1.scaffolds.fasta.supercontigs.fna	GCA_012276275.1_ASM1227627v1_genomic.fna	79.1867	713	1864
DA1.scaffolds.fasta.supercontigs.fna	GCA_019799545.1_ASM1979954v1_genomic.fna	79.1866	713	1864
DA1.scaffolds.fasta.supercontigs.fna	GCA_019798345.1_ASM1979834v1_genomic.fna	79.1862	704	1864
DA1.scaffolds.fasta.supercontigs.fna	GCA_006443685.1_ASM644368v1_genomic.fna	79.1858	534	1864
DA1.scaffolds.fasta.supercontigs.fna	GCA_032464805.1_ASM3246480v1_genomic.fna	79.1858	693	1864
DA1.scaffolds.fasta.supercontigs.fna	GCA_019798805.1_ASM1979880v1_genomic.fna	79.1856	702	1864
DA1.scaffolds.fasta.supercontigs.fna	GCA_019778015.1_ASM1977801v1_genomic.fna	79.1854	701	1864
DA1.scaffolds.fasta.supercontigs.fna	GCA_019799085.1_ASM1979908v1_genomic.fna	79.1852	693	1864
DA1.scaffolds.fasta.supercontigs.fna	GCA_002355115.1_ASM235511v1_genomic.fna	79.1852	705	1864
DA1.scaffolds.fasta.supercontigs.fna	GCA_007002995.1_ASM700299v1_genomic.fna	79.1851	663	1864
DA1.scaffolds.fasta.supercontigs.fna	GCA_004054165.1_ASM405416v1_genomic.fna	79.1848	695	1864
DA1.scaffolds.fasta.supercontigs.fna	GCA_013321455.1_ASM1332145v1_genomic.fna	79.1848	657	1864
DA1.scaffolds.fasta.supercontigs.fna	GCA_019798865.1_ASM1979886v1_genomic.fna	79.1847	695	1864
DA1.scaffolds.fasta.supercontigs.fna	GCA_014194475.1_ASM1419447v1_genomic.fna	79.1838	700	1864
DA1.scaffolds.fasta.supercontigs.fna	GCA_002211295.1_ASM221129v1_genomic.fna	79.1837	709	1864
DA1.scaffolds.fasta.supercontigs.fna	GCA_001675075.1_ASM167507v1_genomic.fna	79.1836	722	1864
DA1.scaffolds.fasta.supercontigs.fna	GCA_019778285.1_ASM1977828v1_genomic.fna	79.1831	704	1864
DA1.scaffolds.fasta.supercontigs.fna	GCA_019793455.1_ASM1979345v1_genomic.fna	79.1829	716	1864
DA1.scaffolds.fasta.supercontigs.fna	GCA_014191925.1_ASM1419192v1_genomic.fna	79.1822	669	1864
DA1.scaffolds.fasta.supercontigs.fna	GCA_004307135.1_ASM430713v1_genomic.fna	79.1819	712	1864
DA1.scaffolds.fasta.supercontigs.fna	GCA_010668625.1_ASM1066862v1_genomic.fna	79.1816	709	1864
DA1.scaffolds.fasta.supercontigs.fna	GCA_010365265.1_ASM1036526v1_genomic.fna	79.1815	692	1864
DA1.scaffolds.fasta.supercontigs.fna	GCA_001664305.1_ASM166430v1_genomic.fna	79.1813	687	1864
DA1.scaffolds.fasta.supercontigs.fna	GCA_004306815.1_ASM430681v1_genomic.fna	79.1813	709	1864
DA1.scaffolds.fasta.supercontigs.fna	GCA_019798145.1_ASM1979814v1_genomic.fna	79.1812	702	1864
DA1.scaffolds.fasta.supercontigs.fna	GCA_014202175.1_ASM1420217v1_genomic.fna	79.1798	566	1864
DA1.scaffolds.fasta.supercontigs.fna	GCA_004322915.1_ASM432291v1_genomic.fna	79.1793	701	1864
DA1.scaffolds.fasta.supercontigs.fna	GCA_007002985.1_ASM700298v1_genomic.fna	79.1791	663	1864
DA1.scaffolds.fasta.supercontigs.fna	GCA_019799155.1_ASM1979915v1_genomic.fna	79.1785	703	1864
DA1.scaffolds.fasta.supercontigs.fna	GCA_019799345.1_ASM1979934v1_genomic.fna	79.1784	694	1864
DA1.scaffolds.fasta.supercontigs.fna	GCA_004305255.1_ASM430525v1_genomic.fna	79.1781	700	1864
DA1.scaffolds.fasta.supercontigs.fna	GCA_004306785.1_ASM430678v1_genomic.fna	79.1767	706	1864
DA1.scaffolds.fasta.supercontigs.fna	GCA_001664245.1_ASM166424v1_genomic.fna	79.1763	713	1864
DA1.scaffolds.fasta.supercontigs.fna	GCA_014198355.1_ASM1419835v1_genomic.fna	79.1763	720	1864
DA1.scaffolds.fasta.supercontigs.fna	GCA_004307035.1_ASM430703v1_genomic.fna	79.1762	706	1864
DA1.scaffolds.fasta.supercontigs.fna	GCA_000009265.1_ASM926v1_genomic.fna	79.176	708	1864
DA1.scaffolds.fasta.supercontigs.fna	GCA_002531955.1_ASM253195v1_genomic.fna	79.176	737	1864
DA1.scaffolds.fasta.supercontigs.fna	GCA_019778545.1_ASM1977854v1_genomic.fna	79.1758	728	1864
DA1.scaffolds.fasta.supercontigs.fna	GCA_019798205.1_ASM1979820v1_genomic.fna	79.1755	718	1864
DA1.scaffolds.fasta.supercontigs.fna	GCA_000281145.1_Rhizobium.strCF142_v1.0_genomic.fna	79.1753	668	1864
DA1.scaffolds.fasta.supercontigs.fna	GCA_036964825.1_ASM3696482v1_genomic.fna	79.175	683	1864
DA1.scaffolds.fasta.supercontigs.fna	GCA_010668265.1_ASM1066826v1_genomic.fna	79.1749	707	1864
DA1.scaffolds.fasta.supercontigs.fna	GCA_002531725.1_ASM253172v1_genomic.fna	79.1747	718	1864
DA1.scaffolds.fasta.supercontigs.fna	GCA_000427765.1_ASM42776v1_genomic.fna	79.1744	690	1864
DA1.scaffolds.fasta.supercontigs.fna	GCA_014200055.1_ASM1420005v1_genomic.fna	79.174	721	1864
DA1.scaffolds.fasta.supercontigs.fna	GCA_001664145.1_ASM166414v1_genomic.fna	79.1739	689	1864
DA1.scaffolds.fasta.supercontigs.fna	GCA_004330135.1_ASM433013v1_genomic.fna	79.1739	706	1864
DA1.scaffolds.fasta.supercontigs.fna	GCA_004306095.1_ASM430609v1_genomic.fna	79.1736	703	1864
DA1.scaffolds.fasta.supercontigs.fna	GCA_010668175.1_ASM1066817v1_genomic.fna	79.1732	706	1864
DA1.scaffolds.fasta.supercontigs.fna	GCA_012276335.1_ASM1227633v1_genomic.fna	79.1729	692	1864
DA1.scaffolds.fasta.supercontigs.fna	GCA_014196235.1_ASM1419623v1_genomic.fna	79.1726	697	1864
DA1.scaffolds.fasta.supercontigs.fna	GCA_000281735.1_ASM28173v1_genomic.fna	79.1725	648	1864
DA1.scaffolds.fasta.supercontigs.fna	GCA_004305575.1_ASM430557v1_genomic.fna	79.1721	706	1864
DA1.scaffolds.fasta.supercontigs.fna	GCA_014197955.1_ASM1419795v1_genomic.fna	79.1718	709	1864
DA1.scaffolds.fasta.supercontigs.fna	GCA_022884085.1_ASM2288408v1_genomic.fna	79.1716	615	1864
DA1.scaffolds.fasta.supercontigs.fna	GCA_900156055.1_IMG-taxon_2708742397_annotated_assembly_genomic.fna	79.1714	544	1864
DA1.scaffolds.fasta.supercontigs.fna	GCA_012276015.1_ASM1227601v1_genomic.fna	79.1711	699	1864
DA1.scaffolds.fasta.supercontigs.fna	GCA_019799485.1_ASM1979948v1_genomic.fna	79.1709	702	1864
DA1.scaffolds.fasta.supercontigs.fna	GCA_010668065.1_ASM1066806v1_genomic.fna	79.1707	722	1864
DA1.scaffolds.fasta.supercontigs.fna	GCA_012275945.1_ASM1227594v1_genomic.fna	79.1707	703	1864
DA1.scaffolds.fasta.supercontigs.fna	GCA_022385315.1_ASM2238531v1_genomic.fna	79.17	730	1864
DA1.scaffolds.fasta.supercontigs.fna	GCA_016864595.1_ASM1686459v1_genomic.fna	79.1699	629	1864
DA1.scaffolds.fasta.supercontigs.fna	GCA_001664525.1_ASM166452v1_genomic.fna	79.1692	690	1864
DA1.scaffolds.fasta.supercontigs.fna	GCA_013321855.1_ASM1332185v1_genomic.fna	79.1682	675	1864
DA1.scaffolds.fasta.supercontigs.fna	GCA_011604525.1_ASM1160452v1_genomic.fna	79.1679	709	1864
DA1.scaffolds.fasta.supercontigs.fna	GCA_001692155.1_ASM169215v1_genomic.fna	79.1679	672	1864
DA1.scaffolds.fasta.supercontigs.fna	GCA_014198365.1_ASM1419836v1_genomic.fna	79.1678	702	1864
DA1.scaffolds.fasta.supercontigs.fna	GCA_010668945.1_ASM1066894v1_genomic.fna	79.1675	701	1864
DA1.scaffolds.fasta.supercontigs.fna	GCA_004304665.1_ASM430466v1_genomic.fna	79.1674	696	1864
DA1.scaffolds.fasta.supercontigs.fna	GCA_014194165.1_ASM1419416v1_genomic.fna	79.1673	702	1864
DA1.scaffolds.fasta.supercontigs.fna	GCA_028613695.1_ASM2861369v1_genomic.fna	79.1673	701	1864
DA1.scaffolds.fasta.supercontigs.fna	GCA_014189635.1_ASM1418963v1_genomic.fna	79.1672	693	1864
DA1.scaffolds.fasta.supercontigs.fna	GCA_014638185.1_ASM1463818v1_genomic.fna	79.1671	716	1864
DA1.scaffolds.fasta.supercontigs.fna	GCA_013321785.1_ASM1332178v1_genomic.fna	79.1667	656	1864
DA1.scaffolds.fasta.supercontigs.fna	GCA_014200235.1_ASM1420023v1_genomic.fna	79.1666	628	1864
DA1.scaffolds.fasta.supercontigs.fna	GCA_013321495.1_ASM1332149v1_genomic.fna	79.1666	669	1864
DA1.scaffolds.fasta.supercontigs.fna	GCA_014198755.1_ASM1419875v1_genomic.fna	79.1665	712	1864
DA1.scaffolds.fasta.supercontigs.fna	GCA_014198735.1_ASM1419873v1_genomic.fna	79.1665	698	1864
DA1.scaffolds.fasta.supercontigs.fna	GCA_021729845.1_ASM2172984v1_genomic.fna	79.1662	585	1864
DA1.scaffolds.fasta.supercontigs.fna	GCA_001692285.1_ASM169228v1_genomic.fna	79.1655	658	1864
DA1.scaffolds.fasta.supercontigs.fna	GCA_021391715.1_ASM2139171v1_genomic.fna	79.1653	709	1864
DA1.scaffolds.fasta.supercontigs.fna	GCA_004307185.1_ASM430718v1_genomic.fna	79.1651	712	1864
DA1.scaffolds.fasta.supercontigs.fna	GCA_010668245.1_ASM1066824v1_genomic.fna	79.1649	694	1864
DA1.scaffolds.fasta.supercontigs.fna	GCA_019799585.1_ASM1979958v1_genomic.fna	79.1644	721	1864
DA1.scaffolds.fasta.supercontigs.fna	GCA_003985145.1_ASM398514v1_genomic.fna	79.1641	726	1864
DA1.scaffolds.fasta.supercontigs.fna	GCA_009498505.1_ASM949850v1_genomic.fna	79.164	660	1864
DA1.scaffolds.fasta.supercontigs.fna	GCA_000485295.1_ASM48529v1_genomic.fna	79.1636	97	1864
DA1.scaffolds.fasta.supercontigs.fna	GCA_021052325.1_ASM2105232v1_genomic.fna	79.1634	686	1864
DA1.scaffolds.fasta.supercontigs.fna	GCA_019779005.1_ASM1977900v1_genomic.fna	79.1631	709	1864
DA1.scaffolds.fasta.supercontigs.fna	GCA_019779085.1_ASM1977908v1_genomic.fna	79.163	706	1864
DA1.scaffolds.fasta.supercontigs.fna	GCA_014198705.1_ASM1419870v1_genomic.fna	79.1629	715	1864
DA1.scaffolds.fasta.supercontigs.fna	GCA_035921805.1_ASM3592180v1_genomic.fna	79.1622	706	1864
DA1.scaffolds.fasta.supercontigs.fna	GCA_001664545.1_ASM166454v1_genomic.fna	79.162	694	1864
DA1.scaffolds.fasta.supercontigs.fna	GCA_001664205.1_ASM166420v1_genomic.fna	79.1619	695	1864
DA1.scaffolds.fasta.supercontigs.fna	GCA_010668475.1_ASM1066847v1_genomic.fna	79.1619	702	1864
DA1.scaffolds.fasta.supercontigs.fna	GCA_004306655.1_ASM430665v1_genomic.fna	79.1618	703	1864
DA1.scaffolds.fasta.supercontigs.fna	GCA_014280875.1_ASM1428087v1_genomic.fna	79.1617	595	1864
DA1.scaffolds.fasta.supercontigs.fna	GCA_004304065.1_ASM430406v1_genomic.fna	79.1612	688	1864
DA1.scaffolds.fasta.supercontigs.fna	GCA_036964745.1_ASM3696474v1_genomic.fna	79.1611	704	1864
DA1.scaffolds.fasta.supercontigs.fna	GCA_013321555.1_ASM1332155v1_genomic.fna	79.161	661	1864
DA1.scaffolds.fasta.supercontigs.fna	GCA_019779155.1_ASM1977915v1_genomic.fna	79.1609	697	1864
DA1.scaffolds.fasta.supercontigs.fna	GCA_019778565.1_ASM1977856v1_genomic.fna	79.1609	719	1864
DA1.scaffolds.fasta.supercontigs.fna	GCA_030518245.1_ASM3051824v1_genomic.fna	79.1608	671	1864
DA1.scaffolds.fasta.supercontigs.fna	GCA_032464655.1_ASM3246465v1_genomic.fna	79.1606	688	1864
DA1.scaffolds.fasta.supercontigs.fna	GCA_004346285.1_ASM434628v1_genomic.fna	79.1601	713	1864
DA1.scaffolds.fasta.supercontigs.fna	GCA_004304845.1_ASM430484v1_genomic.fna	79.16	695	1864
DA1.scaffolds.fasta.supercontigs.fna	GCA_014194325.1_ASM1419432v1_genomic.fna	79.1592	691	1864
DA1.scaffolds.fasta.supercontigs.fna	GCA_019778425.1_ASM1977842v1_genomic.fna	79.159	693	1864
DA1.scaffolds.fasta.supercontigs.fna	GCA_902706285.1_n18055v0.1_genomic.fna	79.1586	612	1864
DA1.scaffolds.fasta.supercontigs.fna	GCA_019778365.1_ASM1977836v1_genomic.fna	79.1586	692	1864
DA1.scaffolds.fasta.supercontigs.fna	GCA_013321105.1_ASM1332110v1_genomic.fna	79.1583	669	1864
DA1.scaffolds.fasta.supercontigs.fna	GCA_019798985.1_ASM1979898v1_genomic.fna	79.1583	695	1864
DA1.scaffolds.fasta.supercontigs.fna	GCA_001664345.1_ASM166434v1_genomic.fna	79.1581	695	1864
DA1.scaffolds.fasta.supercontigs.fna	GCA_000376185.1_ASM37618v1_genomic.fna	79.1581	130	1864
DA1.scaffolds.fasta.supercontigs.fna	GCA_000172715.2_ASM17271v2_genomic.fna	79.158	713	1864
DA1.scaffolds.fasta.supercontigs.fna	GCA_002117725.1_ASM211772v1_genomic.fna	79.158	683	1864
DA1.scaffolds.fasta.supercontigs.fna	GCA_020224115.1_ASM2022411v1_genomic.fna	79.1577	703	1864
DA1.scaffolds.fasta.supercontigs.fna	GCA_002531645.1_ASM253164v1_genomic.fna	79.1569	705	1864
DA1.scaffolds.fasta.supercontigs.fna	GCA_000698845.1_ASM69884v1_genomic.fna	79.1567	708	1864
DA1.scaffolds.fasta.supercontigs.fna	GCA_019798425.1_ASM1979842v1_genomic.fna	79.1566	669	1864
DA1.scaffolds.fasta.supercontigs.fna	GCA_004307125.1_ASM430712v1_genomic.fna	79.1557	713	1864
DA1.scaffolds.fasta.supercontigs.fna	GCA_001664165.1_ASM166416v1_genomic.fna	79.1555	728	1864
DA1.scaffolds.fasta.supercontigs.fna	GCA_029894065.1_ASM2989406v1_genomic.fna	79.1554	699	1864
DA1.scaffolds.fasta.supercontigs.fna	GCA_002531715.1_ASM253171v1_genomic.fna	79.1552	692	1864
DA1.scaffolds.fasta.supercontigs.fna	GCA_019799695.1_ASM1979969v1_genomic.fna	79.1544	739	1864
DA1.scaffolds.fasta.supercontigs.fna	GCA_004303875.1_ASM430387v1_genomic.fna	79.1528	694	1864
DA1.scaffolds.fasta.supercontigs.fna	GCA_013087615.1_ASM1308761v1_genomic.fna	79.1526	692	1864
DA1.scaffolds.fasta.supercontigs.fna	GCA_029892545.1_ASM2989254v1_genomic.fna	79.1524	699	1864
DA1.scaffolds.fasta.supercontigs.fna	GCA_013321865.1_ASM1332186v1_genomic.fna	79.1519	657	1864
DA1.scaffolds.fasta.supercontigs.fna	GCA_012276035.1_ASM1227603v1_genomic.fna	79.1515	697	1864
DA1.scaffolds.fasta.supercontigs.fna	GCA_019799605.1_ASM1979960v1_genomic.fna	79.1509	697	1864
DA1.scaffolds.fasta.supercontigs.fna	GCA_001664265.1_ASM166426v1_genomic.fna	79.1508	695	1864
DA1.scaffolds.fasta.supercontigs.fna	GCA_004305085.1_ASM430508v1_genomic.fna	79.1508	696	1864
DA1.scaffolds.fasta.supercontigs.fna	GCA_004303735.1_ASM430373v1_genomic.fna	79.1508	706	1864
DA1.scaffolds.fasta.supercontigs.fna	GCA_004329775.1_ASM432977v1_genomic.fna	79.1507	699	1864
DA1.scaffolds.fasta.supercontigs.fna	GCA_019778795.1_ASM1977879v1_genomic.fna	79.1504	706	1864
DA1.scaffolds.fasta.supercontigs.fna	GCA_004305615.1_ASM430561v1_genomic.fna	79.15	709	1864
DA1.scaffolds.fasta.supercontigs.fna	GCA_004303135.1_ASM430313v1_genomic.fna	79.1496	707	1864
DA1.scaffolds.fasta.supercontigs.fna	GCA_004305545.1_ASM430554v1_genomic.fna	79.1496	692	1864
DA1.scaffolds.fasta.supercontigs.fna	GCA_004304635.1_ASM430463v1_genomic.fna	79.1495	693	1864
DA1.scaffolds.fasta.supercontigs.fna	GCA_004305895.1_ASM430589v1_genomic.fna	79.149	704	1864
DA1.scaffolds.fasta.supercontigs.fna	GCA_000769405.2_CC275e2020_genomic.fna	79.1488	691	1864
DA1.scaffolds.fasta.supercontigs.fna	GCA_023006545.1_ASM2300654v1_genomic.fna	79.1487	647	1864
DA1.scaffolds.fasta.supercontigs.fna	GCA_014189655.1_ASM1418965v1_genomic.fna	79.1479	698	1864
DA1.scaffolds.fasta.supercontigs.fna	GCA_006802085.1_ASM680208v1_genomic.fna	79.1478	659	1864
DA1.scaffolds.fasta.supercontigs.fna	GCA_019798085.1_ASM1979808v1_genomic.fna	79.1478	731	1864
DA1.scaffolds.fasta.supercontigs.fna	GCA_019778785.1_ASM1977878v1_genomic.fna	79.147	701	1864
DA1.scaffolds.fasta.supercontigs.fna	GCA_012276355.1_ASM1227635v1_genomic.fna	79.1468	704	1864
DA1.scaffolds.fasta.supercontigs.fna	GCA_004304735.1_ASM430473v1_genomic.fna	79.1467	698	1864
DA1.scaffolds.fasta.supercontigs.fna	GCA_013321035.1_ASM1332103v1_genomic.fna	79.1465	673	1864
DA1.scaffolds.fasta.supercontigs.fna	GCA_019798885.1_ASM1979888v1_genomic.fna	79.1459	694	1864
DA1.scaffolds.fasta.supercontigs.fna	GCA_003025035.1_ASM302503v1_genomic.fna	79.1457	547	1864
DA1.scaffolds.fasta.supercontigs.fna	GCA_014198095.1_ASM1419809v1_genomic.fna	79.1456	707	1864
DA1.scaffolds.fasta.supercontigs.fna	GCA_014207035.1_ASM1420703v1_genomic.fna	79.1449	725	1864
DA1.scaffolds.fasta.supercontigs.fna	GCA_019779585.1_ASM1977958v1_genomic.fna	79.1447	688	1864
DA1.scaffolds.fasta.supercontigs.fna	GCA_019778085.1_ASM1977808v1_genomic.fna	79.1444	681	1864
DA1.scaffolds.fasta.supercontigs.fna	GCA_004303745.1_ASM430374v1_genomic.fna	79.1443	700	1864
DA1.scaffolds.fasta.supercontigs.fna	GCA_013321985.1_ASM1332198v1_genomic.fna	79.1442	664	1864
DA1.scaffolds.fasta.supercontigs.fna	GCA_001664445.1_ASM166444v1_genomic.fna	79.1442	723	1864
DA1.scaffolds.fasta.supercontigs.fna	GCA_005862305.2_ASM586230v2_genomic.fna	79.144	711	1864
DA1.scaffolds.fasta.supercontigs.fna	GCA_019799405.1_ASM1979940v1_genomic.fna	79.1436	709	1864
DA1.scaffolds.fasta.supercontigs.fna	GCA_004306275.1_ASM430627v1_genomic.fna	79.143	705	1864
DA1.scaffolds.fasta.supercontigs.fna	GCA_004330745.1_ASM433074v1_genomic.fna	79.1424	679	1864
DA1.scaffolds.fasta.supercontigs.fna	GCA_001664225.1_ASM166422v1_genomic.fna	79.1424	707	1864
DA1.scaffolds.fasta.supercontigs.fna	GCA_019799285.1_ASM1979928v1_genomic.fna	79.1422	688	1864
DA1.scaffolds.fasta.supercontigs.fna	GCA_019799525.1_ASM1979952v1_genomic.fna	79.142	691	1864
DA1.scaffolds.fasta.supercontigs.fna	GCA_019779025.1_ASM1977902v1_genomic.fna	79.1415	704	1864
DA1.scaffolds.fasta.supercontigs.fna	GCA_017348875.1_ASM1734887v1_genomic.fna	79.1413	701	1864
DA1.scaffolds.fasta.supercontigs.fna	GCA_019779925.1_ASM1977992v1_genomic.fna	79.1413	694	1864
DA1.scaffolds.fasta.supercontigs.fna	GCA_019799325.1_ASM1979932v1_genomic.fna	79.1413	685	1864
DA1.scaffolds.fasta.supercontigs.fna	GCA_000705615.1_CCGM1.1_genomic.fna	79.141	702	1864
DA1.scaffolds.fasta.supercontigs.fna	GCA_004305475.1_ASM430547v1_genomic.fna	79.1403	709	1864
DA1.scaffolds.fasta.supercontigs.fna	GCA_004054135.1_ASM405413v1_genomic.fna	79.1401	677	1864
DA1.scaffolds.fasta.supercontigs.fna	GCA_004305185.1_ASM430518v1_genomic.fna	79.1401	694	1864
DA1.scaffolds.fasta.supercontigs.fna	GCA_028548195.1_ASM2854819v1_genomic.fna	79.14	715	1864
DA1.scaffolds.fasta.supercontigs.fna	GCA_019798095.1_ASM1979809v1_genomic.fna	79.14	729	1864
DA1.scaffolds.fasta.supercontigs.fna	GCA_019778225.1_ASM1977822v1_genomic.fna	79.1398	699	1864
DA1.scaffolds.fasta.supercontigs.fna	GCA_013321005.1_ASM1332100v1_genomic.fna	79.1396	652	1864
DA1.scaffolds.fasta.supercontigs.fna	GCA_019779765.1_ASM1977976v1_genomic.fna	79.1392	688	1864
DA1.scaffolds.fasta.supercontigs.fna	GCA_013322015.1_ASM1332201v1_genomic.fna	79.1389	661	1864
DA1.scaffolds.fasta.supercontigs.fna	GCA_001679785.1_ASM167978v1_genomic.fna	79.1388	725	1864
DA1.scaffolds.fasta.supercontigs.fna	GCA_001664385.1_ASM166438v1_genomic.fna	79.1386	724	1864
DA1.scaffolds.fasta.supercontigs.fna	GCA_022884065.1_ASM2288406v1_genomic.fna	79.138	626	1864
DA1.scaffolds.fasta.supercontigs.fna	GCA_012241395.2_ASM1224139v2_genomic.fna	79.1376	724	1864
DA1.scaffolds.fasta.supercontigs.fna	GCA_030380735.1_ASM3038073v1_genomic.fna	79.1375	620	1864
DA1.scaffolds.fasta.supercontigs.fna	GCA_019778905.1_ASM1977890v1_genomic.fna	79.1369	682	1864
DA1.scaffolds.fasta.supercontigs.fna	GCA_024721175.1_ASM2472117v1_genomic.fna	79.1369	691	1864
DA1.scaffolds.fasta.supercontigs.fna	GCA_014198335.1_ASM1419833v1_genomic.fna	79.1367	703	1864
DA1.scaffolds.fasta.supercontigs.fna	GCA_017357305.1_ASM1735730v1_genomic.fna	79.1367	710	1864
DA1.scaffolds.fasta.supercontigs.fna	GCA_013321905.1_ASM1332190v1_genomic.fna	79.1365	671	1864
DA1.scaffolds.fasta.supercontigs.fna	GCA_012276115.1_ASM1227611v1_genomic.fna	79.1365	695	1864
DA1.scaffolds.fasta.supercontigs.fna	GCA_003205195.1_ASM320519v1_genomic.fna	79.1365	590	1864
DA1.scaffolds.fasta.supercontigs.fna	GCA_019778505.1_ASM1977850v1_genomic.fna	79.1363	704	1864
DA1.scaffolds.fasta.supercontigs.fna	GCA_004303145.1_ASM430314v1_genomic.fna	79.1362	710	1864
DA1.scaffolds.fasta.supercontigs.fna	GCA_004305305.1_ASM430530v1_genomic.fna	79.1362	711	1864
DA1.scaffolds.fasta.supercontigs.fna	GCA_008682375.1_ASM868237v1_genomic.fna	79.1354	655	1864
DA1.scaffolds.fasta.supercontigs.fna	GCA_019798595.1_ASM1979859v1_genomic.fna	79.1351	689	1864
DA1.scaffolds.fasta.supercontigs.fna	GCA_017876795.1_ASM1787679v1_genomic.fna	79.1348	670	1864
DA1.scaffolds.fasta.supercontigs.fna	GCA_000373285.1_ASM37328v1_genomic.fna	79.1348	700	1864
DA1.scaffolds.fasta.supercontigs.fna	GCA_004330105.1_ASM433010v1_genomic.fna	79.1343	706	1864
DA1.scaffolds.fasta.supercontigs.fna	GCA_963515175.1_ERR9969061_bin.5_MetaWRAP_v1.3_MAG_genomic.fna	79.1338	575	1864
DA1.scaffolds.fasta.supercontigs.fna	GCA_019799145.1_ASM1979914v1_genomic.fna	79.1334	696	1864
DA1.scaffolds.fasta.supercontigs.fna	GCA_003938655.1_ASM393865v1_genomic.fna	79.1333	667	1864
DA1.scaffolds.fasta.supercontigs.fna	GCA_013321745.1_ASM1332174v1_genomic.fna	79.1329	664	1864
DA1.scaffolds.fasta.supercontigs.fna	GCA_013321875.1_ASM1332187v1_genomic.fna	79.1328	670	1864
DA1.scaffolds.fasta.supercontigs.fna	GCA_010668125.1_ASM1066812v1_genomic.fna	79.1323	707	1864
DA1.scaffolds.fasta.supercontigs.fna	GCA_004305485.1_ASM430548v1_genomic.fna	79.1323	714	1864
DA1.scaffolds.fasta.supercontigs.fna	GCA_021052345.1_ASM2105234v1_genomic.fna	79.1321	716	1864
DA1.scaffolds.fasta.supercontigs.fna	GCA_000696095.1_ASM69609v1_genomic.fna	79.1316	674	1864
DA1.scaffolds.fasta.supercontigs.fna	GCA_020447285.1_ASM2044728v1_genomic.fna	79.1315	702	1864
DA1.scaffolds.fasta.supercontigs.fna	GCA_009905715.1_ASM990571v1_genomic.fna	79.1312	545	1864
DA1.scaffolds.fasta.supercontigs.fna	GCA_013321955.1_ASM1332195v1_genomic.fna	79.131	666	1864
DA1.scaffolds.fasta.supercontigs.fna	GCA_013322165.1_ASM1332216v1_genomic.fna	79.131	630	1864
DA1.scaffolds.fasta.supercontigs.fna	GCA_014194185.1_ASM1419418v1_genomic.fna	79.1306	711	1864
DA1.scaffolds.fasta.supercontigs.fna	GCA_019799665.1_ASM1979966v1_genomic.fna	79.1305	695	1864
DA1.scaffolds.fasta.supercontigs.fna	GCA_001664405.1_ASM166440v1_genomic.fna	79.13	707	1864
DA1.scaffolds.fasta.supercontigs.fna	GCA_014198115.1_ASM1419811v1_genomic.fna	79.1298	699	1864
DA1.scaffolds.fasta.supercontigs.fna	GCA_000427945.1_ASM42794v1_genomic.fna	79.1297	702	1864
DA1.scaffolds.fasta.supercontigs.fna	GCA_007002955.1_ASM700295v1_genomic.fna	79.1296	656	1864
DA1.scaffolds.fasta.supercontigs.fna	GCA_013321425.1_ASM1332142v1_genomic.fna	79.1295	673	1864
DA1.scaffolds.fasta.supercontigs.fna	GCA_013321095.1_ASM1332109v1_genomic.fna	79.1294	653	1864
DA1.scaffolds.fasta.supercontigs.fna	GCA_012276245.1_ASM1227624v1_genomic.fna	79.1293	723	1864
DA1.scaffolds.fasta.supercontigs.fna	GCA_001664365.1_ASM166436v1_genomic.fna	79.1291	714	1864
DA1.scaffolds.fasta.supercontigs.fna	GCA_001713475.1_ASM171347v1_genomic.fna	79.1288	560	1864
DA1.scaffolds.fasta.supercontigs.fna	GCA_004304085.1_ASM430408v1_genomic.fna	79.1288	700	1864
DA1.scaffolds.fasta.supercontigs.fna	GCA_004305005.1_ASM430500v1_genomic.fna	79.1288	710	1864
DA1.scaffolds.fasta.supercontigs.fna	GCA_004306495.1_ASM430649v1_genomic.fna	79.1288	706	1864
DA1.scaffolds.fasta.supercontigs.fna	GCA_004305375.1_ASM430537v1_genomic.fna	79.1286	708	1864
DA1.scaffolds.fasta.supercontigs.fna	GCA_013322075.1_ASM1332207v1_genomic.fna	79.1284	661	1864
DA1.scaffolds.fasta.supercontigs.fna	GCA_007002795.1_ASM700279v1_genomic.fna	79.1281	665	1864
DA1.scaffolds.fasta.supercontigs.fna	GCA_019778655.1_ASM1977865v1_genomic.fna	79.1279	714	1864
DA1.scaffolds.fasta.supercontigs.fna	GCA_000268285.2_RPHCH2410v2_genomic.fna	79.1279	711	1864
DA1.scaffolds.fasta.supercontigs.fna	GCA_014194595.1_ASM1419459v1_genomic.fna	79.1278	721	1864
DA1.scaffolds.fasta.supercontigs.fna	GCA_032918405.1_ASM3291840v1_genomic.fna	79.1275	688	1864
DA1.scaffolds.fasta.supercontigs.fna	GCA_019778005.1_ASM1977800v1_genomic.fna	79.1273	695	1864
DA1.scaffolds.fasta.supercontigs.fna	GCA_918741265.1_Rhizobium_sp_CECT_9324_HGAP4_Prokka_genomic.fna	79.1268	620	1864
DA1.scaffolds.fasta.supercontigs.fna	GCA_019799245.1_ASM1979924v1_genomic.fna	79.1267	689	1864
DA1.scaffolds.fasta.supercontigs.fna	GCA_004304935.1_ASM430493v1_genomic.fna	79.1267	713	1864
DA1.scaffolds.fasta.supercontigs.fna	GCA_001927265.3_ASM192726v3_genomic.fna	79.1266	700	1864
DA1.scaffolds.fasta.supercontigs.fna	GCA_021052425.1_ASM2105242v1_genomic.fna	79.1264	696	1864
DA1.scaffolds.fasta.supercontigs.fna	GCA_019778865.1_ASM1977886v1_genomic.fna	79.1264	703	1864
DA1.scaffolds.fasta.supercontigs.fna	GCA_013321805.1_ASM1332180v1_genomic.fna	79.1264	649	1864
DA1.scaffolds.fasta.supercontigs.fna	GCA_004304285.1_ASM430428v1_genomic.fna	79.1262	701	1864
DA1.scaffolds.fasta.supercontigs.fna	GCA_036967165.1_ASM3696716v1_genomic.fna	79.1258	718	1864
DA1.scaffolds.fasta.supercontigs.fna	GCA_013321255.1_ASM1332125v1_genomic.fna	79.1258	667	1864
DA1.scaffolds.fasta.supercontigs.fna	GCA_018138105.1_ASM1813810v1_genomic.fna	79.1255	673	1864
DA1.scaffolds.fasta.supercontigs.fna	GCA_013321715.1_ASM1332171v1_genomic.fna	79.1253	671	1864
DA1.scaffolds.fasta.supercontigs.fna	GCA_013321775.1_ASM1332177v1_genomic.fna	79.1253	667	1864
DA1.scaffolds.fasta.supercontigs.fna	GCA_013321635.1_ASM1332163v1_genomic.fna	79.1253	678	1864
DA1.scaffolds.fasta.supercontigs.fna	GCA_004912135.1_ASM491213v1_genomic.fna	79.1251	573	1864
DA1.scaffolds.fasta.supercontigs.fna	GCA_004306605.1_ASM430660v1_genomic.fna	79.1247	721	1864
DA1.scaffolds.fasta.supercontigs.fna	GCA_019779465.1_ASM1977946v1_genomic.fna	79.1246	701	1864
DA1.scaffolds.fasta.supercontigs.fna	GCA_012241485.1_ASM1224148v1_genomic.fna	79.1246	725	1864
DA1.scaffolds.fasta.supercontigs.fna	GCA_019779935.1_ASM1977993v1_genomic.fna	79.1244	693	1864
DA1.scaffolds.fasta.supercontigs.fna	GCA_004305945.1_ASM430594v1_genomic.fna	79.1241	707	1864
DA1.scaffolds.fasta.supercontigs.fna	GCA_004303415.1_ASM430341v1_genomic.fna	79.1238	711	1864
DA1.scaffolds.fasta.supercontigs.fna	GCA_004304975.1_ASM430497v1_genomic.fna	79.1237	715	1864
DA1.scaffolds.fasta.supercontigs.fna	GCA_036571585.1_ASM3657158v1_genomic.fna	79.1233	705	1864
DA1.scaffolds.fasta.supercontigs.fna	GCA_013321475.1_ASM1332147v1_genomic.fna	79.1232	674	1864
DA1.scaffolds.fasta.supercontigs.fna	GCA_014205785.1_ASM1420578v1_genomic.fna	79.1232	728	1864
DA1.scaffolds.fasta.supercontigs.fna	GCA_002531935.1_ASM253193v1_genomic.fna	79.1231	734	1864
DA1.scaffolds.fasta.supercontigs.fna	GCA_003351165.1_ASM335116v1_genomic.fna	79.123	732	1864
DA1.scaffolds.fasta.supercontigs.fna	GCA_013321575.1_ASM1332157v1_genomic.fna	79.1226	661	1864
DA1.scaffolds.fasta.supercontigs.fna	GCA_007002785.1_ASM700278v1_genomic.fna	79.1225	668	1864
DA1.scaffolds.fasta.supercontigs.fna	GCA_019778695.1_ASM1977869v1_genomic.fna	79.1222	699	1864
DA1.scaffolds.fasta.supercontigs.fna	GCA_030182545.1_ASM3018254v1_genomic.fna	79.122	715	1864
DA1.scaffolds.fasta.supercontigs.fna	GCA_011128975.2_ASM1112897v2_genomic.fna	79.1209	694	1864
DA1.scaffolds.fasta.supercontigs.fna	GCA_032918285.1_ASM3291828v1_genomic.fna	79.1206	687	1864
DA1.scaffolds.fasta.supercontigs.fna	GCA_943914655.1_EF2K2tUHTW_bin.7.MAG_genomic.fna	79.1203	159	1864
DA1.scaffolds.fasta.supercontigs.fna	GCA_035926785.1_ASM3592678v1_genomic.fna	79.1201	700	1864
DA1.scaffolds.fasta.supercontigs.fna	GCA_017876855.1_ASM1787685v1_genomic.fna	79.1199	584	1864
DA1.scaffolds.fasta.supercontigs.fna	GCA_004028075.1_ASM402807v1_genomic.fna	79.1199	685	1864
DA1.scaffolds.fasta.supercontigs.fna	GCA_000372305.1_ASM37230v1_genomic.fna	79.1198	707	1864
DA1.scaffolds.fasta.supercontigs.fna	GCA_012276295.1_ASM1227629v1_genomic.fna	79.1198	702	1864
DA1.scaffolds.fasta.supercontigs.fna	GCA_019778765.1_ASM1977876v1_genomic.fna	79.1193	686	1864
DA1.scaffolds.fasta.supercontigs.fna	GCA_013321485.1_ASM1332148v1_genomic.fna	79.1193	663	1864
DA1.scaffolds.fasta.supercontigs.fna	GCA_014200035.1_ASM1420003v1_genomic.fna	79.1191	725	1864
DA1.scaffolds.fasta.supercontigs.fna	GCA_003150695.1_ASM315069v1_genomic.fna	79.1189	710	1864
DA1.scaffolds.fasta.supercontigs.fna	GCA_001890425.1_ASM189042v1_genomic.fna	79.1188	720	1864
DA1.scaffolds.fasta.supercontigs.fna	GCA_017315145.1_ASM1731514v1_genomic.fna	79.1182	688	1864
DA1.scaffolds.fasta.supercontigs.fna	GCA_902706095.1_n18065v0.1_genomic.fna	79.1182	602	1864
DA1.scaffolds.fasta.supercontigs.fna	GCA_012275915.1_ASM1227591v1_genomic.fna	79.1181	690	1864
DA1.scaffolds.fasta.supercontigs.fna	GCA_012276585.1_ASM1227658v1_genomic.fna	79.118	693	1864
DA1.scaffolds.fasta.supercontigs.fna	GCA_003985155.1_ASM398515v1_genomic.fna	79.1178	681	1864
DA1.scaffolds.fasta.supercontigs.fna	GCA_010668275.1_ASM1066827v1_genomic.fna	79.1176	696	1864
DA1.scaffolds.fasta.supercontigs.fna	GCA_012276365.1_ASM1227636v1_genomic.fna	79.1174	706	1864
DA1.scaffolds.fasta.supercontigs.fna	GCA_013321315.1_ASM1332131v1_genomic.fna	79.117	668	1864
DA1.scaffolds.fasta.supercontigs.fna	GCA_004329995.1_ASM432999v1_genomic.fna	79.1165	701	1864
DA1.scaffolds.fasta.supercontigs.fna	GCA_023006555.1_ASM2300655v1_genomic.fna	79.116	650	1864
DA1.scaffolds.fasta.supercontigs.fna	GCA_031457345.1_ASM3145734v1_genomic.fna	79.1159	644	1864
DA1.scaffolds.fasta.supercontigs.fna	GCA_019799765.1_ASM1979976v1_genomic.fna	79.1154	719	1864
DA1.scaffolds.fasta.supercontigs.fna	GCA_035921845.1_ASM3592184v1_genomic.fna	79.1152	705	1864
DA1.scaffolds.fasta.supercontigs.fna	GCA_012275855.1_ASM1227585v1_genomic.fna	79.1149	717	1864
DA1.scaffolds.fasta.supercontigs.fna	GCA_004304745.1_ASM430474v1_genomic.fna	79.1147	706	1864
DA1.scaffolds.fasta.supercontigs.fna	GCA_001664085.1_ASM166408v1_genomic.fna	79.1144	700	1864
DA1.scaffolds.fasta.supercontigs.fna	GCA_004330535.1_ASM433053v1_genomic.fna	79.1142	704	1864
DA1.scaffolds.fasta.supercontigs.fna	GCA_019778985.1_ASM1977898v1_genomic.fna	79.114	704	1864
DA1.scaffolds.fasta.supercontigs.fna	GCA_004305055.1_ASM430505v1_genomic.fna	79.1139	696	1864
DA1.scaffolds.fasta.supercontigs.fna	GCA_013321375.1_ASM1332137v1_genomic.fna	79.1131	665	1864
DA1.scaffolds.fasta.supercontigs.fna	GCA_004307165.1_ASM430716v1_genomic.fna	79.113	726	1864
DA1.scaffolds.fasta.supercontigs.fna	GCA_001664285.1_ASM166428v1_genomic.fna	79.113	726	1864
DA1.scaffolds.fasta.supercontigs.fna	GCA_008919455.1_ASM891945v1_genomic.fna	79.1129	671	1864
DA1.scaffolds.fasta.supercontigs.fna	GCA_013321355.1_ASM1332135v1_genomic.fna	79.1123	669	1864
DA1.scaffolds.fasta.supercontigs.fna	GCA_004330185.1_ASM433018v1_genomic.fna	79.1122	687	1864
DA1.scaffolds.fasta.supercontigs.fna	GCA_001664125.1_ASM166412v1_genomic.fna	79.1121	724	1864
DA1.scaffolds.fasta.supercontigs.fna	GCA_003400105.1_ASM340010v1_genomic.fna	79.1121	732	1864
DA1.scaffolds.fasta.supercontigs.fna	GCA_036964845.1_ASM3696484v1_genomic.fna	79.112	713	1864
DA1.scaffolds.fasta.supercontigs.fna	GCA_013322135.1_ASM1332213v1_genomic.fna	79.1117	663	1864
DA1.scaffolds.fasta.supercontigs.fna	GCA_019799865.1_ASM1979986v1_genomic.fna	79.1114	686	1864
DA1.scaffolds.fasta.supercontigs.fna	GCA_010668505.1_ASM1066850v1_genomic.fna	79.1109	710	1864
DA1.scaffolds.fasta.supercontigs.fna	GCA_019798905.1_ASM1979890v1_genomic.fna	79.1109	706	1864
DA1.scaffolds.fasta.supercontigs.fna	GCA_013321615.1_ASM1332161v1_genomic.fna	79.1103	666	1864
DA1.scaffolds.fasta.supercontigs.fna	GCA_019779205.1_ASM1977920v1_genomic.fna	79.1102	712	1864
DA1.scaffolds.fasta.supercontigs.fna	GCA_013321565.1_ASM1332156v1_genomic.fna	79.1102	672	1864
DA1.scaffolds.fasta.supercontigs.fna	GCA_025941625.1_ASM2594162v1_genomic.fna	79.1099	716	1864
DA1.scaffolds.fasta.supercontigs.fna	GCA_014194455.1_ASM1419445v1_genomic.fna	79.1099	711	1864
DA1.scaffolds.fasta.supercontigs.fna	GCA_001295785.1_ASM129578v1_genomic.fna	79.1096	541	1864
DA1.scaffolds.fasta.supercontigs.fna	GCA_035970435.1_ASM3597043v1_genomic.fna	79.1096	700	1864
DA1.scaffolds.fasta.supercontigs.fna	GCA_019798955.1_ASM1979895v1_genomic.fna	79.1093	696	1864
DA1.scaffolds.fasta.supercontigs.fna	GCA_036914655.1_ASM3691465v1_genomic.fna	79.1092	694	1864
DA1.scaffolds.fasta.supercontigs.fna	GCA_013322085.1_ASM1332208v1_genomic.fna	79.1088	670	1864
DA1.scaffolds.fasta.supercontigs.fna	GCA_004306775.1_ASM430677v1_genomic.fna	79.1086	707	1864
DA1.scaffolds.fasta.supercontigs.fna	GCA_004330625.1_ASM433062v1_genomic.fna	79.1082	690	1864
DA1.scaffolds.fasta.supercontigs.fna	GCA_019779395.1_ASM1977939v1_genomic.fna	79.1082	701	1864
DA1.scaffolds.fasta.supercontigs.fna	GCA_019798845.1_ASM1979884v1_genomic.fna	79.1081	700	1864
DA1.scaffolds.fasta.supercontigs.fna	GCA_004304175.1_ASM430417v1_genomic.fna	79.108	694	1864
DA1.scaffolds.fasta.supercontigs.fna	GCA_004306305.1_ASM430630v1_genomic.fna	79.1078	719	1864
DA1.scaffolds.fasta.supercontigs.fna	GCA_014202125.1_ASM1420212v1_genomic.fna	79.1075	692	1864
DA1.scaffolds.fasta.supercontigs.fna	GCA_013322025.1_ASM1332202v1_genomic.fna	79.1072	673	1864
DA1.scaffolds.fasta.supercontigs.fna	GCA_035963955.1_ASM3596395v1_genomic.fna	79.1071	709	1864
DA1.scaffolds.fasta.supercontigs.fna	GCA_004306385.1_ASM430638v1_genomic.fna	79.107	698	1864
DA1.scaffolds.fasta.supercontigs.fna	GCA_004306165.1_ASM430616v1_genomic.fna	79.1068	704	1864
DA1.scaffolds.fasta.supercontigs.fna	GCA_019799365.1_ASM1979936v1_genomic.fna	79.1067	700	1864
DA1.scaffolds.fasta.supercontigs.fna	GCA_013391665.1_ASM1339166v1_genomic.fna	79.1066	714	1864
DA1.scaffolds.fasta.supercontigs.fna	GCA_025152725.1_ASM2515272v1_genomic.fna	79.1062	670	1864
DA1.scaffolds.fasta.supercontigs.fna	GCA_001664105.1_ASM166410v1_genomic.fna	79.1056	713	1864
DA1.scaffolds.fasta.supercontigs.fna	GCA_014194235.1_ASM1419423v1_genomic.fna	79.1055	719	1864
DA1.scaffolds.fasta.supercontigs.fna	GCA_013321835.1_ASM1332183v1_genomic.fna	79.1053	674	1864
DA1.scaffolds.fasta.supercontigs.fna	GCA_004303545.1_ASM430354v1_genomic.fna	79.1053	708	1864
DA1.scaffolds.fasta.supercontigs.fna	GCA_010668085.1_ASM1066808v1_genomic.fna	79.1047	687	1864
DA1.scaffolds.fasta.supercontigs.fna	GCA_013321975.1_ASM1332197v1_genomic.fna	79.1042	665	1864
DA1.scaffolds.fasta.supercontigs.fna	GCA_013087625.1_ASM1308762v1_genomic.fna	79.104	698	1864
DA1.scaffolds.fasta.supercontigs.fna	GCA_004329785.1_ASM432978v1_genomic.fna	79.104	697	1864
DA1.scaffolds.fasta.supercontigs.fna	GCA_004330175.1_ASM433017v1_genomic.fna	79.1038	698	1864
DA1.scaffolds.fasta.supercontigs.fna	GCA_014200075.1_ASM1420007v1_genomic.fna	79.1038	725	1864
DA1.scaffolds.fasta.supercontigs.fna	GCA_010668465.1_ASM1066846v1_genomic.fna	79.1035	699	1864
DA1.scaffolds.fasta.supercontigs.fna	GCA_004305755.1_ASM430575v1_genomic.fna	79.1033	704	1864
DA1.scaffolds.fasta.supercontigs.fna	GCA_036964785.1_ASM3696478v1_genomic.fna	79.1032	697	1864
DA1.scaffolds.fasta.supercontigs.fna	GCA_002531795.1_ASM253179v1_genomic.fna	79.103	681	1864
DA1.scaffolds.fasta.supercontigs.fna	GCA_014198795.1_ASM1419879v1_genomic.fna	79.103	730	1864
DA1.scaffolds.fasta.supercontigs.fna	GCA_004305515.1_ASM430551v1_genomic.fna	79.1028	709	1864
DA1.scaffolds.fasta.supercontigs.fna	GCA_019799745.1_ASM1979974v1_genomic.fna	79.1023	698	1864
DA1.scaffolds.fasta.supercontigs.fna	GCA_017876955.1_ASM1787695v1_genomic.fna	79.102	587	1864
DA1.scaffolds.fasta.supercontigs.fna	GCA_019684975.1_ASM1968497v1_genomic.fna	79.102	687	1864
DA1.scaffolds.fasta.supercontigs.fna	GCA_037002925.1_ASM3700292v1_genomic.fna	79.1019	712	1864
DA1.scaffolds.fasta.supercontigs.fna	GCA_014194355.1_ASM1419435v1_genomic.fna	79.1016	713	1864
DA1.scaffolds.fasta.supercontigs.fna	GCA_036528795.1_ASM3652879v1_genomic.fna	79.1015	296	1864
DA1.scaffolds.fasta.supercontigs.fna	GCA_013321275.1_ASM1332127v1_genomic.fna	79.1015	667	1864
DA1.scaffolds.fasta.supercontigs.fna	GCA_004305025.1_ASM430502v1_genomic.fna	79.1014	717	1864
DA1.scaffolds.fasta.supercontigs.fna	GCA_035965735.1_ASM3596573v1_genomic.fna	79.101	696	1864
DA1.scaffolds.fasta.supercontigs.fna	GCA_014198015.1_ASM1419801v1_genomic.fna	79.1009	721	1864
DA1.scaffolds.fasta.supercontigs.fna	GCA_004306475.1_ASM430647v1_genomic.fna	79.1004	706	1864
DA1.scaffolds.fasta.supercontigs.fna	GCA_005862185.2_ASM586218v2_genomic.fna	79.1004	707	1864
DA1.scaffolds.fasta.supercontigs.fna	GCA_013321225.1_ASM1332122v1_genomic.fna	79.1003	674	1864
DA1.scaffolds.fasta.supercontigs.fna	GCA_004305265.1_ASM430526v1_genomic.fna	79.1001	702	1864
DA1.scaffolds.fasta.supercontigs.fna	GCA_017948245.1_ASM1794824v1_genomic.fna	79.0998	666	1864
DA1.scaffolds.fasta.supercontigs.fna	GCA_013322175.1_ASM1332217v1_genomic.fna	79.0996	671	1864
DA1.scaffolds.fasta.supercontigs.fna	GCA_012275795.1_ASM1227579v1_genomic.fna	79.0996	711	1864
DA1.scaffolds.fasta.supercontigs.fna	GCA_019799615.1_ASM1979961v1_genomic.fna	79.0992	717	1864
DA1.scaffolds.fasta.supercontigs.fna	GCA_013321735.1_ASM1332173v1_genomic.fna	79.0986	671	1864
DA1.scaffolds.fasta.supercontigs.fna	GCA_001657485.1_ASM165748v1_genomic.fna	79.0986	691	1864
DA1.scaffolds.fasta.supercontigs.fna	GCA_013004175.1_ASM1300417v1_genomic.fna	79.0979	676	1864
DA1.scaffolds.fasta.supercontigs.fna	GCA_000705135.2_Draft_genome_assembly_of_Agrobacterium_rhizogenes_ATCC15834_genomic.fna	79.0979	671	1864
DA1.scaffolds.fasta.supercontigs.fna	GCA_009755765.1_ASM975576v1_genomic.fna	79.0978	686	1864
DA1.scaffolds.fasta.supercontigs.fna	GCA_004306695.1_ASM430669v1_genomic.fna	79.0975	701	1864
DA1.scaffolds.fasta.supercontigs.fna	GCA_013320995.1_ASM1332099v1_genomic.fna	79.0975	673	1864
DA1.scaffolds.fasta.supercontigs.fna	GCA_004305395.1_ASM430539v1_genomic.fna	79.0973	707	1864
DA1.scaffolds.fasta.supercontigs.fna	GCA_003985205.1_ASM398520v1_genomic.fna	79.097	718	1864
DA1.scaffolds.fasta.supercontigs.fna	GCA_013322215.1_ASM1332221v1_genomic.fna	79.0969	635	1864
DA1.scaffolds.fasta.supercontigs.fna	GCA_003939025.1_ASM393902v1_genomic.fna	79.0969	704	1864
DA1.scaffolds.fasta.supercontigs.fna	GCA_014198695.1_ASM1419869v1_genomic.fna	79.0965	705	1864
DA1.scaffolds.fasta.supercontigs.fna	GCA_010668445.1_ASM1066844v1_genomic.fna	79.0964	707	1864
DA1.scaffolds.fasta.supercontigs.fna	GCA_014841925.1_ASM1484192v1_genomic.fna	79.0959	580	1864
DA1.scaffolds.fasta.supercontigs.fna	GCA_037002865.1_ASM3700286v1_genomic.fna	79.0959	710	1864
DA1.scaffolds.fasta.supercontigs.fna	GCA_037002845.1_ASM3700284v1_genomic.fna	79.0957	709	1864
DA1.scaffolds.fasta.supercontigs.fna	GCA_000372105.1_ASM37210v1_genomic.fna	79.0956	707	1864
DA1.scaffolds.fasta.supercontigs.fna	GCA_019778645.1_ASM1977864v1_genomic.fna	79.0954	715	1864
DA1.scaffolds.fasta.supercontigs.fna	GCA_019779185.1_ASM1977918v1_genomic.fna	79.0953	711	1864
DA1.scaffolds.fasta.supercontigs.fna	GCA_036964765.1_ASM3696476v1_genomic.fna	79.0951	703	1864
DA1.scaffolds.fasta.supercontigs.fna	GCA_019684995.1_ASM1968499v1_genomic.fna	79.0948	640	1864
DA1.scaffolds.fasta.supercontigs.fna	GCA_019779705.1_ASM1977970v1_genomic.fna	79.0943	709	1864
DA1.scaffolds.fasta.supercontigs.fna	GCA_019799225.1_ASM1979922v1_genomic.fna	79.0942	705	1864
DA1.scaffolds.fasta.supercontigs.fna	GCA_004305365.1_ASM430536v1_genomic.fna	79.0941	709	1864
DA1.scaffolds.fasta.supercontigs.fna	GCA_013321415.1_ASM1332141v1_genomic.fna	79.0939	661	1864
DA1.scaffolds.fasta.supercontigs.fna	GCA_000373025.1_ASM37302v1_genomic.fna	79.0939	691	1864
DA1.scaffolds.fasta.supercontigs.fna	GCA_012275785.1_ASM1227578v1_genomic.fna	79.0935	704	1864
DA1.scaffolds.fasta.supercontigs.fna	GCA_019778595.1_ASM1977859v1_genomic.fna	79.0933	724	1864
DA1.scaffolds.fasta.supercontigs.fna	GCA_010668835.1_ASM1066883v1_genomic.fna	79.093	701	1864
DA1.scaffolds.fasta.supercontigs.fna	GCA_013321145.1_ASM1332114v1_genomic.fna	79.092	666	1864
DA1.scaffolds.fasta.supercontigs.fna	GCA_019779365.1_ASM1977936v1_genomic.fna	79.092	714	1864
DA1.scaffolds.fasta.supercontigs.fna	GCA_019778105.1_ASM1977810v1_genomic.fna	79.0918	708	1864
DA1.scaffolds.fasta.supercontigs.fna	GCA_014198005.1_ASM1419800v1_genomic.fna	79.0918	731	1864
DA1.scaffolds.fasta.supercontigs.fna	GCA_012276125.1_ASM1227612v1_genomic.fna	79.0918	710	1864
DA1.scaffolds.fasta.supercontigs.fna	GCA_003351185.1_ASM335118v1_genomic.fna	79.0918	726	1864
DA1.scaffolds.fasta.supercontigs.fna	GCA_019778835.1_ASM1977883v1_genomic.fna	79.0917	692	1864
DA1.scaffolds.fasta.supercontigs.fna	GCA_010668925.1_ASM1066892v1_genomic.fna	79.0915	733	1864
DA1.scaffolds.fasta.supercontigs.fna	GCA_019779885.1_ASM1977988v1_genomic.fna	79.0913	697	1864
DA1.scaffolds.fasta.supercontigs.fna	GCA_013391705.1_ASM1339170v1_genomic.fna	79.0911	716	1864
DA1.scaffolds.fasta.supercontigs.fna	GCA_013591995.1_ASM1359199v1_genomic.fna	79.091	695	1864
DA1.scaffolds.fasta.supercontigs.fna	GCA_014851585.1_ASM1485158v1_genomic.fna	79.0908	672	1864
DA1.scaffolds.fasta.supercontigs.fna	GCA_013321935.1_ASM1332193v1_genomic.fna	79.0907	664	1864
DA1.scaffolds.fasta.supercontigs.fna	GCA_019779265.1_ASM1977926v1_genomic.fna	79.0906	719	1864
DA1.scaffolds.fasta.supercontigs.fna	GCA_010668585.1_ASM1066858v1_genomic.fna	79.0905	708	1864
DA1.scaffolds.fasta.supercontigs.fna	GCA_004303995.1_ASM430399v1_genomic.fna	79.0905	688	1864
DA1.scaffolds.fasta.supercontigs.fna	GCA_000271825.1_ASM27182v1_genomic.fna	79.0904	708	1864
DA1.scaffolds.fasta.supercontigs.fna	GCA_019778805.1_ASM1977880v1_genomic.fna	79.0902	674	1864
DA1.scaffolds.fasta.supercontigs.fna	GCA_017357285.1_ASM1735728v1_genomic.fna	79.0901	710	1864
DA1.scaffolds.fasta.supercontigs.fna	GCA_004322935.1_ASM432293v1_genomic.fna	79.09	707	1864
DA1.scaffolds.fasta.supercontigs.fna	GCA_035971255.1_ASM3597125v1_genomic.fna	79.0897	705	1864
DA1.scaffolds.fasta.supercontigs.fna	GCA_000517605.1_ASM51760v1_genomic.fna	79.0897	703	1864
DA1.scaffolds.fasta.supercontigs.fna	GCA_013391685.1_ASM1339168v1_genomic.fna	79.0889	711	1864
DA1.scaffolds.fasta.supercontigs.fna	GCA_014194285.1_ASM1419428v1_genomic.fna	79.0888	714	1864
DA1.scaffolds.fasta.supercontigs.fna	GCA_010668285.1_ASM1066828v1_genomic.fna	79.0888	710	1864
DA1.scaffolds.fasta.supercontigs.fna	GCA_019779625.1_ASM1977962v1_genomic.fna	79.0886	695	1864
DA1.scaffolds.fasta.supercontigs.fna	GCA_013321295.1_ASM1332129v1_genomic.fna	79.0885	674	1864
DA1.scaffolds.fasta.supercontigs.fna	GCA_014198655.1_ASM1419865v1_genomic.fna	79.0884	702	1864
DA1.scaffolds.fasta.supercontigs.fna	GCA_004306485.1_ASM430648v1_genomic.fna	79.088	708	1864
DA1.scaffolds.fasta.supercontigs.fna	GCA_004330005.1_ASM433000v1_genomic.fna	79.088	715	1864
DA1.scaffolds.fasta.supercontigs.fna	GCA_004304375.1_ASM430437v1_genomic.fna	79.0877	697	1864
DA1.scaffolds.fasta.supercontigs.fna	GCA_004306245.1_ASM430624v1_genomic.fna	79.0876	705	1864
DA1.scaffolds.fasta.supercontigs.fna	GCA_004028085.1_ASM402808v1_genomic.fna	79.0871	679	1864
DA1.scaffolds.fasta.supercontigs.fna	GCA_010668875.1_ASM1066887v1_genomic.fna	79.0867	740	1864
DA1.scaffolds.fasta.supercontigs.fna	GCA_019779165.1_ASM1977916v1_genomic.fna	79.0867	717	1864
DA1.scaffolds.fasta.supercontigs.fna	GCA_004304035.1_ASM430403v1_genomic.fna	79.0866	696	1864
DA1.scaffolds.fasta.supercontigs.fna	GCA_017873095.1_ASM1787309v1_genomic.fna	79.0864	549	1864
DA1.scaffolds.fasta.supercontigs.fna	GCA_004303455.1_ASM430345v1_genomic.fna	79.0863	711	1864
DA1.scaffolds.fasta.supercontigs.fna	GCA_004304265.1_ASM430426v1_genomic.fna	79.0863	704	1864
DA1.scaffolds.fasta.supercontigs.fna	GCA_014194915.1_ASM1419491v1_genomic.fna	79.086	640	1864
DA1.scaffolds.fasta.supercontigs.fna	GCA_004303845.1_ASM430384v1_genomic.fna	79.0858	710	1864
DA1.scaffolds.fasta.supercontigs.fna	GCA_035927805.1_ASM3592780v1_genomic.fna	79.0858	699	1864
DA1.scaffolds.fasta.supercontigs.fna	GCA_025200795.1_ASM2520079v1_genomic.fna	79.0854	721	1864
DA1.scaffolds.fasta.supercontigs.fna	GCA_019778525.1_ASM1977852v1_genomic.fna	79.0854	721	1864
DA1.scaffolds.fasta.supercontigs.fna	GCA_000816125.1_ASM81612v1_genomic.fna	79.0851	716	1864
DA1.scaffolds.fasta.supercontigs.fna	GCA_004329805.1_ASM432980v1_genomic.fna	79.0851	712	1864
DA1.scaffolds.fasta.supercontigs.fna	GCA_019778205.1_ASM1977820v1_genomic.fna	79.085	706	1864
DA1.scaffolds.fasta.supercontigs.fna	GCA_019799025.1_ASM1979902v1_genomic.fna	79.0848	697	1864
DA1.scaffolds.fasta.supercontigs.fna	GCA_001425145.1_Root1240_genomic.fna	79.0848	542	1864
DA1.scaffolds.fasta.supercontigs.fna	GCA_033842645.1_ASM3384264v1_genomic.fna	79.0847	715	1864
DA1.scaffolds.fasta.supercontigs.fna	GCA_004306285.1_ASM430628v1_genomic.fna	79.0845	716	1864
DA1.scaffolds.fasta.supercontigs.fna	GCA_018987265.1_ASM1898726v1_genomic.fna	79.0842	648	1864
DA1.scaffolds.fasta.supercontigs.fna	GCA_004305845.1_ASM430584v1_genomic.fna	79.0842	704	1864
DA1.scaffolds.fasta.supercontigs.fna	GCA_013321665.1_ASM1332166v1_genomic.fna	79.084	655	1864
DA1.scaffolds.fasta.supercontigs.fna	GCA_014194385.1_ASM1419438v1_genomic.fna	79.0838	709	1864
DA1.scaffolds.fasta.supercontigs.fna	GCA_004304955.1_ASM430495v1_genomic.fna	79.0837	702	1864
DA1.scaffolds.fasta.supercontigs.fna	GCA_013321305.1_ASM1332130v1_genomic.fna	79.0835	673	1864
DA1.scaffolds.fasta.supercontigs.fna	GCA_029076475.1_ASM2907647v1_genomic.fna	79.0835	713	1864
DA1.scaffolds.fasta.supercontigs.fna	GCA_004305605.1_ASM430560v1_genomic.fna	79.0834	700	1864
DA1.scaffolds.fasta.supercontigs.fna	GCA_009498525.1_ASM949852v1_genomic.fna	79.0833	646	1864
DA1.scaffolds.fasta.supercontigs.fna	GCA_019799295.1_ASM1979929v1_genomic.fna	79.0831	702	1864
DA1.scaffolds.fasta.supercontigs.fna	GCA_012275605.1_ASM1227560v1_genomic.fna	79.083	694	1864
DA1.scaffolds.fasta.supercontigs.fna	GCA_019799845.1_ASM1979984v1_genomic.fna	79.0828	704	1864
DA1.scaffolds.fasta.supercontigs.fna	GCA_019778045.1_ASM1977804v1_genomic.fna	79.0825	706	1864
DA1.scaffolds.fasta.supercontigs.fna	GCA_019778445.1_ASM1977844v1_genomic.fna	79.0824	707	1864
DA1.scaffolds.fasta.supercontigs.fna	GCA_013321505.1_ASM1332150v1_genomic.fna	79.0823	667	1864
DA1.scaffolds.fasta.supercontigs.fna	GCA_001429245.1_Root274_genomic.fna	79.0822	542	1864
DA1.scaffolds.fasta.supercontigs.fna	GCA_004305915.1_ASM430591v1_genomic.fna	79.0819	714	1864
DA1.scaffolds.fasta.supercontigs.fna	GCA_013321045.1_ASM1332104v1_genomic.fna	79.0819	671	1864
DA1.scaffolds.fasta.supercontigs.fna	GCA_000419705.1_ASM41970v1_genomic.fna	79.0818	749	1864
DA1.scaffolds.fasta.supercontigs.fna	GCA_004305175.1_ASM430517v1_genomic.fna	79.0818	720	1864
DA1.scaffolds.fasta.supercontigs.fna	GCA_013321695.1_ASM1332169v1_genomic.fna	79.0814	674	1864
DA1.scaffolds.fasta.supercontigs.fna	GCA_000373325.1_ASM37332v1_genomic.fna	79.0807	710	1864
DA1.scaffolds.fasta.supercontigs.fna	GCA_004304435.1_ASM430443v1_genomic.fna	79.0804	717	1864
DA1.scaffolds.fasta.supercontigs.fna	GCA_012349105.1_ASM1234910v1_genomic.fna	79.0803	696	1864
DA1.scaffolds.fasta.supercontigs.fna	GCA_001664185.1_ASM166418v1_genomic.fna	79.0802	723	1864
DA1.scaffolds.fasta.supercontigs.fna	GCA_013321215.1_ASM1332121v1_genomic.fna	79.08	668	1864
DA1.scaffolds.fasta.supercontigs.fna	GCA_012276215.1_ASM1227621v1_genomic.fna	79.0795	702	1864
DA1.scaffolds.fasta.supercontigs.fna	GCA_014207075.1_ASM1420707v1_genomic.fna	79.0795	575	1864
DA1.scaffolds.fasta.supercontigs.fna	GCA_002008365.1_ASM200836v1_genomic.fna	79.0792	702	1864
DA1.scaffolds.fasta.supercontigs.fna	GCA_014194255.1_ASM1419425v1_genomic.fna	79.0792	713	1864
DA1.scaffolds.fasta.supercontigs.fna	GCA_000271805.1_ASM27180v1_genomic.fna	79.079	716	1864
DA1.scaffolds.fasta.supercontigs.fna	GCA_019799645.1_ASM1979964v1_genomic.fna	79.079	694	1864
DA1.scaffolds.fasta.supercontigs.fna	GCA_011604485.1_ASM1160448v1_genomic.fna	79.0787	695	1864
DA1.scaffolds.fasta.supercontigs.fna	GCA_014842035.1_ASM1484203v1_genomic.fna	79.0784	585	1864
DA1.scaffolds.fasta.supercontigs.fna	GCA_019798785.1_ASM1979878v1_genomic.fna	79.0781	695	1864
DA1.scaffolds.fasta.supercontigs.fna	GCA_002240185.1_ASM224018v1_genomic.fna	79.0776	722	1864
DA1.scaffolds.fasta.supercontigs.fna	GCA_032918275.1_ASM3291827v1_genomic.fna	79.0775	688	1864
DA1.scaffolds.fasta.supercontigs.fna	GCA_004306185.1_ASM430618v1_genomic.fna	79.0773	715	1864
DA1.scaffolds.fasta.supercontigs.fna	GCA_004330205.1_ASM433020v1_genomic.fna	79.0773	701	1864
DA1.scaffolds.fasta.supercontigs.fna	GCA_004330815.1_ASM433081v1_genomic.fna	79.0768	693	1864
DA1.scaffolds.fasta.supercontigs.fna	GCA_036936735.1_ASM3693673v1_genomic.fna	79.0768	714	1864
DA1.scaffolds.fasta.supercontigs.fna	GCA_019798585.1_ASM1979858v1_genomic.fna	79.0767	691	1864
DA1.scaffolds.fasta.supercontigs.fna	GCA_013321185.1_ASM1332118v1_genomic.fna	79.0767	682	1864
DA1.scaffolds.fasta.supercontigs.fna	GCA_019798465.1_ASM1979846v1_genomic.fna	79.0766	672	1864
DA1.scaffolds.fasta.supercontigs.fna	GCA_017584205.1_ASM1758420v1_genomic.fna	79.0764	683	1864
DA1.scaffolds.fasta.supercontigs.fna	GCA_013321655.1_ASM1332165v1_genomic.fna	79.0762	658	1864
DA1.scaffolds.fasta.supercontigs.fna	GCA_000483365.1_ASM48336v1_genomic.fna	79.0761	159	1864
DA1.scaffolds.fasta.supercontigs.fna	GCA_001423215.1_Leaf321_genomic.fna	79.0761	585	1864
DA1.scaffolds.fasta.supercontigs.fna	GCA_004304585.1_ASM430458v1_genomic.fna	79.0759	708	1864
DA1.scaffolds.fasta.supercontigs.fna	GCA_019779835.1_ASM1977983v1_genomic.fna	79.0758	704	1864
DA1.scaffolds.fasta.supercontigs.fna	GCA_014195245.1_ASM1419524v1_genomic.fna	79.0755	735	1864
DA1.scaffolds.fasta.supercontigs.fna	GCA_012276615.1_ASM1227661v1_genomic.fna	79.0755	715	1864
DA1.scaffolds.fasta.supercontigs.fna	GCA_012275885.1_ASM1227588v1_genomic.fna	79.0755	704	1864
DA1.scaffolds.fasta.supercontigs.fna	GCA_019685085.1_ASM1968508v1_genomic.fna	79.0751	663	1864
DA1.scaffolds.fasta.supercontigs.fna	GCA_013321175.1_ASM1332117v1_genomic.fna	79.0751	673	1864
DA1.scaffolds.fasta.supercontigs.fna	GCA_004303815.1_ASM430381v1_genomic.fna	79.075	696	1864
DA1.scaffolds.fasta.supercontigs.fna	GCA_019799805.1_ASM1979980v1_genomic.fna	79.0749	696	1864
DA1.scaffolds.fasta.supercontigs.fna	GCA_021391595.1_ASM2139159v1_genomic.fna	79.0748	705	1864
DA1.scaffolds.fasta.supercontigs.fna	GCA_004304215.1_ASM430421v1_genomic.fna	79.0743	711	1864
DA1.scaffolds.fasta.supercontigs.fna	GCA_001692215.1_ASM169221v1_genomic.fna	79.0743	674	1864
DA1.scaffolds.fasta.supercontigs.fna	GCA_035921825.1_ASM3592182v1_genomic.fna	79.0741	702	1864
DA1.scaffolds.fasta.supercontigs.fna	GCA_010668735.1_ASM1066873v1_genomic.fna	79.0741	709	1864
DA1.scaffolds.fasta.supercontigs.fna	GCA_019778165.1_ASM1977816v1_genomic.fna	79.0736	707	1864
DA1.scaffolds.fasta.supercontigs.fna	GCA_004305195.1_ASM430519v1_genomic.fna	79.0733	720	1864
DA1.scaffolds.fasta.supercontigs.fna	GCA_004330015.1_ASM433001v1_genomic.fna	79.073	706	1864
DA1.scaffolds.fasta.supercontigs.fna	GCA_029892905.1_ASM2989290v1_genomic.fna	79.0728	703	1864
DA1.scaffolds.fasta.supercontigs.fna	GCA_019798305.1_ASM1979830v1_genomic.fna	79.0724	671	1864
DA1.scaffolds.fasta.supercontigs.fna	GCA_004305865.1_ASM430586v1_genomic.fna	79.0723	698	1864
DA1.scaffolds.fasta.supercontigs.fna	GCA_004330655.1_ASM433065v1_genomic.fna	79.0722	715	1864
DA1.scaffolds.fasta.supercontigs.fna	GCA_019685295.1_ASM1968529v1_genomic.fna	79.0721	654	1864
DA1.scaffolds.fasta.supercontigs.fna	GCA_004305795.1_ASM430579v1_genomic.fna	79.0721	710	1864
DA1.scaffolds.fasta.supercontigs.fna	GCA_004305235.1_ASM430523v1_genomic.fna	79.072	723	1864
DA1.scaffolds.fasta.supercontigs.fna	GCA_019778485.1_ASM1977848v1_genomic.fna	79.072	692	1864
DA1.scaffolds.fasta.supercontigs.fna	GCA_004330935.1_ASM433093v1_genomic.fna	79.0718	696	1864
DA1.scaffolds.fasta.supercontigs.fna	GCA_004305435.1_ASM430543v1_genomic.fna	79.0718	727	1864
DA1.scaffolds.fasta.supercontigs.fna	GCA_004306705.1_ASM430670v1_genomic.fna	79.0716	715	1864
DA1.scaffolds.fasta.supercontigs.fna	GCA_014194045.1_ASM1419404v1_genomic.fna	79.0715	722	1864
DA1.scaffolds.fasta.supercontigs.fna	GCA_000172695.2_ASM17269v2_genomic.fna	79.0713	718	1864
DA1.scaffolds.fasta.supercontigs.fna	GCA_019798995.1_ASM1979899v1_genomic.fna	79.0709	694	1864
DA1.scaffolds.fasta.supercontigs.fna	GCA_001662075.1_ASM166207v1_genomic.fna	79.0707	689	1864
DA1.scaffolds.fasta.supercontigs.fna	GCA_019779065.1_ASM1977906v1_genomic.fna	79.0706	698	1864
DA1.scaffolds.fasta.supercontigs.fna	GCA_028613575.1_ASM2861357v1_genomic.fna	79.0704	709	1864
DA1.scaffolds.fasta.supercontigs.fna	GCA_019779385.1_ASM1977938v1_genomic.fna	79.0704	705	1864
DA1.scaffolds.fasta.supercontigs.fna	GCA_019779535.1_ASM1977953v1_genomic.fna	79.0702	706	1864
DA1.scaffolds.fasta.supercontigs.fna	GCA_004028065.1_ASM402806v1_genomic.fna	79.0699	682	1864
DA1.scaffolds.fasta.supercontigs.fna	GCA_014198195.1_ASM1419819v1_genomic.fna	79.0697	694	1864
DA1.scaffolds.fasta.supercontigs.fna	GCA_026622875.1_ASM2662287v1_genomic.fna	79.0692	664	1864
DA1.scaffolds.fasta.supercontigs.fna	GCA_012275925.1_ASM1227592v1_genomic.fna	79.0688	700	1864
DA1.scaffolds.fasta.supercontigs.fna	GCA_010668765.1_ASM1066876v1_genomic.fna	79.0683	709	1864
DA1.scaffolds.fasta.supercontigs.fna	GCA_030010195.1_ASM3001019v1_genomic.fna	79.068	696	1864
DA1.scaffolds.fasta.supercontigs.fna	GCA_004330835.1_ASM433083v1_genomic.fna	79.0677	700	1864
DA1.scaffolds.fasta.supercontigs.fna	GCA_020871915.1_ASM2087191v1_genomic.fna	79.0676	611	1864
DA1.scaffolds.fasta.supercontigs.fna	GCA_004306675.1_ASM430667v1_genomic.fna	79.0676	719	1864
DA1.scaffolds.fasta.supercontigs.fna	GCA_013004195.1_ASM1300419v1_genomic.fna	79.0674	702	1864
DA1.scaffolds.fasta.supercontigs.fna	GCA_012241405.1_ASM1224140v1_genomic.fna	79.0673	715	1864
DA1.scaffolds.fasta.supercontigs.fna	GCA_019511345.1_ASM1951134v1_genomic.fna	79.067	632	1864
DA1.scaffolds.fasta.supercontigs.fna	GCA_004306075.1_ASM430607v1_genomic.fna	79.067	706	1864
DA1.scaffolds.fasta.supercontigs.fna	GCA_004330725.1_ASM433072v1_genomic.fna	79.0667	689	1864
DA1.scaffolds.fasta.supercontigs.fna	GCA_004305595.1_ASM430559v1_genomic.fna	79.0667	714	1864
DA1.scaffolds.fasta.supercontigs.fna	GCA_019799055.1_ASM1979905v1_genomic.fna	79.0665	699	1864
DA1.scaffolds.fasta.supercontigs.fna	GCA_030070225.1_ASM3007022v1_genomic.fna	79.0664	659	1864
DA1.scaffolds.fasta.supercontigs.fna	GCA_019779435.1_ASM1977943v1_genomic.fna	79.0664	704	1864
DA1.scaffolds.fasta.supercontigs.fna	GCA_004303775.1_ASM430377v1_genomic.fna	79.0662	728	1864
DA1.scaffolds.fasta.supercontigs.fna	GCA_019685455.1_ASM1968545v1_genomic.fna	79.0659	669	1864
DA1.scaffolds.fasta.supercontigs.fna	GCA_012275995.1_ASM1227599v1_genomic.fna	79.0657	714	1864
DA1.scaffolds.fasta.supercontigs.fna	GCA_010668865.1_ASM1066886v1_genomic.fna	79.0654	710	1864
DA1.scaffolds.fasta.supercontigs.fna	GCA_001662105.1_ASM166210v1_genomic.fna	79.0653	672	1864
DA1.scaffolds.fasta.supercontigs.fna	GCA_019684895.1_ASM1968489v1_genomic.fna	79.0653	646	1864
DA1.scaffolds.fasta.supercontigs.fna	GCA_013322065.1_ASM1332206v1_genomic.fna	79.0653	673	1864
DA1.scaffolds.fasta.supercontigs.fna	GCA_019779685.1_ASM1977968v1_genomic.fna	79.0651	705	1864
DA1.scaffolds.fasta.supercontigs.fna	GCA_023006465.1_ASM2300646v1_genomic.fna	79.0649	682	1864
DA1.scaffolds.fasta.supercontigs.fna	GCA_013321135.1_ASM1332113v1_genomic.fna	79.0646	685	1864
DA1.scaffolds.fasta.supercontigs.fna	GCA_019779115.1_ASM1977911v1_genomic.fna	79.0644	708	1864
DA1.scaffolds.fasta.supercontigs.fna	GCA_004306615.1_ASM430661v1_genomic.fna	79.0639	719	1864
DA1.scaffolds.fasta.supercontigs.fna	GCA_024385575.1_ASM2438557v1_genomic.fna	79.0636	532	1864
DA1.scaffolds.fasta.supercontigs.fna	GCA_019778745.1_ASM1977874v1_genomic.fna	79.063	699	1864
DA1.scaffolds.fasta.supercontigs.fna	GCA_012276435.1_ASM1227643v1_genomic.fna	79.0628	708	1864
DA1.scaffolds.fasta.supercontigs.fna	GCA_019799185.1_ASM1979918v1_genomic.fna	79.0627	713	1864
DA1.scaffolds.fasta.supercontigs.fna	GCA_019779495.1_ASM1977949v1_genomic.fna	79.0627	713	1864
DA1.scaffolds.fasta.supercontigs.fna	GCA_004305145.1_ASM430514v1_genomic.fna	79.0627	706	1864
DA1.scaffolds.fasta.supercontigs.fna	GCA_013426945.1_ASM1342694v1_genomic.fna	79.0626	715	1864
DA1.scaffolds.fasta.supercontigs.fna	GCA_004305825.1_ASM430582v1_genomic.fna	79.0625	718	1864
DA1.scaffolds.fasta.supercontigs.fna	GCA_004305685.1_ASM430568v1_genomic.fna	79.0625	727	1864
DA1.scaffolds.fasta.supercontigs.fna	GCA_004330555.1_ASM433055v1_genomic.fna	79.0625	687	1864
DA1.scaffolds.fasta.supercontigs.fna	GCA_004305495.1_ASM430549v1_genomic.fna	79.0622	707	1864
DA1.scaffolds.fasta.supercontigs.fna	GCA_010668315.1_ASM1066831v1_genomic.fna	79.0621	693	1864
DA1.scaffolds.fasta.supercontigs.fna	GCA_010668345.1_ASM1066834v1_genomic.fna	79.0619	723	1864
DA1.scaffolds.fasta.supercontigs.fna	GCA_025200775.1_ASM2520077v1_genomic.fna	79.0618	664	1864
DA1.scaffolds.fasta.supercontigs.fna	GCA_019778145.1_ASM1977814v1_genomic.fna	79.0613	706	1864
DA1.scaffolds.fasta.supercontigs.fna	GCA_004330955.1_ASM433095v1_genomic.fna	79.0611	713	1864
DA1.scaffolds.fasta.supercontigs.fna	GCA_012412905.2_ASM1241290v2_genomic.fna	79.061	714	1864
DA1.scaffolds.fasta.supercontigs.fna	GCA_012275745.1_ASM1227574v1_genomic.fna	79.0606	701	1864
DA1.scaffolds.fasta.supercontigs.fna	GCA_004304835.1_ASM430483v1_genomic.fna	79.0599	720	1864
DA1.scaffolds.fasta.supercontigs.fna	GCA_010668215.1_ASM1066821v1_genomic.fna	79.0599	686	1864
DA1.scaffolds.fasta.supercontigs.fna	GCA_019357455.1_ASM1935745v1_genomic.fna	79.0596	610	1864
DA1.scaffolds.fasta.supercontigs.fna	GCA_004329875.1_ASM432987v1_genomic.fna	79.0595	669	1864
DA1.scaffolds.fasta.supercontigs.fna	GCA_014138565.1_ASM1413856v1_genomic.fna	79.0592	715	1864
DA1.scaffolds.fasta.supercontigs.fna	GCA_019685255.1_ASM1968525v1_genomic.fna	79.0591	658	1864
DA1.scaffolds.fasta.supercontigs.fna	GCA_010668785.1_ASM1066878v1_genomic.fna	79.0582	718	1864
DA1.scaffolds.fasta.supercontigs.fna	GCA_010668145.1_ASM1066814v1_genomic.fna	79.0582	712	1864
DA1.scaffolds.fasta.supercontigs.fna	GCA_004303525.1_ASM430352v1_genomic.fna	79.058	709	1864
DA1.scaffolds.fasta.supercontigs.fna	GCA_004305765.1_ASM430576v1_genomic.fna	79.0577	725	1864
DA1.scaffolds.fasta.supercontigs.fna	GCA_010668825.1_ASM1066882v1_genomic.fna	79.0573	690	1864
DA1.scaffolds.fasta.supercontigs.fna	GCA_004305815.1_ASM430581v1_genomic.fna	79.057	704	1864
DA1.scaffolds.fasta.supercontigs.fna	GCA_019779485.1_ASM1977948v1_genomic.fna	79.057	704	1864
DA1.scaffolds.fasta.supercontigs.fna	GCA_014237835.1_ASM1423783v1_genomic.fna	79.0565	543	1864
DA1.scaffolds.fasta.supercontigs.fna	GCA_004303115.1_ASM430311v1_genomic.fna	79.0563	727	1864
DA1.scaffolds.fasta.supercontigs.fna	GCA_004306575.1_ASM430657v1_genomic.fna	79.0562	714	1864
DA1.scaffolds.fasta.supercontigs.fna	GCA_019779345.1_ASM1977934v1_genomic.fna	79.0561	708	1864
DA1.scaffolds.fasta.supercontigs.fna	GCA_012349115.1_ASM1234911v1_genomic.fna	79.0555	704	1864
DA1.scaffolds.fasta.supercontigs.fna	GCA_019685345.1_ASM1968534v1_genomic.fna	79.0551	672	1864
DA1.scaffolds.fasta.supercontigs.fna	GCA_000430465.3_TA12020_genomic.fna	79.055	695	1864
DA1.scaffolds.fasta.supercontigs.fna	GCA_025152745.1_ASM2515274v1_genomic.fna	79.0548	656	1864
DA1.scaffolds.fasta.supercontigs.fna	GCA_004305075.1_ASM430507v1_genomic.fna	79.0547	718	1864
DA1.scaffolds.fasta.supercontigs.fna	GCA_004306055.1_ASM430605v1_genomic.fna	79.0545	716	1864
DA1.scaffolds.fasta.supercontigs.fna	GCA_022487505.1_ASM2248750v1_genomic.fna	79.0545	709	1864
DA1.scaffolds.fasta.supercontigs.fna	GCA_019799825.1_ASM1979982v1_genomic.fna	79.0541	705	1864
DA1.scaffolds.fasta.supercontigs.fna	GCA_019778185.1_ASM1977818v1_genomic.fna	79.0535	704	1864
DA1.scaffolds.fasta.supercontigs.fna	GCA_004304245.1_ASM430424v1_genomic.fna	79.0535	688	1864
DA1.scaffolds.fasta.supercontigs.fna	GCA_000517045.1_ASM51704v1_genomic.fna	79.0533	700	1864
DA1.scaffolds.fasta.supercontigs.fna	GCA_019799785.1_ASM1979978v1_genomic.fna	79.0526	709	1864
DA1.scaffolds.fasta.supercontigs.fna	GCA_019685375.1_ASM1968537v1_genomic.fna	79.0523	657	1864
DA1.scaffolds.fasta.supercontigs.fna	GCA_019799885.1_ASM1979988v1_genomic.fna	79.0523	698	1864
DA1.scaffolds.fasta.supercontigs.fna	GCA_004304575.1_ASM430457v1_genomic.fna	79.052	722	1864
DA1.scaffolds.fasta.supercontigs.fna	GCA_012276375.1_ASM1227637v1_genomic.fna	79.0516	697	1864
DA1.scaffolds.fasta.supercontigs.fna	GCA_012349085.1_ASM1234908v1_genomic.fna	79.0514	700	1864
DA1.scaffolds.fasta.supercontigs.fna	GCA_004304685.1_ASM430468v1_genomic.fna	79.0511	717	1864
DA1.scaffolds.fasta.supercontigs.fna	GCA_003627795.1_ASM362779v1_genomic.fna	79.0509	620	1864
DA1.scaffolds.fasta.supercontigs.fna	GCA_025938135.1_ASM2593813v1_genomic.fna	79.0506	725	1864
DA1.scaffolds.fasta.supercontigs.fna	GCA_019798825.1_ASM1979882v1_genomic.fna	79.0505	705	1864
DA1.scaffolds.fasta.supercontigs.fna	GCA_000419745.1_ASM41974v1_genomic.fna	79.0503	702	1864
DA1.scaffolds.fasta.supercontigs.fna	GCA_002243365.1_ASM224336v1_genomic.fna	79.0502	714	1864
DA1.scaffolds.fasta.supercontigs.fna	GCA_010668635.1_ASM1066863v1_genomic.fna	79.0498	705	1864
DA1.scaffolds.fasta.supercontigs.fna	GCA_900094625.1_IMG-taxon_2615840624_annotated_assembly_genomic.fna	79.0498	671	1864
DA1.scaffolds.fasta.supercontigs.fna	GCA_000520875.1_ASM52087v1_genomic.fna	79.0496	720	1864
DA1.scaffolds.fasta.supercontigs.fna	GCA_004303685.1_ASM430368v1_genomic.fna	79.0496	731	1864
DA1.scaffolds.fasta.supercontigs.fna	GCA_004305455.1_ASM430545v1_genomic.fna	79.0496	714	1864
DA1.scaffolds.fasta.supercontigs.fna	GCA_003058385.1_ASM305838v1_genomic.fna	79.0495	700	1864
DA1.scaffolds.fasta.supercontigs.fna	GCA_004304645.1_ASM430464v1_genomic.fna	79.0491	718	1864
DA1.scaffolds.fasta.supercontigs.fna	GCA_004304755.1_ASM430475v1_genomic.fna	79.0489	707	1864
DA1.scaffolds.fasta.supercontigs.fna	GCA_004330975.1_ASM433097v1_genomic.fna	79.0483	693	1864
DA1.scaffolds.fasta.supercontigs.fna	GCA_019684955.1_ASM1968495v1_genomic.fna	79.0479	651	1864
DA1.scaffolds.fasta.supercontigs.fna	GCA_002119845.1_ASM211984v1_genomic.fna	79.0478	669	1864
DA1.scaffolds.fasta.supercontigs.fna	GCA_013321365.1_ASM1332136v1_genomic.fna	79.0478	674	1864
DA1.scaffolds.fasta.supercontigs.fna	GCA_002953715.1_ASM295371v1_genomic.fna	79.0478	719	1864
DA1.scaffolds.fasta.supercontigs.fna	GCA_004304125.1_ASM430412v1_genomic.fna	79.0474	726	1864
DA1.scaffolds.fasta.supercontigs.fna	GCA_004306595.1_ASM430659v1_genomic.fna	79.0473	718	1864
DA1.scaffolds.fasta.supercontigs.fna	GCA_004305675.1_ASM430567v1_genomic.fna	79.0472	705	1864
DA1.scaffolds.fasta.supercontigs.fna	GCA_004303535.1_ASM430353v1_genomic.fna	79.0472	703	1864
DA1.scaffolds.fasta.supercontigs.fna	GCA_004304855.1_ASM430485v1_genomic.fna	79.0465	728	1864
DA1.scaffolds.fasta.supercontigs.fna	GCA_014873945.1_ASM1487394v1_genomic.fna	79.0461	652	1864
DA1.scaffolds.fasta.supercontigs.fna	GCA_019778625.1_ASM1977862v1_genomic.fna	79.0461	708	1864
DA1.scaffolds.fasta.supercontigs.fna	GCA_021391615.1_ASM2139161v1_genomic.fna	79.0461	685	1864
DA1.scaffolds.fasta.supercontigs.fna	GCA_004303615.1_ASM430361v1_genomic.fna	79.0461	726	1864
DA1.scaffolds.fasta.supercontigs.fna	GCA_004306415.1_ASM430641v1_genomic.fna	79.0454	699	1864
DA1.scaffolds.fasta.supercontigs.fna	GCA_014198535.1_ASM1419853v1_genomic.fna	79.0451	683	1864
DA1.scaffolds.fasta.supercontigs.fna	GCA_004306365.1_ASM430636v1_genomic.fna	79.0451	718	1864
DA1.scaffolds.fasta.supercontigs.fna	GCA_035920505.1_ASM3592050v1_genomic.fna	79.045	703	1864
DA1.scaffolds.fasta.supercontigs.fna	GCA_019778125.1_ASM1977812v1_genomic.fna	79.0449	712	1864
DA1.scaffolds.fasta.supercontigs.fna	GCA_019793395.1_ASM1979339v1_genomic.fna	79.0449	722	1864
DA1.scaffolds.fasta.supercontigs.fna	GCA_004330515.1_ASM433051v1_genomic.fna	79.0444	678	1864
DA1.scaffolds.fasta.supercontigs.fna	GCA_019779735.1_ASM1977973v1_genomic.fna	79.0443	710	1864
DA1.scaffolds.fasta.supercontigs.fna	GCA_021391695.1_ASM2139169v1_genomic.fna	79.0441	700	1864
DA1.scaffolds.fasta.supercontigs.fna	GCA_004304335.1_ASM430433v1_genomic.fna	79.044	706	1864
DA1.scaffolds.fasta.supercontigs.fna	GCA_035925625.1_ASM3592562v1_genomic.fna	79.0433	703	1864
DA1.scaffolds.fasta.supercontigs.fna	GCA_021026335.1_ASM2102633v1_genomic.fna	79.0429	475	1864
DA1.scaffolds.fasta.supercontigs.fna	GCA_019778065.1_ASM1977806v1_genomic.fna	79.0428	710	1864
DA1.scaffolds.fasta.supercontigs.fna	GCA_004330265.1_ASM433026v1_genomic.fna	79.0425	699	1864
DA1.scaffolds.fasta.supercontigs.fna	GCA_004303985.1_ASM430398v1_genomic.fna	79.0423	709	1864
DA1.scaffolds.fasta.supercontigs.fna	GCA_019798445.1_ASM1979844v1_genomic.fna	79.0422	653	1864
DA1.scaffolds.fasta.supercontigs.fna	GCA_016806065.1_ASM1680606v1_genomic.fna	79.0421	553	1864
DA1.scaffolds.fasta.supercontigs.fna	GCA_019798405.1_ASM1979840v1_genomic.fna	79.0419	660	1864
DA1.scaffolds.fasta.supercontigs.fna	GCA_004330075.1_ASM433007v1_genomic.fna	79.0419	719	1864
DA1.scaffolds.fasta.supercontigs.fna	GCA_014197975.1_ASM1419797v1_genomic.fna	79.0419	690	1864
DA1.scaffolds.fasta.supercontigs.fna	GCA_019684125.1_ASM1968412v1_genomic.fna	79.0415	656	1864
DA1.scaffolds.fasta.supercontigs.fna	GCA_019685435.1_ASM1968543v1_genomic.fna	79.0414	659	1864
DA1.scaffolds.fasta.supercontigs.fna	GCA_012276475.1_ASM1227647v1_genomic.fna	79.0414	719	1864
DA1.scaffolds.fasta.supercontigs.fna	GCA_004305715.1_ASM430571v1_genomic.fna	79.0413	710	1864
DA1.scaffolds.fasta.supercontigs.fna	GCA_019510285.1_ASM1951028v1_genomic.fna	79.041	514	1864
DA1.scaffolds.fasta.supercontigs.fna	GCA_019685235.1_ASM1968523v1_genomic.fna	79.041	676	1864
DA1.scaffolds.fasta.supercontigs.fna	GCA_014197535.1_ASM1419753v1_genomic.fna	79.0409	682	1864
DA1.scaffolds.fasta.supercontigs.fna	GCA_004303655.1_ASM430365v1_genomic.fna	79.0405	707	1864
DA1.scaffolds.fasta.supercontigs.fna	GCA_004304905.1_ASM430490v1_genomic.fna	79.0399	706	1864
DA1.scaffolds.fasta.supercontigs.fna	GCA_004304775.1_ASM430477v1_genomic.fna	79.0397	718	1864
DA1.scaffolds.fasta.supercontigs.fna	GCA_019798745.1_ASM1979874v1_genomic.fna	79.0391	683	1864
DA1.scaffolds.fasta.supercontigs.fna	GCA_004303225.1_ASM430322v1_genomic.fna	79.0391	725	1864
DA1.scaffolds.fasta.supercontigs.fna	GCA_019793435.1_ASM1979343v1_genomic.fna	79.0389	720	1864
DA1.scaffolds.fasta.supercontigs.fna	GCA_019778685.1_ASM1977868v1_genomic.fna	79.0383	713	1864
DA1.scaffolds.fasta.supercontigs.fna	GCA_004303245.1_ASM430324v1_genomic.fna	79.0383	722	1864
DA1.scaffolds.fasta.supercontigs.fna	GCA_014193555.1_ASM1419355v1_genomic.fna	79.038	669	1864
DA1.scaffolds.fasta.supercontigs.fna	GCA_031583855.1_ASM3158385v1_genomic.fna	79.038	725	1864
DA1.scaffolds.fasta.supercontigs.fna	GCA_019778925.1_ASM1977892v1_genomic.fna	79.0379	707	1864
DA1.scaffolds.fasta.supercontigs.fna	GCA_009650195.1_ASM965019v1_genomic.fna	79.0379	564	1864
DA1.scaffolds.fasta.supercontigs.fna	GCA_019779815.1_ASM1977981v1_genomic.fna	79.0363	699	1864
DA1.scaffolds.fasta.supercontigs.fna	GCA_013004155.1_ASM1300415v1_genomic.fna	79.0363	667	1864
DA1.scaffolds.fasta.supercontigs.fna	GCA_019778555.1_ASM1977855v1_genomic.fna	79.0361	716	1864
DA1.scaffolds.fasta.supercontigs.fna	GCA_003290405.1_ASM329040v1_genomic.fna	79.036	698	1864
DA1.scaffolds.fasta.supercontigs.fna	GCA_013004185.1_ASM1300418v1_genomic.fna	79.0359	677	1864
DA1.scaffolds.fasta.supercontigs.fna	GCA_019685175.1_ASM1968517v1_genomic.fna	79.0357	659	1864
DA1.scaffolds.fasta.supercontigs.fna	GCA_004303385.1_ASM430338v1_genomic.fna	79.0357	696	1864
DA1.scaffolds.fasta.supercontigs.fna	GCA_019779525.1_ASM1977952v1_genomic.fna	79.0353	708	1864
DA1.scaffolds.fasta.supercontigs.fna	GCA_002406505.1_JJW1_genomic.fna	79.0352	698	1864
DA1.scaffolds.fasta.supercontigs.fna	GCA_030053175.1_ASM3005317v1_genomic.fna	79.0351	708	1864
DA1.scaffolds.fasta.supercontigs.fna	GCA_014138515.1_ASM1413851v1_genomic.fna	79.0348	684	1864
DA1.scaffolds.fasta.supercontigs.fna	GCA_019685415.1_ASM1968541v1_genomic.fna	79.0347	665	1864
DA1.scaffolds.fasta.supercontigs.fna	GCA_010668685.1_ASM1066868v1_genomic.fna	79.0343	716	1864
DA1.scaffolds.fasta.supercontigs.fna	GCA_004304595.1_ASM430459v1_genomic.fna	79.034	697	1864
DA1.scaffolds.fasta.supercontigs.fna	GCA_019779305.1_ASM1977930v1_genomic.fna	79.0338	700	1864
DA1.scaffolds.fasta.supercontigs.fna	GCA_019798685.1_ASM1979868v1_genomic.fna	79.0337	696	1864
DA1.scaffolds.fasta.supercontigs.fna	GCA_004304105.1_ASM430410v1_genomic.fna	79.0336	720	1864
DA1.scaffolds.fasta.supercontigs.fna	GCA_012276545.1_ASM1227654v1_genomic.fna	79.0335	711	1864
DA1.scaffolds.fasta.supercontigs.fna	GCA_019685185.1_ASM1968518v1_genomic.fna	79.0334	661	1864
DA1.scaffolds.fasta.supercontigs.fna	GCA_004303575.1_ASM430357v1_genomic.fna	79.0331	714	1864
DA1.scaffolds.fasta.supercontigs.fna	GCA_010668055.1_ASM1066805v1_genomic.fna	79.0327	709	1864
DA1.scaffolds.fasta.supercontigs.fna	GCA_019799205.1_ASM1979920v1_genomic.fna	79.0325	705	1864
DA1.scaffolds.fasta.supercontigs.fna	GCA_004303465.1_ASM430346v1_genomic.fna	79.0323	708	1864
DA1.scaffolds.fasta.supercontigs.fna	GCA_004330755.1_ASM433075v1_genomic.fna	79.0315	697	1864
DA1.scaffolds.fasta.supercontigs.fna	GCA_002531855.1_ASM253185v1_genomic.fna	79.0315	710	1864
DA1.scaffolds.fasta.supercontigs.fna	GCA_004329985.1_ASM432998v1_genomic.fna	79.0307	706	1864
DA1.scaffolds.fasta.supercontigs.fna	GCA_019799505.1_ASM1979950v1_genomic.fna	79.0304	706	1864
DA1.scaffolds.fasta.supercontigs.fna	GCA_019685215.1_ASM1968521v1_genomic.fna	79.0304	658	1864
DA1.scaffolds.fasta.supercontigs.fna	GCA_001664425.1_ASM166442v1_genomic.fna	79.0295	731	1864
DA1.scaffolds.fasta.supercontigs.fna	GCA_004303335.1_ASM430333v1_genomic.fna	79.0294	722	1864
DA1.scaffolds.fasta.supercontigs.fna	GCA_004329795.1_ASM432979v1_genomic.fna	79.029	693	1864
DA1.scaffolds.fasta.supercontigs.fna	GCA_019685485.1_ASM1968548v1_genomic.fna	79.0288	653	1864
DA1.scaffolds.fasta.supercontigs.fna	GCA_004303425.1_ASM430342v1_genomic.fna	79.0278	711	1864
DA1.scaffolds.fasta.supercontigs.fna	GCA_019685395.1_ASM1968539v1_genomic.fna	79.0278	668	1864
DA1.scaffolds.fasta.supercontigs.fna	GCA_019684935.1_ASM1968493v1_genomic.fna	79.0277	652	1864
DA1.scaffolds.fasta.supercontigs.fna	GCA_010668905.1_ASM1066890v1_genomic.fna	79.0275	710	1864
DA1.scaffolds.fasta.supercontigs.fna	GCA_004303915.1_ASM430391v1_genomic.fna	79.0273	724	1864
DA1.scaffolds.fasta.supercontigs.fna	GCA_002531805.1_ASM253180v1_genomic.fna	79.027	733	1864
DA1.scaffolds.fasta.supercontigs.fna	GCA_029194105.1_ASM2919410v1_genomic.fna	79.0269	670	1864
DA1.scaffolds.fasta.supercontigs.fna	GCA_011604465.1_ASM1160446v1_genomic.fna	79.0267	730	1864
DA1.scaffolds.fasta.supercontigs.fna	GCA_010119525.1_ASM1011952v1_genomic.fna	79.0264	663	1864
DA1.scaffolds.fasta.supercontigs.fna	GCA_019779565.1_ASM1977956v1_genomic.fna	79.026	708	1864
DA1.scaffolds.fasta.supercontigs.fna	GCA_004330545.1_ASM433054v1_genomic.fna	79.0257	686	1864
DA1.scaffolds.fasta.supercontigs.fna	GCA_004330735.1_ASM433073v1_genomic.fna	79.0257	697	1864
DA1.scaffolds.fasta.supercontigs.fna	GCA_004303345.1_ASM430334v1_genomic.fna	79.0255	686	1864
DA1.scaffolds.fasta.supercontigs.fna	GCA_014207055.1_ASM1420705v1_genomic.fna	79.0255	595	1864
DA1.scaffolds.fasta.supercontigs.fna	GCA_004303315.1_ASM430331v1_genomic.fna	79.0253	726	1864
DA1.scaffolds.fasta.supercontigs.fna	GCA_003985125.1_ASM398512v1_genomic.fna	79.0244	707	1864
DA1.scaffolds.fasta.supercontigs.fna	GCA_025941605.1_ASM2594160v1_genomic.fna	79.0244	722	1864
DA1.scaffolds.fasta.supercontigs.fna	GCA_002008165.1_ASM200816v1_genomic.fna	79.0242	703	1864
DA1.scaffolds.fasta.supercontigs.fna	GCA_019779635.1_ASM1977963v1_genomic.fna	79.0238	712	1864
DA1.scaffolds.fasta.supercontigs.fna	GCA_000379005.1_ASM37900v1_genomic.fna	79.0234	702	1864
DA1.scaffolds.fasta.supercontigs.fna	GCA_011604565.1_ASM1160456v1_genomic.fna	79.0234	686	1864
DA1.scaffolds.fasta.supercontigs.fna	GCA_004330945.1_ASM433094v1_genomic.fna	79.0233	705	1864
DA1.scaffolds.fasta.supercontigs.fna	GCA_000515375.1_ASM51537v1_genomic.fna	79.0231	700	1864
DA1.scaffolds.fasta.supercontigs.fna	GCA_900108545.1_IMG-taxon_2600254933_annotated_assembly_genomic.fna	79.0228	572	1864
DA1.scaffolds.fasta.supercontigs.fna	GCA_031583835.1_ASM3158383v1_genomic.fna	79.0225	709	1864
DA1.scaffolds.fasta.supercontigs.fna	GCA_021397605.1_ASM2139760v1_genomic.fna	79.0216	699	1864
DA1.scaffolds.fasta.supercontigs.fna	GCA_004303515.1_ASM430351v1_genomic.fna	79.021	708	1864
DA1.scaffolds.fasta.supercontigs.fna	GCA_004305295.1_ASM430529v1_genomic.fna	79.0209	717	1864
DA1.scaffolds.fasta.supercontigs.fna	GCA_003024605.1_ASM302460v1_genomic.fna	79.0205	533	1864
DA1.scaffolds.fasta.supercontigs.fna	GCA_004330225.1_ASM433022v1_genomic.fna	79.0204	686	1864
DA1.scaffolds.fasta.supercontigs.fna	GCA_004306325.1_ASM430632v1_genomic.fna	79.0202	718	1864
DA1.scaffolds.fasta.supercontigs.fna	GCA_019685315.1_ASM1968531v1_genomic.fna	79.02	657	1864
DA1.scaffolds.fasta.supercontigs.fna	GCA_003627775.1_ASM362777v1_genomic.fna	79.0196	624	1864
DA1.scaffolds.fasta.supercontigs.fna	GCA_001426685.1_Root483D2_genomic.fna	79.0194	586	1864
DA1.scaffolds.fasta.supercontigs.fna	GCA_034419375.1_ASM3441937v1_genomic.fna	79.0193	717	1864
DA1.scaffolds.fasta.supercontigs.fna	GCA_004304885.1_ASM430488v1_genomic.fna	79.019	738	1864
DA1.scaffolds.fasta.supercontigs.fna	GCA_000330885.1_ASM33088v1_genomic.fna	79.0187	611	1864
DA1.scaffolds.fasta.supercontigs.fna	GCA_004304365.1_ASM430436v1_genomic.fna	79.0181	702	1864
DA1.scaffolds.fasta.supercontigs.fna	GCA_004303945.1_ASM430394v1_genomic.fna	79.018	699	1864
DA1.scaffolds.fasta.supercontigs.fna	GCA_010668425.1_ASM1066842v1_genomic.fna	79.0179	691	1864
DA1.scaffolds.fasta.supercontigs.fna	GCA_012275975.1_ASM1227597v1_genomic.fna	79.017	692	1864
DA1.scaffolds.fasta.supercontigs.fna	GCA_029714265.1_ASM2971426v1_genomic.fna	79.0169	599	1864
DA1.scaffolds.fasta.supercontigs.fna	GCA_004303885.1_ASM430388v1_genomic.fna	79.0169	701	1864
DA1.scaffolds.fasta.supercontigs.fna	GCA_021391655.1_ASM2139165v1_genomic.fna	79.0169	692	1864
DA1.scaffolds.fasta.supercontigs.fna	GCA_003013335.1_ASM301333v1_genomic.fna	79.0158	717	1864
DA1.scaffolds.fasta.supercontigs.fna	GCA_019778965.1_ASM1977896v1_genomic.fna	79.0156	715	1864
DA1.scaffolds.fasta.supercontigs.fna	GCA_019799105.1_ASM1979910v1_genomic.fna	79.0145	713	1864
DA1.scaffolds.fasta.supercontigs.fna	GCA_019779245.1_ASM1977924v1_genomic.fna	79.0144	699	1864
DA1.scaffolds.fasta.supercontigs.fna	GCA_019685335.1_ASM1968533v1_genomic.fna	79.0142	656	1864
DA1.scaffolds.fasta.supercontigs.fna	GCA_019779865.1_ASM1977986v1_genomic.fna	79.014	696	1864
DA1.scaffolds.fasta.supercontigs.fna	GCA_002948295.1_ASM294829v1_genomic.fna	79.014	704	1864
DA1.scaffolds.fasta.supercontigs.fna	GCA_004028185.1_WSM448_genomic.fna	79.014	692	1864
DA1.scaffolds.fasta.supercontigs.fna	GCA_001679565.1_ASM167956v1_genomic.fna	79.0136	694	1864
DA1.scaffolds.fasta.supercontigs.fna	GCA_004303635.1_ASM430363v1_genomic.fna	79.0133	717	1864
DA1.scaffolds.fasta.supercontigs.fna	GCA_019779725.1_ASM1977972v1_genomic.fna	79.0131	715	1864
DA1.scaffolds.fasta.supercontigs.fna	GCA_004329895.1_ASM432989v1_genomic.fna	79.0129	698	1864
DA1.scaffolds.fasta.supercontigs.fna	GCA_002914525.1_ASM291452v1_genomic.fna	79.0125	713	1864
DA1.scaffolds.fasta.supercontigs.fna	GCA_000372205.1_ASM37220v1_genomic.fna	79.0121	732	1864
DA1.scaffolds.fasta.supercontigs.fna	GCA_019779665.1_ASM1977966v1_genomic.fna	79.011	703	1864
DA1.scaffolds.fasta.supercontigs.fna	GCA_019779425.1_ASM1977942v1_genomic.fna	79.0109	718	1864
DA1.scaffolds.fasta.supercontigs.fna	GCA_014206965.1_ASM1420696v1_genomic.fna	79.0109	694	1864
DA1.scaffolds.fasta.supercontigs.fna	GCA_000371905.1_ASM37190v1_genomic.fna	79.0106	668	1864
DA1.scaffolds.fasta.supercontigs.fna	GCA_019798525.1_ASM1979852v1_genomic.fna	79.0106	665	1864
DA1.scaffolds.fasta.supercontigs.fna	GCA_011604545.1_ASM1160454v1_genomic.fna	79.0104	692	1864
DA1.scaffolds.fasta.supercontigs.fna	GCA_019799255.1_ASM1979925v1_genomic.fna	79.0104	718	1864
DA1.scaffolds.fasta.supercontigs.fna	GCA_004304235.1_ASM430423v1_genomic.fna	79.0102	735	1864
DA1.scaffolds.fasta.supercontigs.fna	GCA_004304465.1_ASM430446v1_genomic.fna	79.0101	726	1864
DA1.scaffolds.fasta.supercontigs.fna	GCA_019778885.1_ASM1977888v1_genomic.fna	79.0097	708	1864
DA1.scaffolds.fasta.supercontigs.fna	GCA_013004165.1_ASM1300416v1_genomic.fna	79.0093	663	1864
DA1.scaffolds.fasta.supercontigs.fna	GCA_004330095.1_ASM433009v1_genomic.fna	79.0092	682	1864
DA1.scaffolds.fasta.supercontigs.fna	GCA_000375705.1_ASM37570v1_genomic.fna	79.0092	691	1864
DA1.scaffolds.fasta.supercontigs.fna	GCA_004304055.1_ASM430405v1_genomic.fna	79.0088	732	1864
DA1.scaffolds.fasta.supercontigs.fna	GCA_010668665.1_ASM1066866v1_genomic.fna	79.0084	723	1864
DA1.scaffolds.fasta.supercontigs.fna	GCA_019779595.1_ASM1977959v1_genomic.fna	79.0081	705	1864
DA1.scaffolds.fasta.supercontigs.fna	GCA_012276315.1_ASM1227631v1_genomic.fna	79.008	693	1864
DA1.scaffolds.fasta.supercontigs.fna	GCA_004303275.1_ASM430327v1_genomic.fna	79.008	693	1864
DA1.scaffolds.fasta.supercontigs.fna	GCA_002406495.1_L101_genomic.fna	79.0079	712	1864
DA1.scaffolds.fasta.supercontigs.fna	GCA_019778725.1_ASM1977872v1_genomic.fna	79.0078	705	1864
DA1.scaffolds.fasta.supercontigs.fna	GCA_032918395.1_ASM3291839v1_genomic.fna	79.0076	706	1864
DA1.scaffolds.fasta.supercontigs.fna	GCA_021026315.1_ASM2102631v1_genomic.fna	79.0076	521	1864
DA1.scaffolds.fasta.supercontigs.fna	GCA_004303155.1_ASM430315v1_genomic.fna	79.0076	728	1864
DA1.scaffolds.fasta.supercontigs.fna	GCA_019779325.1_ASM1977932v1_genomic.fna	79.0069	712	1864
DA1.scaffolds.fasta.supercontigs.fna	GCA_010668805.1_ASM1066880v1_genomic.fna	79.0069	701	1864
DA1.scaffolds.fasta.supercontigs.fna	GCA_019685275.1_ASM1968527v1_genomic.fna	79.0065	662	1864
DA1.scaffolds.fasta.supercontigs.fna	GCA_002944315.1_ASM294431v1_genomic.fna	79.0056	608	1864
DA1.scaffolds.fasta.supercontigs.fna	GCA_900094555.1_IMG-taxon_2615840609_annotated_assembly_genomic.fna	79.0051	647	1864
DA1.scaffolds.fasta.supercontigs.fna	GCA_000092045.1_ASM9204v1_genomic.fna	79.0047	661	1864
DA1.scaffolds.fasta.supercontigs.fna	GCA_004304255.1_ASM430425v1_genomic.fna	79.0039	734	1864
DA1.scaffolds.fasta.supercontigs.fna	GCA_031583875.1_ASM3158387v1_genomic.fna	79.0037	720	1864
DA1.scaffolds.fasta.supercontigs.fna	GCA_014192445.1_ASM1419244v1_genomic.fna	79.0023	705	1864
DA1.scaffolds.fasta.supercontigs.fna	GCA_021484745.1_ASM2148474v1_genomic.fna	79.0022	699	1864
DA1.scaffolds.fasta.supercontigs.fna	GCA_012275595.1_ASM1227559v1_genomic.fna	79.0021	705	1864
DA1.scaffolds.fasta.supercontigs.fna	GCA_034720605.1_ASM3472060v1_genomic.fna	79.002	672	1864
DA1.scaffolds.fasta.supercontigs.fna	GCA_025847085.1_ASM2584708v1_genomic.fna	79.002	720	1864
DA1.scaffolds.fasta.supercontigs.fna	GCA_030182485.1_ASM3018248v1_genomic.fna	79.0012	661	1864
DA1.scaffolds.fasta.supercontigs.fna	GCA_014189535.1_ASM1418953v1_genomic.fna	79.0005	641	1864
DA1.scaffolds.fasta.supercontigs.fna	GCA_019798765.1_ASM1979876v1_genomic.fna	79.0003	691	1864
DA1.scaffolds.fasta.supercontigs.fna	GCA_019798605.1_ASM1979860v1_genomic.fna	79.0002	691	1864
DA1.scaffolds.fasta.supercontigs.fna	GCA_019798645.1_ASM1979864v1_genomic.fna	78.9996	694	1864
DA1.scaffolds.fasta.supercontigs.fna	GCA_005222845.1_ASM522284v1_genomic.fna	78.9995	619	1864
DA1.scaffolds.fasta.supercontigs.fna	GCA_019685035.1_ASM1968503v1_genomic.fna	78.9993	706	1864
DA1.scaffolds.fasta.supercontigs.fna	GCA_014189575.1_ASM1418957v1_genomic.fna	78.9976	699	1864
DA1.scaffolds.fasta.supercontigs.fna	GCA_017357225.1_ASM1735722v1_genomic.fna	78.9973	686	1864
DA1.scaffolds.fasta.supercontigs.fna	GCA_014193955.1_ASM1419395v1_genomic.fna	78.9971	638	1864
DA1.scaffolds.fasta.supercontigs.fna	GCA_039534505.1_ASM3953450v1_genomic.fna	78.9961	657	1864
DA1.scaffolds.fasta.supercontigs.fna	GCA_031583805.1_ASM3158380v1_genomic.fna	78.996	713	1864
DA1.scaffolds.fasta.supercontigs.fna	GCA_029194025.1_ASM2919402v1_genomic.fna	78.9958	710	1864
DA1.scaffolds.fasta.supercontigs.fna	GCA_004303755.1_ASM430375v1_genomic.fna	78.9956	692	1864
DA1.scaffolds.fasta.supercontigs.fna	GCA_019798545.1_ASM1979854v1_genomic.fna	78.9947	717	1864
DA1.scaffolds.fasta.supercontigs.fna	GCA_019684195.1_ASM1968419v1_genomic.fna	78.9945	679	1864
DA1.scaffolds.fasta.supercontigs.fna	GCA_004304965.1_ASM430496v1_genomic.fna	78.9945	715	1864
DA1.scaffolds.fasta.supercontigs.fna	GCA_030504645.1_ASM3050464v1_genomic.fna	78.9945	619	1864
DA1.scaffolds.fasta.supercontigs.fna	GCA_032918375.1_ASM3291837v1_genomic.fna	78.9927	711	1864
DA1.scaffolds.fasta.supercontigs.fna	GCA_004330235.1_ASM433023v1_genomic.fna	78.9924	704	1864
DA1.scaffolds.fasta.supercontigs.fna	GCA_004305095.1_ASM430509v1_genomic.fna	78.9922	726	1864
DA1.scaffolds.fasta.supercontigs.fna	GCA_031583895.1_ASM3158389v1_genomic.fna	78.9922	705	1864
DA1.scaffolds.fasta.supercontigs.fna	GCA_004330615.1_ASM433061v1_genomic.fna	78.9913	687	1864
DA1.scaffolds.fasta.supercontigs.fna	GCA_014198415.1_ASM1419841v1_genomic.fna	78.991	695	1864
DA1.scaffolds.fasta.supercontigs.fna	GCA_019798665.1_ASM1979866v1_genomic.fna	78.9907	706	1864
DA1.scaffolds.fasta.supercontigs.fna	GCA_004306515.1_ASM430651v1_genomic.fna	78.9899	718	1864
DA1.scaffolds.fasta.supercontigs.fna	GCA_004329885.1_ASM432988v1_genomic.fna	78.9891	700	1864
DA1.scaffolds.fasta.supercontigs.fna	GCA_000292525.1_ASM29252v1_genomic.fna	78.9882	661	1864
DA1.scaffolds.fasta.supercontigs.fna	GCA_002117485.1_ASM211748v1_genomic.fna	78.9874	670	1864
DA1.scaffolds.fasta.supercontigs.fna	GCA_004306555.1_ASM430655v1_genomic.fna	78.9865	713	1864
DA1.scaffolds.fasta.supercontigs.fna	GCA_019798555.1_ASM1979855v1_genomic.fna	78.9865	701	1864
DA1.scaffolds.fasta.supercontigs.fna	GCA_017876825.1_ASM1787682v1_genomic.fna	78.9861	705	1864
DA1.scaffolds.fasta.supercontigs.fna	GCA_014194425.1_ASM1419442v1_genomic.fna	78.9859	716	1864
DA1.scaffolds.fasta.supercontigs.fna	GCA_012276395.1_ASM1227639v1_genomic.fna	78.9857	692	1864
DA1.scaffolds.fasta.supercontigs.fna	GCA_036571605.1_ASM3657160v1_genomic.fna	78.9854	699	1864
DA1.scaffolds.fasta.supercontigs.fna	GCA_035966825.1_ASM3596682v1_genomic.fna	78.9853	715	1864
DA1.scaffolds.fasta.supercontigs.fna	GCA_002204185.1_ASM220418v1_genomic.fna	78.9852	668	1864
DA1.scaffolds.fasta.supercontigs.fna	GCA_004304475.1_ASM430447v1_genomic.fna	78.985	702	1864
DA1.scaffolds.fasta.supercontigs.fna	GCA_013426935.1_ASM1342693v1_genomic.fna	78.9847	691	1864
DA1.scaffolds.fasta.supercontigs.fna	GCA_025200735.1_ASM2520073v1_genomic.fna	78.9845	617	1864
DA1.scaffolds.fasta.supercontigs.fna	GCA_014189555.1_ASM1418955v1_genomic.fna	78.9844	665	1864
DA1.scaffolds.fasta.supercontigs.fna	GCA_004304495.1_ASM430449v1_genomic.fna	78.9837	702	1864
DA1.scaffolds.fasta.supercontigs.fna	GCA_014198545.1_ASM1419854v1_genomic.fna	78.9831	695	1864
DA1.scaffolds.fasta.supercontigs.fna	GCA_031455475.1_ASM3145547v1_genomic.fna	78.9827	672	1864
DA1.scaffolds.fasta.supercontigs.fna	GCA_010668555.1_ASM1066855v1_genomic.fna	78.9827	710	1864
DA1.scaffolds.fasta.supercontigs.fna	GCA_011604505.1_ASM1160450v1_genomic.fna	78.9818	706	1864
DA1.scaffolds.fasta.supercontigs.fna	GCA_014193135.1_ASM1419313v1_genomic.fna	78.9818	645	1864
DA1.scaffolds.fasta.supercontigs.fna	GCA_014197585.1_ASM1419758v1_genomic.fna	78.9815	603	1864
DA1.scaffolds.fasta.supercontigs.fna	GCA_029714245.1_ASM2971424v1_genomic.fna	78.9815	710	1864
DA1.scaffolds.fasta.supercontigs.fna	GCA_014194575.1_ASM1419457v1_genomic.fna	78.9813	728	1864
DA1.scaffolds.fasta.supercontigs.fna	GCA_010668605.1_ASM1066860v1_genomic.fna	78.981	689	1864
DA1.scaffolds.fasta.supercontigs.fna	GCA_022354505.1_ASM2235450v1_genomic.fna	78.9803	743	1864
DA1.scaffolds.fasta.supercontigs.fna	GCA_035282125.1_ASM3528212v1_genomic.fna	78.9793	673	1864
DA1.scaffolds.fasta.supercontigs.fna	GCA_026105885.1_ASM2610588v1_genomic.fna	78.9791	715	1864
DA1.scaffolds.fasta.supercontigs.fna	GCA_019798705.1_ASM1979870v1_genomic.fna	78.9788	700	1864
DA1.scaffolds.fasta.supercontigs.fna	GCA_004330645.1_ASM433064v1_genomic.fna	78.9779	695	1864
DA1.scaffolds.fasta.supercontigs.fna	GCA_019684325.1_ASM1968432v1_genomic.fna	78.9775	679	1864
DA1.scaffolds.fasta.supercontigs.fna	GCA_004305105.1_ASM430510v1_genomic.fna	78.9768	712	1864
DA1.scaffolds.fasta.supercontigs.fna	GCA_004303625.1_ASM430362v1_genomic.fna	78.9762	690	1864
DA1.scaffolds.fasta.supercontigs.fna	GCA_004303925.1_ASM430392v1_genomic.fna	78.9762	699	1864
DA1.scaffolds.fasta.supercontigs.fna	GCA_012276575.1_ASM1227657v1_genomic.fna	78.9762	678	1864
DA1.scaffolds.fasta.supercontigs.fna	GCA_004329915.1_ASM432991v1_genomic.fna	78.9759	691	1864
DA1.scaffolds.fasta.supercontigs.fna	GCA_004303835.1_ASM430383v1_genomic.fna	78.9758	705	1864
DA1.scaffolds.fasta.supercontigs.fna	GCA_004303365.1_ASM430336v1_genomic.fna	78.9758	708	1864
DA1.scaffolds.fasta.supercontigs.fna	GCA_019798355.1_ASM1979835v1_genomic.fna	78.9743	683	1864
DA1.scaffolds.fasta.supercontigs.fna	GCA_004054145.1_ASM405414v1_genomic.fna	78.9727	704	1864
DA1.scaffolds.fasta.supercontigs.fna	GCA_019684455.1_ASM1968445v1_genomic.fna	78.9725	695	1864
DA1.scaffolds.fasta.supercontigs.fna	GCA_003287875.1_ASM328787v1_genomic.fna	78.9722	616	1864
DA1.scaffolds.fasta.supercontigs.fna	GCA_004303125.1_ASM430312v1_genomic.fna	78.9721	700	1864
DA1.scaffolds.fasta.supercontigs.fna	GCA_019798725.1_ASM1979872v1_genomic.fna	78.9721	692	1864
DA1.scaffolds.fasta.supercontigs.fna	GCA_004303215.1_ASM430321v1_genomic.fna	78.9717	703	1864
DA1.scaffolds.fasta.supercontigs.fna	GCA_027109195.1_ASM2710919v1_genomic.fna	78.9703	595	1864
DA1.scaffolds.fasta.supercontigs.fna	GCA_004304815.1_ASM430481v1_genomic.fna	78.9695	703	1864
DA1.scaffolds.fasta.supercontigs.fna	GCA_000799755.1_ASM79975v1_genomic.fna	78.9686	631	1864
DA1.scaffolds.fasta.supercontigs.fna	GCA_004330915.1_ASM433091v1_genomic.fna	78.9685	712	1864
DA1.scaffolds.fasta.supercontigs.fna	GCA_004330635.1_ASM433063v1_genomic.fna	78.9665	705	1864
DA1.scaffolds.fasta.supercontigs.fna	GCA_030160595.1_ASM3016059v1_genomic.fna	78.9665	676	1864
DA1.scaffolds.fasta.supercontigs.fna	GCA_019779795.1_ASM1977979v1_genomic.fna	78.9664	698	1864
DA1.scaffolds.fasta.supercontigs.fna	GCA_000757525.1_RRTA_genomic.fna	78.9662	645	1864
DA1.scaffolds.fasta.supercontigs.fna	GCA_017305405.1_ASM1730540v1_genomic.fna	78.966	594	1864
DA1.scaffolds.fasta.supercontigs.fna	GCA_900094585.1_IMG-taxon_2615840698_annotated_assembly_genomic.fna	78.9658	646	1864
DA1.scaffolds.fasta.supercontigs.fna	GCA_019684355.1_ASM1968435v1_genomic.fna	78.9653	678	1864
DA1.scaffolds.fasta.supercontigs.fna	GCA_004329905.1_ASM432990v1_genomic.fna	78.9651	704	1864
DA1.scaffolds.fasta.supercontigs.fna	GCA_013087515.1_ASM1308751v1_genomic.fna	78.9644	726	1864
DA1.scaffolds.fasta.supercontigs.fna	GCA_004303715.1_ASM430371v1_genomic.fna	78.9632	707	1864
DA1.scaffolds.fasta.supercontigs.fna	GCA_004330855.1_ASM433085v1_genomic.fna	78.9627	705	1864
DA1.scaffolds.fasta.supercontigs.fna	GCA_004304155.1_ASM430415v1_genomic.fna	78.9621	705	1864
DA1.scaffolds.fasta.supercontigs.fna	GCA_031583915.1_ASM3158391v1_genomic.fna	78.9601	717	1864
DA1.scaffolds.fasta.supercontigs.fna	GCA_004330715.1_ASM433071v1_genomic.fna	78.9593	702	1864
DA1.scaffolds.fasta.supercontigs.fna	GCA_004330865.1_ASM433086v1_genomic.fna	78.959	696	1864
DA1.scaffolds.fasta.supercontigs.fna	GCA_010815565.1_ASM1081556v1_genomic.fna	78.9584	602	1864
DA1.scaffolds.fasta.supercontigs.fna	GCA_040215715.1_ASM4021571v1_genomic.fna	78.9571	644	1864
DA1.scaffolds.fasta.supercontigs.fna	GCA_002008155.1_ASM200815v1_genomic.fna	78.9569	725	1864
DA1.scaffolds.fasta.supercontigs.fna	GCA_040215725.1_ASM4021572v1_genomic.fna	78.9568	641	1864
DA1.scaffolds.fasta.supercontigs.fna	GCA_016901135.1_ASM1690113v1_genomic.fna	78.9553	633	1864
DA1.scaffolds.fasta.supercontigs.fna	GCA_000427705.1_ASM42770v1_genomic.fna	78.9551	701	1864
DA1.scaffolds.fasta.supercontigs.fna	GCA_000442435.1_ASM44243v1_genomic.fna	78.9546	688	1864
DA1.scaffolds.fasta.supercontigs.fna	GCA_027863495.1_ASM2786349v1_genomic.fna	78.9538	614	1864
DA1.scaffolds.fasta.supercontigs.fna	GCA_002531905.1_ASM253190v1_genomic.fna	78.9533	723	1864
DA1.scaffolds.fasta.supercontigs.fna	GCA_019779785.1_ASM1977978v1_genomic.fna	78.9533	713	1864
DA1.scaffolds.fasta.supercontigs.fna	GCA_019684275.1_ASM1968427v1_genomic.fna	78.953	678	1864
DA1.scaffolds.fasta.supercontigs.fna	GCA_004304535.1_ASM430453v1_genomic.fna	78.9519	721	1864
DA1.scaffolds.fasta.supercontigs.fna	GCA_014198785.1_ASM1419878v1_genomic.fna	78.9518	662	1864
DA1.scaffolds.fasta.supercontigs.fna	GCA_004303975.1_ASM430397v1_genomic.fna	78.9501	708	1864
DA1.scaffolds.fasta.supercontigs.fna	GCA_003610155.1_ASM361015v1_genomic.fna	78.9479	638	1864
DA1.scaffolds.fasta.supercontigs.fna	GCA_001692325.1_ASM169232v1_genomic.fna	78.9475	621	1864
DA1.scaffolds.fasta.supercontigs.fna	GCA_004304355.1_ASM430435v1_genomic.fna	78.9466	700	1864
DA1.scaffolds.fasta.supercontigs.fna	GCA_012275435.1_ASM1227543v1_genomic.fna	78.9462	623	1864
DA1.scaffolds.fasta.supercontigs.fna	GCA_004330845.1_ASM433084v1_genomic.fna	78.9458	693	1864
DA1.scaffolds.fasta.supercontigs.fna	GCA_014195325.1_ASM1419532v1_genomic.fna	78.9449	583	1864
DA1.scaffolds.fasta.supercontigs.fna	GCA_019799435.1_ASM1979943v1_genomic.fna	78.944	697	1864
DA1.scaffolds.fasta.supercontigs.fna	GCA_001426565.1_Root482_genomic.fna	78.9433	563	1864
DA1.scaffolds.fasta.supercontigs.fna	GCA_007828675.1_ASM782867v1_genomic.fna	78.9415	601	1864
DA1.scaffolds.fasta.supercontigs.fna	GCA_004330525.1_ASM433052v1_genomic.fna	78.9393	708	1864
DA1.scaffolds.fasta.supercontigs.fna	GCA_010668395.1_ASM1066839v1_genomic.fna	78.938	634	1864
DA1.scaffolds.fasta.supercontigs.fna	GCA_004912145.1_ASM491214v1_genomic.fna	78.9374	572	1864
DA1.scaffolds.fasta.supercontigs.fna	GCA_017357385.1_ASM1735738v1_genomic.fna	78.9359	684	1864
DA1.scaffolds.fasta.supercontigs.fna	GCA_034554815.1_ASM3455481v1_genomic.fna	78.934	705	1864
DA1.scaffolds.fasta.supercontigs.fna	GCA_012641405.1_ASM1264140v1_genomic.fna	78.9337	657	1864
DA1.scaffolds.fasta.supercontigs.fna	GCA_014193695.1_ASM1419369v1_genomic.fna	78.9335	674	1864
DA1.scaffolds.fasta.supercontigs.fna	GCA_019798485.1_ASM1979848v1_genomic.fna	78.9332	683	1864
DA1.scaffolds.fasta.supercontigs.fna	GCA_019798385.1_ASM1979838v1_genomic.fna	78.9326	683	1864
DA1.scaffolds.fasta.supercontigs.fna	GCA_030182455.1_ASM3018245v1_genomic.fna	78.9325	619	1864
DA1.scaffolds.fasta.supercontigs.fna	GCA_019684005.1_ASM1968400v1_genomic.fna	78.9325	732	1864
DA1.scaffolds.fasta.supercontigs.fna	GCA_035969035.1_ASM3596903v1_genomic.fna	78.9324	709	1864
DA1.scaffolds.fasta.supercontigs.fna	GCA_004766535.1_ASM476653v1_genomic.fna	78.9313	604	1864
DA1.scaffolds.fasta.supercontigs.fna	GCA_007828395.1_ASM782839v1_genomic.fna	78.9302	623	1864
DA1.scaffolds.fasta.supercontigs.fna	GCA_012275835.1_ASM1227583v1_genomic.fna	78.9296	696	1864
DA1.scaffolds.fasta.supercontigs.fna	GCA_013320965.1_ASM1332096v1_genomic.fna	78.9278	619	1864
DA1.scaffolds.fasta.supercontigs.fna	GCA_009176325.1_ASM917632v1_genomic.fna	78.9273	605	1864
DA1.scaffolds.fasta.supercontigs.fna	GCA_012641385.1_ASM1264138v1_genomic.fna	78.9263	651	1864
DA1.scaffolds.fasta.supercontigs.fna	GCA_004303255.1_ASM430325v1_genomic.fna	78.926	699	1864
DA1.scaffolds.fasta.supercontigs.fna	GCA_030369675.1_ASM3036967v1_genomic.fna	78.9243	510	1864
DA1.scaffolds.fasta.supercontigs.fna	GCA_014200155.1_ASM1420015v1_genomic.fna	78.9235	681	1864
DA1.scaffolds.fasta.supercontigs.fna	GCA_000373425.1_ASM37342v1_genomic.fna	78.9232	692	1864
DA1.scaffolds.fasta.supercontigs.fna	GCA_012275345.1_ASM1227534v1_genomic.fna	78.923	618	1864
DA1.scaffolds.fasta.supercontigs.fna	GCA_007827995.1_ASM782799v1_genomic.fna	78.9211	621	1864
DA1.scaffolds.fasta.supercontigs.fna	GCA_937907675.1_SRR3901701_bin.43_CONCOCT_v1.1_MAG_genomic.fna	78.9205	532	1864
DA1.scaffolds.fasta.supercontigs.fna	GCA_000359745.1_Rhizobium_sp._genomic.fna	78.9203	616	1864
DA1.scaffolds.fasta.supercontigs.fna	GCA_013087605.1_ASM1308760v1_genomic.fna	78.9193	682	1864
DA1.scaffolds.fasta.supercontigs.fna	GCA_004304385.1_ASM430438v1_genomic.fna	78.919	714	1864
DA1.scaffolds.fasta.supercontigs.fna	GCA_001729315.1_ASM172931v1_genomic.fna	78.9185	620	1864
DA1.scaffolds.fasta.supercontigs.fna	GCA_012276535.1_ASM1227653v1_genomic.fna	78.9169	714	1864
DA1.scaffolds.fasta.supercontigs.fna	GCA_019684295.1_ASM1968429v1_genomic.fna	78.915	684	1864
DA1.scaffolds.fasta.supercontigs.fna	GCA_019684315.1_ASM1968431v1_genomic.fna	78.9142	685	1864
DA1.scaffolds.fasta.supercontigs.fna	GCA_030815125.1_ASM3081512v1_genomic.fna	78.9114	626	1864
DA1.scaffolds.fasta.supercontigs.fna	GCA_000247475.2_ASM24747v2_genomic.fna	78.9099	588	1864
DA1.scaffolds.fasta.supercontigs.fna	GCA_943373015.1_JJ-MO2C5C5-342-4-m1-bin364_genomic.fna	78.9089	255	1864
DA1.scaffolds.fasta.supercontigs.fna	GCA_013322055.1_ASM1332205v1_genomic.fna	78.9081	618	1864
DA1.scaffolds.fasta.supercontigs.fna	GCA_900176345.1_IMG-taxon_2716884867_annotated_assembly_genomic.fna	78.9077	597	1864
DA1.scaffolds.fasta.supercontigs.fna	GCA_019685025.1_ASM1968502v1_genomic.fna	78.9076	690	1864
DA1.scaffolds.fasta.supercontigs.fna	GCA_001724035.1_ASM172403v1_genomic.fna	78.9054	539	1864
DA1.scaffolds.fasta.supercontigs.fna	GCA_000295895.1_ASM29589v1_genomic.fna	78.9027	535	1864
DA1.scaffolds.fasta.supercontigs.fna	GCA_019798505.1_ASM1979850v1_genomic.fna	78.9027	686	1864
DA1.scaffolds.fasta.supercontigs.fna	GCA_014200185.1_ASM1420018v1_genomic.fna	78.9024	613	1864
DA1.scaffolds.fasta.supercontigs.fna	GCA_938008855.1_SRR3901701_bin.3_CONCOCT_v1.1_MAG_genomic.fna	78.9023	616	1864
DA1.scaffolds.fasta.supercontigs.fna	GCA_008000915.1_ASM800091v1_genomic.fna	78.9016	568	1864
DA1.scaffolds.fasta.supercontigs.fna	GCA_014193255.1_ASM1419325v1_genomic.fna	78.9012	623	1864
DA1.scaffolds.fasta.supercontigs.fna	GCA_014200135.1_ASM1420013v1_genomic.fna	78.8989	686	1864
DA1.scaffolds.fasta.supercontigs.fna	GCA_029714285.1_ASM2971428v1_genomic.fna	78.8988	612	1864
DA1.scaffolds.fasta.supercontigs.fna	GCA_014200175.1_ASM1420017v1_genomic.fna	78.8986	688	1864
DA1.scaffolds.fasta.supercontigs.fna	GCA_019684135.1_ASM1968413v1_genomic.fna	78.8958	637	1864
DA1.scaffolds.fasta.supercontigs.fna	GCA_019684245.1_ASM1968424v1_genomic.fna	78.8957	686	1864
DA1.scaffolds.fasta.supercontigs.fna	GCA_001899545.1_ASM189954v1_genomic.fna	78.8952	636	1864
DA1.scaffolds.fasta.supercontigs.fna	GCA_002531885.1_ASM253188v1_genomic.fna	78.8951	659	1864
DA1.scaffolds.fasta.supercontigs.fna	GCA_014198835.1_ASM1419883v1_genomic.fna	78.895	696	1864
DA1.scaffolds.fasta.supercontigs.fna	GCA_017357245.1_ASM1735724v1_genomic.fna	78.8862	640	1864
DA1.scaffolds.fasta.supercontigs.fna	GCA_019685015.1_ASM1968501v1_genomic.fna	78.8826	675	1864
DA1.scaffolds.fasta.supercontigs.fna	GCA_029894085.1_ASM2989408v1_genomic.fna	78.8823	698	1864
DA1.scaffolds.fasta.supercontigs.fna	GCA_014193565.1_ASM1419356v1_genomic.fna	78.8795	626	1864
DA1.scaffolds.fasta.supercontigs.fna	GCA_019684095.1_ASM1968409v1_genomic.fna	78.879	628	1864
DA1.scaffolds.fasta.supercontigs.fna	GCA_019685075.1_ASM1968507v1_genomic.fna	78.8787	690	1864
DA1.scaffolds.fasta.supercontigs.fna	GCA_000483325.1_ASM48332v1_genomic.fna	78.8784	110	1864
DA1.scaffolds.fasta.supercontigs.fna	GCA_900094565.1_IMG-taxon_2615840626_annotated_assembly_genomic.fna	78.8748	622	1864
DA1.scaffolds.fasta.supercontigs.fna	GCA_014194925.1_ASM1419492v1_genomic.fna	78.8721	580	1864
DA1.scaffolds.fasta.supercontigs.fna	GCA_014193265.1_ASM1419326v1_genomic.fna	78.8693	626	1864
DA1.scaffolds.fasta.supercontigs.fna	GCA_008370325.1_ASM837032v1_genomic.fna	78.8681	625	1864
DA1.scaffolds.fasta.supercontigs.fna	GCA_936919715.1_ERR2144882_bin.0_CONCOCT_v1.1_MAG_genomic.fna	78.8674	588	1864
DA1.scaffolds.fasta.supercontigs.fna	GCA_019684215.1_ASM1968421v1_genomic.fna	78.8669	636	1864
DA1.scaffolds.fasta.supercontigs.fna	GCA_937997565.1_SRR3330211_bin.104_CONCOCT_v1.1_MAG_genomic.fna	78.8669	274	1864
DA1.scaffolds.fasta.supercontigs.fna	GCA_001429725.1_Root708_genomic.fna	78.8664	550	1864
DA1.scaffolds.fasta.supercontigs.fna	GCA_021026345.1_ASM2102634v1_genomic.fna	78.866	586	1864
DA1.scaffolds.fasta.supercontigs.fna	GCA_019685125.1_ASM1968512v1_genomic.fna	78.8657	692	1864
DA1.scaffolds.fasta.supercontigs.fna	GCA_014193155.1_ASM1419315v1_genomic.fna	78.8657	580	1864
DA1.scaffolds.fasta.supercontigs.fna	GCA_001424505.1_Leaf391_genomic.fna	78.8648	626	1864
DA1.scaffolds.fasta.supercontigs.fna	GCA_030811315.1_ASM3081131v1_genomic.fna	78.8647	518	1864
DA1.scaffolds.fasta.supercontigs.fna	GCA_025780115.1_ASM2578011v1_genomic.fna	78.8612	576	1864
DA1.scaffolds.fasta.supercontigs.fna	GCA_017357265.1_ASM1735726v1_genomic.fna	78.8608	642	1864
DA1.scaffolds.fasta.supercontigs.fna	GCA_004341625.1_ASM434162v1_genomic.fna	78.8608	571	1864
DA1.scaffolds.fasta.supercontigs.fna	GCA_019780025.1_ASM1978002v1_genomic.fna	78.8598	631	1864
DA1.scaffolds.fasta.supercontigs.fna	GCA_001692185.1_ASM169218v1_genomic.fna	78.8582	565	1864
DA1.scaffolds.fasta.supercontigs.fna	GCA_004358025.1_ASM435802v1_genomic.fna	78.8554	517	1864
DA1.scaffolds.fasta.supercontigs.fna	GCA_019685155.1_ASM1968515v1_genomic.fna	78.8553	686	1864
DA1.scaffolds.fasta.supercontigs.fna	GCA_014200295.1_ASM1420029v1_genomic.fna	78.8525	608	1864
DA1.scaffolds.fasta.supercontigs.fna	GCA_025779975.1_ASM2577997v1_genomic.fna	78.8512	578	1864
DA1.scaffolds.fasta.supercontigs.fna	GCA_019684855.1_ASM1968485v1_genomic.fna	78.8509	665	1864
DA1.scaffolds.fasta.supercontigs.fna	GCA_014193815.1_ASM1419381v1_genomic.fna	78.8498	630	1864
DA1.scaffolds.fasta.supercontigs.fna	GCA_000799715.1_ASM79971v1_genomic.fna	78.8483	650	1864
DA1.scaffolds.fasta.supercontigs.fna	GCA_024426085.1_ASM2442608v1_genomic.fna	78.8448	588	1864
DA1.scaffolds.fasta.supercontigs.fna	GCA_019684495.1_ASM1968449v1_genomic.fna	78.8424	660	1864
DA1.scaffolds.fasta.supercontigs.fna	GCA_019684385.1_ASM1968438v1_genomic.fna	78.8419	661	1864
DA1.scaffolds.fasta.supercontigs.fna	GCA_014193935.1_ASM1419393v1_genomic.fna	78.8417	616	1864
DA1.scaffolds.fasta.supercontigs.fna	GCA_019684635.1_ASM1968463v1_genomic.fna	78.8412	662	1864
DA1.scaffolds.fasta.supercontigs.fna	GCA_019685115.1_ASM1968511v1_genomic.fna	78.8398	697	1864
DA1.scaffolds.fasta.supercontigs.fna	GCA_001999485.2_ASM199948v2_genomic.fna	78.8393	617	1864
DA1.scaffolds.fasta.supercontigs.fna	GCA_002277895.1_ASM227789v1_genomic.fna	78.8389	606	1864
DA1.scaffolds.fasta.supercontigs.fna	GCA_009176305.1_ASM917630v1_genomic.fna	78.8384	627	1864
DA1.scaffolds.fasta.supercontigs.fna	GCA_014194105.1_ASM1419410v1_genomic.fna	78.8369	606	1864
DA1.scaffolds.fasta.supercontigs.fna	GCA_022953395.1_ASM2295339v1_genomic.fna	78.8363	524	1864
DA1.scaffolds.fasta.supercontigs.fna	GCA_026622855.1_ASM2662285v1_genomic.fna	78.8351	617	1864
DA1.scaffolds.fasta.supercontigs.fna	GCA_019684425.1_ASM1968442v1_genomic.fna	78.8335	659	1864
DA1.scaffolds.fasta.supercontigs.fna	GCA_001662125.1_ASM166212v1_genomic.fna	78.8328	640	1864
DA1.scaffolds.fasta.supercontigs.fna	GCA_005222915.1_ASM522291v1_genomic.fna	78.8326	516	1864
DA1.scaffolds.fasta.supercontigs.fna	GCA_019684775.1_ASM1968477v1_genomic.fna	78.8313	676	1864
DA1.scaffolds.fasta.supercontigs.fna	GCA_014193575.1_ASM1419357v1_genomic.fna	78.8304	631	1864
DA1.scaffolds.fasta.supercontigs.fna	GCA_019684375.1_ASM1968437v1_genomic.fna	78.8297	661	1864
DA1.scaffolds.fasta.supercontigs.fna	GCA_019684415.1_ASM1968441v1_genomic.fna	78.8293	673	1864
DA1.scaffolds.fasta.supercontigs.fna	GCA_034720595.1_ASM3472059v1_genomic.fna	78.8282	547	1864
DA1.scaffolds.fasta.supercontigs.fna	GCA_019683995.1_ASM1968399v1_genomic.fna	78.8277	638	1864
DA1.scaffolds.fasta.supercontigs.fna	GCA_014198775.1_ASM1419877v1_genomic.fna	78.8269	595	1864
DA1.scaffolds.fasta.supercontigs.fna	GCA_019780005.1_ASM1978000v1_genomic.fna	78.8248	649	1864
DA1.scaffolds.fasta.supercontigs.fna	GCA_019684835.1_ASM1968483v1_genomic.fna	78.8242	680	1864
DA1.scaffolds.fasta.supercontigs.fna	GCA_005862215.1_ASM586221v1_genomic.fna	78.8234	639	1864
DA1.scaffolds.fasta.supercontigs.fna	GCA_030182565.1_ASM3018256v1_genomic.fna	78.8231	609	1864
DA1.scaffolds.fasta.supercontigs.fna	GCA_014195115.1_ASM1419511v1_genomic.fna	78.823	585	1864
DA1.scaffolds.fasta.supercontigs.fna	GCA_012641435.1_ASM1264143v1_genomic.fna	78.8225	561	1864
DA1.scaffolds.fasta.supercontigs.fna	GCA_030435705.1_ASM3043570v1_genomic.fna	78.8216	614	1864
DA1.scaffolds.fasta.supercontigs.fna	GCA_021168455.1_ASM2116845v1_genomic.fna	78.8211	562	1864
DA1.scaffolds.fasta.supercontigs.fna	GCA_945952315.1_SRR9109406_bin.7_metaWRAP_v1.3_MAG_genomic.fna	78.821	449	1864
DA1.scaffolds.fasta.supercontigs.fna	GCA_001425605.1_Leaf453_genomic.fna	78.8208	612	1864
DA1.scaffolds.fasta.supercontigs.fna	GCA_014727215.1_ASM1472721v1_genomic.fna	78.8202	597	1864
DA1.scaffolds.fasta.supercontigs.fna	GCA_019684055.1_ASM1968405v1_genomic.fna	78.8175	637	1864
DA1.scaffolds.fasta.supercontigs.fna	GCA_030268365.1_ASM3026836v1_genomic.fna	78.8167	628	1864
DA1.scaffolds.fasta.supercontigs.fna	GCA_001424045.1_Leaf371_genomic.fna	78.8156	559	1864
DA1.scaffolds.fasta.supercontigs.fna	GCA_019684475.1_ASM1968447v1_genomic.fna	78.8155	665	1864
DA1.scaffolds.fasta.supercontigs.fna	GCA_900094545.1_IMG-taxon_2617270742_annotated_assembly_genomic.fna	78.8152	620	1864
DA1.scaffolds.fasta.supercontigs.fna	GCA_030182495.1_ASM3018249v1_genomic.fna	78.8152	642	1864
DA1.scaffolds.fasta.supercontigs.fna	GCA_014193605.1_ASM1419360v1_genomic.fna	78.8151	583	1864
DA1.scaffolds.fasta.supercontigs.fna	GCA_000379605.1_ASM37960v1_genomic.fna	78.8136	610	1864
DA1.scaffolds.fasta.supercontigs.fna	GCA_001662055.1_ASM166205v1_genomic.fna	78.8126	640	1864
DA1.scaffolds.fasta.supercontigs.fna	GCA_019684115.1_ASM1968411v1_genomic.fna	78.8124	623	1864
DA1.scaffolds.fasta.supercontigs.fna	GCA_019780065.1_ASM1978006v1_genomic.fna	78.8113	640	1864
DA1.scaffolds.fasta.supercontigs.fna	GCA_017873135.1_ASM1787313v1_genomic.fna	78.809	605	1864
DA1.scaffolds.fasta.supercontigs.fna	GCA_019684655.1_ASM1968465v1_genomic.fna	78.8075	664	1864
DA1.scaffolds.fasta.supercontigs.fna	GCA_019684175.1_ASM1968417v1_genomic.fna	78.8065	638	1864
DA1.scaffolds.fasta.supercontigs.fna	GCA_019684075.1_ASM1968407v1_genomic.fna	78.804	633	1864
DA1.scaffolds.fasta.supercontigs.fna	GCA_019684905.1_ASM1968490v1_genomic.fna	78.8033	672	1864
DA1.scaffolds.fasta.supercontigs.fna	GCA_019684755.1_ASM1968475v1_genomic.fna	78.8026	679	1864
DA1.scaffolds.fasta.supercontigs.fna	GCA_019684515.1_ASM1968451v1_genomic.fna	78.7993	670	1864
DA1.scaffolds.fasta.supercontigs.fna	GCA_019684875.1_ASM1968487v1_genomic.fna	78.7975	678	1864
DA1.scaffolds.fasta.supercontigs.fna	GCA_019684685.1_ASM1968468v1_genomic.fna	78.7968	684	1864
DA1.scaffolds.fasta.supercontigs.fna	GCA_031456395.1_ASM3145639v1_genomic.fna	78.7968	578	1864
DA1.scaffolds.fasta.supercontigs.fna	GCA_001675175.1_ASM167517v1_genomic.fna	78.795	602	1864
DA1.scaffolds.fasta.supercontigs.fna	GCA_014207015.1_ASM1420701v1_genomic.fna	78.7945	591	1864
DA1.scaffolds.fasta.supercontigs.fna	GCA_019684815.1_ASM1968481v1_genomic.fna	78.7877	683	1864
DA1.scaffolds.fasta.supercontigs.fna	GCA_014195175.1_ASM1419517v1_genomic.fna	78.7875	583	1864
DA1.scaffolds.fasta.supercontigs.fna	GCA_019684545.1_ASM1968454v1_genomic.fna	78.7862	676	1864
DA1.scaffolds.fasta.supercontigs.fna	GCA_902153285.2_B03_1.v3_genomic.fna	78.7853	518	1864
DA1.scaffolds.fasta.supercontigs.fna	GCA_000426285.1_ASM42628v1_genomic.fna	78.7804	595	1864
DA1.scaffolds.fasta.supercontigs.fna	GCA_019684715.1_ASM1968471v1_genomic.fna	78.7795	669	1864
DA1.scaffolds.fasta.supercontigs.fna	GCA_019684575.1_ASM1968457v1_genomic.fna	78.7762	662	1864
DA1.scaffolds.fasta.supercontigs.fna	GCA_036528765.1_ASM3652876v1_genomic.fna	78.7735	518	1864
DA1.scaffolds.fasta.supercontigs.fna	GCA_019684665.1_ASM1968466v1_genomic.fna	78.7733	678	1864
DA1.scaffolds.fasta.supercontigs.fna	GCA_017352135.1_ASM1735213v1_genomic.fna	78.7728	679	1864
DA1.scaffolds.fasta.supercontigs.fna	GCA_019684795.1_ASM1968479v1_genomic.fna	78.7726	682	1864
DA1.scaffolds.fasta.supercontigs.fna	GCA_001296045.1_ASM129604v1_genomic.fna	78.77	516	1864
DA1.scaffolds.fasta.supercontigs.fna	GCA_013378445.1_ASM1337844v1_genomic.fna	78.7668	533	1864
DA1.scaffolds.fasta.supercontigs.fna	GCA_030382195.1_ASM3038219v1_genomic.fna	78.7629	565	1864
DA1.scaffolds.fasta.supercontigs.fna	GCA_004341105.1_ASM434110v1_genomic.fna	78.7628	610	1864
DA1.scaffolds.fasta.supercontigs.fna	GCA_021555155.1_ASM2155515v1_genomic.fna	78.76	538	1864
DA1.scaffolds.fasta.supercontigs.fna	GCA_004342335.1_ASM434233v1_genomic.fna	78.7562	578	1864
DA1.scaffolds.fasta.supercontigs.fna	GCA_019684725.1_ASM1968472v1_genomic.fna	78.7554	679	1864
DA1.scaffolds.fasta.supercontigs.fna	GCA_024007765.1_ASM2400776v1_genomic.fna	78.7553	620	1864
DA1.scaffolds.fasta.supercontigs.fna	GCA_001424085.1_Leaf386_genomic.fna	78.7513	619	1864
DA1.scaffolds.fasta.supercontigs.fna	GCA_019684235.1_ASM1968423v1_genomic.fna	78.7498	648	1864
DA1.scaffolds.fasta.supercontigs.fna	GCA_019684535.1_ASM1968453v1_genomic.fna	78.7375	688	1864
DA1.scaffolds.fasta.supercontigs.fna	GCA_019780035.1_ASM1978003v1_genomic.fna	78.7371	646	1864
DA1.scaffolds.fasta.supercontigs.fna	GCA_020889605.1_ASM2088960v1_genomic.fna	78.7353	520	1864
DA1.scaffolds.fasta.supercontigs.fna	GCA_900220975.1_IMG-taxon_2740891857_annotated_assembly_genomic.fna	78.7329	520	1864
DA1.scaffolds.fasta.supercontigs.fna	GCA_019684595.1_ASM1968459v1_genomic.fna	78.7319	678	1864
DA1.scaffolds.fasta.supercontigs.fna	GCA_945952415.1_SRR9109407_bin.14_metaWRAP_v1.3_MAG_genomic.fna	78.73	517	1864
DA1.scaffolds.fasta.supercontigs.fna	GCA_030182525.1_ASM3018252v1_genomic.fna	78.7288	608	1864
DA1.scaffolds.fasta.supercontigs.fna	GCA_001424965.1_Root1204_genomic.fna	78.7253	574	1864
DA1.scaffolds.fasta.supercontigs.fna	GCA_019684615.1_ASM1968461v1_genomic.fna	78.7244	680	1864
DA1.scaffolds.fasta.supercontigs.fna	GCA_014207095.1_ASM1420709v1_genomic.fna	78.7213	590	1864
DA1.scaffolds.fasta.supercontigs.fna	GCA_004343445.1_ASM434344v1_genomic.fna	78.7204	562	1864
DA1.scaffolds.fasta.supercontigs.fna	GCA_014197875.1_ASM1419787v1_genomic.fna	78.7195	590	1864
DA1.scaffolds.fasta.supercontigs.fna	GCA_016429255.1_ASM1642925v1_genomic.fna	78.7192	555	1864
DA1.scaffolds.fasta.supercontigs.fna	GCA_014193655.1_ASM1419365v1_genomic.fna	78.7155	553	1864
DA1.scaffolds.fasta.supercontigs.fna	GCA_016429015.1_ASM1642901v1_genomic.fna	78.7123	550	1864
DA1.scaffolds.fasta.supercontigs.fna	GCA_000816845.1_ASM81684v1_genomic.fna	78.7113	568	1864
DA1.scaffolds.fasta.supercontigs.fna	GCA_001429075.1_Root73_genomic.fna	78.7055	580	1864
DA1.scaffolds.fasta.supercontigs.fna	GCA_004341455.1_ASM434145v1_genomic.fna	78.693	565	1864
DA1.scaffolds.fasta.supercontigs.fna	GCA_019511375.1_ASM1951137v1_genomic.fna	78.6854	564	1864
DA1.scaffolds.fasta.supercontigs.fna	GCA_030272705.1_ASM3027270v1_genomic.fna	78.6811	574	1864
DA1.scaffolds.fasta.supercontigs.fna	GCA_029537235.1_ASM2953723v1_genomic.fna	78.6735	548	1864
DA1.scaffolds.fasta.supercontigs.fna	GCA_001426265.1_Root1220_genomic.fna	78.6724	483	1864
DA1.scaffolds.fasta.supercontigs.fna	GCA_015353075.1_ASM1535307v1_genomic.fna	78.6713	582	1864
DA1.scaffolds.fasta.supercontigs.fna	GCA_003627755.1_ASM362775v1_genomic.fna	78.6686	590	1864
DA1.scaffolds.fasta.supercontigs.fna	GCA_014851595.1_ASM1485159v1_genomic.fna	78.6644	511	1864
DA1.scaffolds.fasta.supercontigs.fna	GCA_002200935.1_ASM220093v1_genomic.fna	78.6624	557	1864
DA1.scaffolds.fasta.supercontigs.fna	GCA_003217115.1_ASM321711v1_genomic.fna	78.6615	551	1864
DA1.scaffolds.fasta.supercontigs.fna	GCA_003217135.1_ASM321713v1_genomic.fna	78.6556	571	1864
DA1.scaffolds.fasta.supercontigs.fna	GCA_022354485.1_ASM2235448v1_genomic.fna	78.6544	581	1864
DA1.scaffolds.fasta.supercontigs.fna	GCA_029714385.1_ASM2971438v1_genomic.fna	78.6509	582	1864
DA1.scaffolds.fasta.supercontigs.fna	GCA_001542405.1_ASM154240v1_genomic.fna	78.6504	522	1864
DA1.scaffolds.fasta.supercontigs.fna	GCA_012641395.1_ASM1264139v1_genomic.fna	78.6421	530	1864
DA1.scaffolds.fasta.supercontigs.fna	GCA_001426665.1_Root1334_genomic.fna	78.642	586	1864
DA1.scaffolds.fasta.supercontigs.fna	GCA_007827505.1_ASM782750v1_genomic.fna	78.639	562	1864
DA1.scaffolds.fasta.supercontigs.fna	GCA_024808055.1_ASM2480805v1_genomic.fna	78.6353	498	1864
DA1.scaffolds.fasta.supercontigs.fna	GCA_000510625.1_ASM51062v1_genomic.fna	78.6339	497	1864
DA1.scaffolds.fasta.supercontigs.fna	GCA_003217305.1_ASM321730v1_genomic.fna	78.6325	550	1864
DA1.scaffolds.fasta.supercontigs.fna	GCA_016864535.1_ASM1686453v1_genomic.fna	78.6298	556	1864
DA1.scaffolds.fasta.supercontigs.fna	GCA_945956955.1_SRR12456164_bin.12_metaWRAP_v1.3_MAG_genomic.fna	78.629	409	1864
DA1.scaffolds.fasta.supercontigs.fna	GCA_000377185.1_ASM37718v1_genomic.fna	78.6148	509	1864
DA1.scaffolds.fasta.supercontigs.fna	GCA_001908615.1_ASM190861v1_genomic.fna	78.613	584	1864
DA1.scaffolds.fasta.supercontigs.fna	GCA_003217095.1_ASM321709v1_genomic.fna	78.6087	568	1864
DA1.scaffolds.fasta.supercontigs.fna	GCA_012932765.1_ASM1293276v1_genomic.fna	78.6085	509	1864
DA1.scaffolds.fasta.supercontigs.fna	GCA_002211315.1_ASM221131v1_genomic.fna	78.6063	533	1864
DA1.scaffolds.fasta.supercontigs.fna	GCA_014851575.1_ASM1485157v1_genomic.fna	78.6041	516	1864
DA1.scaffolds.fasta.supercontigs.fna	GCA_014194695.1_ASM1419469v1_genomic.fna	78.5981	500	1864
DA1.scaffolds.fasta.supercontigs.fna	GCA_009498215.1_ASM949821v1_genomic.fna	78.5969	561	1864
DA1.scaffolds.fasta.supercontigs.fna	GCA_014158035.1_ASM1415803v1_genomic.fna	78.5947	521	1864
DA1.scaffolds.fasta.supercontigs.fna	GCA_013004495.1_ASM1300449v1_genomic.fna	78.5924	476	1864
DA1.scaffolds.fasta.supercontigs.fna	GCA_004345245.1_ASM434524v1_genomic.fna	78.5916	537	1864
DA1.scaffolds.fasta.supercontigs.fna	GCA_025779995.1_ASM2577999v1_genomic.fna	78.5863	507	1864
DA1.scaffolds.fasta.supercontigs.fna	GCA_900067135.1_IMG-taxon_2602042090_annotated_assembly_genomic.fna	78.578	547	1864
DA1.scaffolds.fasta.supercontigs.fna	GCA_900110205.1_IMG-taxon_2671180023_annotated_assembly_genomic.fna	78.5748	529	1864
DA1.scaffolds.fasta.supercontigs.fna	GCA_037994545.1_ASM3799454v1_genomic.fna	78.5743	442	1864
DA1.scaffolds.fasta.supercontigs.fna	GCA_002211365.1_ASM221136v1_genomic.fna	78.573	526	1864
DA1.scaffolds.fasta.supercontigs.fna	GCA_014197625.1_ASM1419762v1_genomic.fna	78.5699	557	1864
DA1.scaffolds.fasta.supercontigs.fna	GCA_004365425.1_ASM436542v1_genomic.fna	78.5696	563	1864
DA1.scaffolds.fasta.supercontigs.fna	GCA_900108425.1_Tibet_genomic.fna	78.5674	529	1864
DA1.scaffolds.fasta.supercontigs.fna	GCA_002211385.1_ASM221138v1_genomic.fna	78.566	528	1864
DA1.scaffolds.fasta.supercontigs.fna	GCA_004341955.1_ASM434195v1_genomic.fna	78.5651	578	1864
DA1.scaffolds.fasta.supercontigs.fna	GCA_024808825.1_ASM2480882v1_genomic.fna	78.565	497	1864
DA1.scaffolds.fasta.supercontigs.fna	GCA_014193305.1_ASM1419330v1_genomic.fna	78.5571	501	1864
DA1.scaffolds.fasta.supercontigs.fna	GCA_004341765.1_ASM434176v1_genomic.fna	78.5525	551	1864
DA1.scaffolds.fasta.supercontigs.fna	GCA_017571635.3_ASM1757163v3_genomic.fna	78.5524	569	1864
DA1.scaffolds.fasta.supercontigs.fna	GCA_000483385.1_ASM48338v1_genomic.fna	78.544	156	1864
DA1.scaffolds.fasta.supercontigs.fna	GCA_900169785.1_ASM90016978v1_genomic.fna	78.543	582	1864
DA1.scaffolds.fasta.supercontigs.fna	GCA_001424945.1_Root1203_genomic.fna	78.54	525	1864
DA1.scaffolds.fasta.supercontigs.fna	GCA_037994525.1_ASM3799452v1_genomic.fna	78.5394	438	1864
DA1.scaffolds.fasta.supercontigs.fna	GCA_019355575.1_ASM1935557v1_genomic.fna	78.5371	477	1864
DA1.scaffolds.fasta.supercontigs.fna	GCA_029892285.1_ASM2989228v1_genomic.fna	78.5327	487	1864
DA1.scaffolds.fasta.supercontigs.fna	GCA_902502895.2_F03_1.v3_genomic.fna	78.5296	484	1864
DA1.scaffolds.fasta.supercontigs.fna	GCA_002812325.1_ASM281232v1_genomic.fna	78.5174	574	1864
DA1.scaffolds.fasta.supercontigs.fna	GCA_902502775.2_D03_1.v3_genomic.fna	78.5163	469	1864
DA1.scaffolds.fasta.supercontigs.fna	GCA_019511525.1_ASM1951152v1_genomic.fna	78.5136	514	1864
DA1.scaffolds.fasta.supercontigs.fna	GCA_000282035.1_CF122.fsa_genomic.fna	78.506	520	1864
DA1.scaffolds.fasta.supercontigs.fna	GCA_025200715.1_ASM2520071v1_genomic.fna	78.5032	587	1864
DA1.scaffolds.fasta.supercontigs.fna	GCA_003351175.1_ASM335117v1_genomic.fna	78.5025	511	1864
DA1.scaffolds.fasta.supercontigs.fna	GCA_019355815.1_ASM1935581v1_genomic.fna	78.5015	478	1864
DA1.scaffolds.fasta.supercontigs.fna	GCA_011046895.1_ASM1104689v1_genomic.fna	78.5002	475	1864
DA1.scaffolds.fasta.supercontigs.fna	GCA_900111275.1_IMG-taxon_2599185156_annotated_assembly_genomic.fna	78.4996	502	1864
DA1.scaffolds.fasta.supercontigs.fna	GCA_017741845.1_ASM1774184v1_genomic.fna	78.4977	482	1864
DA1.scaffolds.fasta.supercontigs.fna	GCA_000419765.1_ASM41976v1_genomic.fna	78.4919	558	1864
DA1.scaffolds.fasta.supercontigs.fna	GCA_017741895.1_ASM1774189v1_genomic.fna	78.4901	486	1864
DA1.scaffolds.fasta.supercontigs.fna	GCA_000577275.2_LPU83_genomic.fna	78.4887	565	1864
DA1.scaffolds.fasta.supercontigs.fna	GCA_017741825.1_ASM1774182v1_genomic.fna	78.4836	484	1864
DA1.scaffolds.fasta.supercontigs.fna	GCA_037039395.1_CG957_Flye_genomic.fna	78.4795	543	1864
DA1.scaffolds.fasta.supercontigs.fna	GCA_019355615.1_ASM1935561v1_genomic.fna	78.4784	484	1864
DA1.scaffolds.fasta.supercontigs.fna	GCA_001885575.1_ASM188557v1_genomic.fna	78.4757	538	1864
DA1.scaffolds.fasta.supercontigs.fna	GCA_009744115.1_ASM974411v1_genomic.fna	78.475	538	1864
DA1.scaffolds.fasta.supercontigs.fna	GCA_000172775.1_ASM17277v1_genomic.fna	78.4679	79	1864
DA1.scaffolds.fasta.supercontigs.fna	GCA_032073445.1_ASM3207344v1_genomic.fna	78.4579	459	1864
DA1.scaffolds.fasta.supercontigs.fna	GCA_004342945.1_ASM434294v1_genomic.fna	78.4567	580	1864
DA1.scaffolds.fasta.supercontigs.fna	GCA_014196605.1_ASM1419660v1_genomic.fna	78.4563	464	1864
DA1.scaffolds.fasta.supercontigs.fna	GCA_021044665.1_ASM2104466v1_genomic.fna	78.4519	569	1864
DA1.scaffolds.fasta.supercontigs.fna	GCA_900099775.1_IMG-taxon_2596583570_annotated_assembly_genomic.fna	78.4512	578	1864
DA1.scaffolds.fasta.supercontigs.fna	GCA_000428185.2_ASM42818v2_genomic.fna	78.4491	68	1864
DA1.scaffolds.fasta.supercontigs.fna	GCA_000438905.2_ASM43890v2_genomic.fna	78.4397	132	1864
DA1.scaffolds.fasta.supercontigs.fna	GCA_019355735.1_ASM1935573v1_genomic.fna	78.439	486	1864
DA1.scaffolds.fasta.supercontigs.fna	GCA_031984865.1_ASM3198486v1_genomic.fna	78.4375	470	1864
DA1.scaffolds.fasta.supercontigs.fna	GCA_017741745.1_ASM1774174v1_genomic.fna	78.433	489	1864
DA1.scaffolds.fasta.supercontigs.fna	GCA_014197575.1_ASM1419757v1_genomic.fna	78.4311	517	1864
DA1.scaffolds.fasta.supercontigs.fna	GCA_000298315.2_ASM29831v2_genomic.fna	78.4274	514	1864
DA1.scaffolds.fasta.supercontigs.fna	GCA_000172755.1_ASM17275v1_genomic.fna	78.4271	146	1864
DA1.scaffolds.fasta.supercontigs.fna	GCA_001427345.1_Root149_genomic.fna	78.4242	472	1864
DA1.scaffolds.fasta.supercontigs.fna	GCA_024748835.1_ASM2474883v1_genomic.fna	78.4222	549	1864
DA1.scaffolds.fasta.supercontigs.fna	GCA_014851675.1_ASM1485167v1_genomic.fna	78.4116	451	1864
DA1.scaffolds.fasta.supercontigs.fna	GCA_033447125.1_ASM3344712v1_genomic.fna	78.4076	545	1864
DA1.scaffolds.fasta.supercontigs.fna	GCA_007000325.2_ASM700032v2_genomic.fna	78.4055	491	1864
DA1.scaffolds.fasta.supercontigs.fna	GCA_020166565.1_ASM2016656v1_genomic.fna	78.4005	498	1864
DA1.scaffolds.fasta.supercontigs.fna	GCA_000419725.1_ASM41972v1_genomic.fna	78.399	560	1864
DA1.scaffolds.fasta.supercontigs.fna	GCA_021648825.1_ASM2164882v1_genomic.fna	78.3985	424	1864
DA1.scaffolds.fasta.supercontigs.fna	GCA_000427985.1_ASM42798v1_genomic.fna	78.3827	588	1864
DA1.scaffolds.fasta.supercontigs.fna	GCA_030272695.1_ASM3027269v1_genomic.fna	78.3822	536	1864
DA1.scaffolds.fasta.supercontigs.fna	GCA_007000315.1_ASM700031v1_genomic.fna	78.3731	484	1864
DA1.scaffolds.fasta.supercontigs.fna	GCA_013427035.1_ASM1342703v1_genomic.fna	78.3716	516	1864
DA1.scaffolds.fasta.supercontigs.fna	GCA_009744155.1_ASM974415v1_genomic.fna	78.3683	498	1864
DA1.scaffolds.fasta.supercontigs.fna	GCA_013114765.1_ASM1311476v1_genomic.fna	78.3572	502	1864
DA1.scaffolds.fasta.supercontigs.fna	GCA_019355555.1_ASM1935555v1_genomic.fna	78.348	481	1864
DA1.scaffolds.fasta.supercontigs.fna	GCA_020075745.1_ASM2007574v1_genomic.fna	78.3409	493	1864
DA1.scaffolds.fasta.supercontigs.fna	GCA_013337045.2_ASM1333704v2_genomic.fna	78.338	542	1864
DA1.scaffolds.fasta.supercontigs.fna	GCA_013317435.1_ASM1331743v1_genomic.fna	78.3372	505	1864
DA1.scaffolds.fasta.supercontigs.fna	GCA_004345405.1_ASM434540v1_genomic.fna	78.3333	528	1864
DA1.scaffolds.fasta.supercontigs.fna	GCA_020075835.1_ASM2007583v1_genomic.fna	78.3264	493	1864
DA1.scaffolds.fasta.supercontigs.fna	GCA_021559735.1_ASM2155973v1_genomic.fna	78.3241	498	1864
DA1.scaffolds.fasta.supercontigs.fna	GCA_020075765.1_ASM2007576v1_genomic.fna	78.3219	496	1864
DA1.scaffolds.fasta.supercontigs.fna	GCA_020075825.1_ASM2007582v1_genomic.fna	78.3201	492	1864
DA1.scaffolds.fasta.supercontigs.fna	GCA_004342325.1_ASM434232v1_genomic.fna	78.3162	556	1864
DA1.scaffolds.fasta.supercontigs.fna	GCA_014193145.1_ASM1419314v1_genomic.fna	78.3152	523	1864
DA1.scaffolds.fasta.supercontigs.fna	GCA_007000305.1_ASM700030v1_genomic.fna	78.3113	489	1864
DA1.scaffolds.fasta.supercontigs.fna	GCA_013317345.1_ASM1331734v1_genomic.fna	78.3072	535	1864
DA1.scaffolds.fasta.supercontigs.fna	GCA_014926405.2_ASM1492640v2_genomic.fna	78.3054	514	1864
DA1.scaffolds.fasta.supercontigs.fna	GCA_009744225.1_ASM974422v1_genomic.fna	78.3023	505	1864
DA1.scaffolds.fasta.supercontigs.fna	GCA_020075805.1_ASM2007580v1_genomic.fna	78.3014	494	1864
DA1.scaffolds.fasta.supercontigs.fna	GCA_005222835.1_ASM522283v1_genomic.fna	78.2915	439	1864
DA1.scaffolds.fasta.supercontigs.fna	GCA_023701995.1_ASM2370199v1_genomic.fna	78.2887	526	1864
DA1.scaffolds.fasta.supercontigs.fna	GCA_020075785.1_ASM2007578v1_genomic.fna	78.2877	496	1864
DA1.scaffolds.fasta.supercontigs.fna	GCA_008502005.1_ASM850200v1_genomic.fna	78.2819	511	1864
DA1.scaffolds.fasta.supercontigs.fna	GCA_021462745.1_ASM2146274v1_genomic.fna	78.281	512	1864
DA1.scaffolds.fasta.supercontigs.fna	GCA_001541345.2_ASM154134v2_genomic.fna	78.28	514	1864
DA1.scaffolds.fasta.supercontigs.fna	GCA_009744055.1_ASM974405v1_genomic.fna	78.2796	521	1864
DA1.scaffolds.fasta.supercontigs.fna	GCA_013317415.1_ASM1331741v1_genomic.fna	78.2764	499	1864
DA1.scaffolds.fasta.supercontigs.fna	GCA_020075725.1_ASM2007572v1_genomic.fna	78.2724	503	1864
DA1.scaffolds.fasta.supercontigs.fna	GCA_009744005.1_ASM974400v1_genomic.fna	78.2709	503	1864
DA1.scaffolds.fasta.supercontigs.fna	GCA_001425345.1_Leaf383_genomic.fna	78.2702	478	1864
DA1.scaffolds.fasta.supercontigs.fna	GCA_001424065.1_Leaf384_genomic.fna	78.2696	476	1864
DA1.scaffolds.fasta.supercontigs.fna	GCA_020075865.1_ASM2007586v1_genomic.fna	78.2672	495	1864
DA1.scaffolds.fasta.supercontigs.fna	GCA_003240565.2_ASM324056v2_genomic.fna	78.2639	504	1864
DA1.scaffolds.fasta.supercontigs.fna	GCA_009744065.1_ASM974406v1_genomic.fna	78.2638	533	1864
DA1.scaffolds.fasta.supercontigs.fna	GCA_009743925.1_ASM974392v1_genomic.fna	78.2634	514	1864
DA1.scaffolds.fasta.supercontigs.fna	GCA_009744235.1_ASM974423v1_genomic.fna	78.2619	521	1864
DA1.scaffolds.fasta.supercontigs.fna	GCA_023702015.1_ASM2370201v1_genomic.fna	78.2614	509	1864
DA1.scaffolds.fasta.supercontigs.fna	GCA_021462655.1_ASM2146265v1_genomic.fna	78.2604	517	1864
DA1.scaffolds.fasta.supercontigs.fna	GCA_009743995.1_ASM974399v1_genomic.fna	78.2588	528	1864
DA1.scaffolds.fasta.supercontigs.fna	GCA_013317355.1_ASM1331735v1_genomic.fna	78.2585	525	1864
DA1.scaffolds.fasta.supercontigs.fna	GCA_001860165.2_AT6_v2_genomic.fna	78.257	529	1864
DA1.scaffolds.fasta.supercontigs.fna	GCA_001908375.1_ASM190837v1_genomic.fna	78.2522	566	1864
DA1.scaffolds.fasta.supercontigs.fna	GCA_001758305.2_AB3_v2_genomic.fna	78.252	526	1864
DA1.scaffolds.fasta.supercontigs.fna	GCA_029691985.1_ASM2969198v1_genomic.fna	78.2505	474	1864
DA1.scaffolds.fasta.supercontigs.fna	GCA_013317325.1_ASM1331732v1_genomic.fna	78.2483	539	1864
DA1.scaffolds.fasta.supercontigs.fna	GCA_009744215.1_ASM974421v1_genomic.fna	78.2465	514	1864
DA1.scaffolds.fasta.supercontigs.fna	GCA_009744345.1_ASM974434v1_genomic.fna	78.2462	533	1864
DA1.scaffolds.fasta.supercontigs.fna	GCA_001860125.2_Ni1_v2_genomic.fna	78.2462	534	1864
DA1.scaffolds.fasta.supercontigs.fna	GCA_008501865.1_ASM850186v1_genomic.fna	78.245	513	1864
DA1.scaffolds.fasta.supercontigs.fna	GCA_000375385.1_ASM37538v1_genomic.fna	78.244	81	1864
DA1.scaffolds.fasta.supercontigs.fna	GCA_013426735.1_ASM1342673v1_genomic.fna	78.2432	509	1864
DA1.scaffolds.fasta.supercontigs.fna	GCA_001860085.2_Rr4_v2_genomic.fna	78.2416	537	1864
DA1.scaffolds.fasta.supercontigs.fna	GCA_013426715.1_ASM1342671v1_genomic.fna	78.2405	528	1864
DA1.scaffolds.fasta.supercontigs.fna	GCA_009744025.1_ASM974402v1_genomic.fna	78.2337	537	1864
DA1.scaffolds.fasta.supercontigs.fna	GCA_001424325.1_Leaf341_genomic.fna	78.2327	478	1864
DA1.scaffolds.fasta.supercontigs.fna	GCA_009743935.1_ASM974393v1_genomic.fna	78.2319	501	1864
DA1.scaffolds.fasta.supercontigs.fna	GCA_009743975.1_ASM974397v1_genomic.fna	78.2224	503	1864
DA1.scaffolds.fasta.supercontigs.fna	GCA_009744095.1_ASM974409v1_genomic.fna	78.222	518	1864
DA1.scaffolds.fasta.supercontigs.fna	GCA_021387325.1_ASM2138732v1_genomic.fna	78.2201	522	1864
DA1.scaffolds.fasta.supercontigs.fna	GCA_021462725.1_ASM2146272v1_genomic.fna	78.2165	520	1864
DA1.scaffolds.fasta.supercontigs.fna	GCA_030551875.1_ASM3055187v1_genomic.fna	78.2153	416	1864
DA1.scaffolds.fasta.supercontigs.fna	GCA_019797885.1_ASM1979788v1_genomic.fna	78.2148	512	1864
DA1.scaffolds.fasta.supercontigs.fna	GCA_009744315.1_ASM974431v1_genomic.fna	78.2147	540	1864
DA1.scaffolds.fasta.supercontigs.fna	GCA_013317425.1_ASM1331742v1_genomic.fna	78.2146	501	1864
DA1.scaffolds.fasta.supercontigs.fna	GCA_021559795.1_ASM2155979v1_genomic.fna	78.2117	514	1864
DA1.scaffolds.fasta.supercontigs.fna	GCA_009744125.1_ASM974412v1_genomic.fna	78.2084	516	1864
DA1.scaffolds.fasta.supercontigs.fna	GCA_009744135.1_ASM974413v1_genomic.fna	78.2084	531	1864
DA1.scaffolds.fasta.supercontigs.fna	GCA_001860215.2_T1-7_v2_genomic.fna	78.2072	526	1864
DA1.scaffolds.fasta.supercontigs.fna	GCA_003240585.1_ASM324058v1_genomic.fna	78.2015	503	1864
DA1.scaffolds.fasta.supercontigs.fna	GCA_037994485.1_ASM3799448v1_genomic.fna	78.198	344	1864
DA1.scaffolds.fasta.supercontigs.fna	GCA_009744255.1_ASM974425v1_genomic.fna	78.1912	518	1864
DA1.scaffolds.fasta.supercontigs.fna	GCA_004342645.1_ASM434264v1_genomic.fna	78.1889	544	1864
DA1.scaffolds.fasta.supercontigs.fna	GCA_013317335.1_ASM1331733v1_genomic.fna	78.1837	524	1864
DA1.scaffolds.fasta.supercontigs.fna	GCA_000427925.1_ASM42792v1_genomic.fna	78.1826	472	1864
DA1.scaffolds.fasta.supercontigs.fna	GCA_009744195.1_ASM974419v1_genomic.fna	78.1823	528	1864
DA1.scaffolds.fasta.supercontigs.fna	GCA_023701975.1_ASM2370197v1_genomic.fna	78.182	529	1864
DA1.scaffolds.fasta.supercontigs.fna	GCA_009744335.1_ASM974433v1_genomic.fna	78.1819	527	1864
DA1.scaffolds.fasta.supercontigs.fna	GCA_009744295.1_ASM974429v1_genomic.fna	78.1819	517	1864
DA1.scaffolds.fasta.supercontigs.fna	GCA_022968395.1_ASM2296839v1_genomic.fna	78.1807	449	1864
DA1.scaffolds.fasta.supercontigs.fna	GCA_013317445.1_ASM1331744v1_genomic.fna	78.178	508	1864
DA1.scaffolds.fasta.supercontigs.fna	GCA_001758275.2_AB4_v2_genomic.fna	78.1774	545	1864
DA1.scaffolds.fasta.supercontigs.fna	GCA_001860205.2_RF2-1_v2_genomic.fna	78.1699	513	1864
DA1.scaffolds.fasta.supercontigs.fna	GCA_001860105.1_ASM186010v1_genomic.fna	78.1668	516	1864
DA1.scaffolds.fasta.supercontigs.fna	GCA_009744325.1_ASM974432v1_genomic.fna	78.1666	507	1864
DA1.scaffolds.fasta.supercontigs.fna	GCA_021559755.1_ASM2155975v1_genomic.fna	78.1658	511	1864
DA1.scaffolds.fasta.supercontigs.fna	GCA_001860185.2_NW221_v2_genomic.fna	78.1646	498	1864
DA1.scaffolds.fasta.supercontigs.fna	GCA_013317315.1_ASM1331731v1_genomic.fna	78.1528	516	1864
DA1.scaffolds.fasta.supercontigs.fna	GCA_001860135.2_SF93_v2_genomic.fna	78.1524	519	1864
DA1.scaffolds.fasta.supercontigs.fna	GCA_016722925.1_ASM1672292v1_genomic.fna	78.1518	370	1864
DA1.scaffolds.fasta.supercontigs.fna	GCA_030815055.1_ASM3081505v1_genomic.fna	78.1477	476	1864
DA1.scaffolds.fasta.supercontigs.fna	GCA_013317475.1_ASM1331747v1_genomic.fna	78.1379	520	1864
DA1.scaffolds.fasta.supercontigs.fna	GCA_021559775.1_ASM2155977v1_genomic.fna	78.1328	517	1864
DA1.scaffolds.fasta.supercontigs.fna	GCA_945952245.1_SRR9109402_bin.13_metaWRAP_v1.3_MAG_genomic.fna	78.132	345	1864
DA1.scaffolds.fasta.supercontigs.fna	GCA_000312665.1_ASM31266v1_genomic.fna	78.1065	473	1864
DA1.scaffolds.fasta.supercontigs.fna	GCA_024707525.1_ASM2470752v1_genomic.fna	78.0518	455	1864
DA1.scaffolds.fasta.supercontigs.fna	GCA_036754045.1_ASM3675404v1_genomic.fna	78.0093	430	1864
DA1.scaffolds.fasta.supercontigs.fna	GCA_946480855.1_SRR14536430_bin.8_metawrap_v1.3.0_MAG_genomic.fna	77.8951	223	1864
DA1.scaffolds.fasta.supercontigs.fna	GCA_945952145.1_SRR9109399_bin.6_metaWRAP_v1.3_MAG_genomic.fna	77.796	213	1864
DA1.scaffolds.fasta.supercontigs.fna	GCA_014204625.1_ASM1420462v1_genomic.fna	77.7753	342	1864
DA1.scaffolds.fasta.supercontigs.fna	GCA_014873215.1_ASM1487321v1_genomic.fna	77.7666	346	1864
DA1.scaffolds.fasta.supercontigs.fna	GCA_024055895.1_ASM2405589v1_genomic.fna	77.7353	308	1864
DA1.scaffolds.fasta.supercontigs.fna	GCA_007993855.1_ASM799385v1_genomic.fna	77.6281	342	1864
DA1.scaffolds.fasta.supercontigs.fna	GCA_902498825.1_RHIZ404_assembly_genomic.fna	77.5622	291	1864
DA1.scaffolds.fasta.supercontigs.fna	GCA_030160035.1_ASM3016003v1_genomic.fna	77.5222	298	1864
DA1.scaffolds.fasta.supercontigs.fna	GCA_014841565.1_ASM1484156v1_genomic.fna	77.459	291	1864
DA1.scaffolds.fasta.supercontigs.fna	GCA_001939045.1_ASM193904v1_genomic.fna	77.431	348	1864
DA1.scaffolds.fasta.supercontigs.fna	GCA_945889645.1_MaH-09apr19-152_genomic.fna	76.8298	56	1864
DA1.scaffolds.fasta.supercontigs.fna	GCA_936911375.1_ERR2144888_bin.22_CONCOCT_v1.1_MAG_genomic.fna	76.8022	95	1864
DA1.scaffolds.fasta.supercontigs.fna	GCA_943333705.2_HRSG-H3-bin-178_genomic.fna	76.6753	65	1864
DA1.scaffolds.fasta.supercontigs.fna	GCA_945889635.1_MaH-04nov19-53_genomic.fna	76.549	110	1864
DA1.scaffolds.fasta.supercontigs.fna	GCA_943373055.1_JJ-MIS3-109-2-m2-bin119_genomic.fna	76.5369	88	1864
DA1.scaffolds.fasta.supercontigs.fna	GCA_945870035.1_MiH-14oct19-73_genomic.fna	76.5363	131	1864
DA1.scaffolds.fasta.supercontigs.fna	GCA_943334285.2_HRSG-H9-bin-29_genomic.fna	76.5346	64	1864
DA1.scaffolds.fasta.supercontigs.fna	GCA_945861545.1_LE-02apr19-183_genomic.fna	76.5321	67	1864
DA1.scaffolds.fasta.supercontigs.fna	GCA_945907245.1_ZE-13nov19-169_genomic.fna	76.5285	96	1864
DA1.scaffolds.fasta.supercontigs.fna	GCA_945861265.1_LH-05nov19-45_genomic.fna	76.5074	160	1864
DA1.scaffolds.fasta.supercontigs.fna	GCA_945878875.1_TE-08apr19-241_genomic.fna	76.4972	86	1864
DA1.scaffolds.fasta.supercontigs.fna	GCA_945861895.1_MaH-09apr19-191_genomic.fna	76.4847	101	1864
DA1.scaffolds.fasta.supercontigs.fna	GCA_945889445.1_MH-09jul19-261_genomic.fna	76.3758	141	1864
DA1.scaffolds.fasta.supercontigs.fna	GCA_943329725.2_HRSG-H13-bin-8_genomic.fna	76.2967	123	1864
DA1.scaffolds.fasta.supercontigs.fna	GCA_943372345.1_JJ-MAC1KOLB2-402-3-mx-bin659_genomic.fna	76.2817	188	1864
DA1.scaffolds.fasta.supercontigs.fna	GCA_945860165.1_AH-24oct19-157_genomic.fna	76.2794	85	1864
DA1.scaffolds.fasta.supercontigs.fna	GCA_945903655.1_TrE-25oct19-112_genomic.fna	76.2731	88	1864
DA1.scaffolds.fasta.supercontigs.fna	GCA_945906855.1_TrE-03may19-262_genomic.fna	76.1295	63	1864
DA1.scaffolds.fasta.supercontigs.fna	GCA_943334605.2_HRSG-H9-bin-51_genomic.fna	76.1191	72	1864
DA1.scaffolds.fasta.supercontigs.fna	GCA_945872035.1_GH-07nov19-253_genomic.fna	76.057	55	1864
DA1.scaffolds.fasta.supercontigs.fna	GCA_945889535.1_MaH-04nov19-7_genomic.fna	76.0168	84	1864
DA1.scaffolds.fasta.supercontigs.fna	GCA_945875875.1_MsE-30apr19-218_genomic.fna	76.0157	79	1864
DA1.scaffolds.fasta.supercontigs.fna	GCA_945904955.1_ZH-13nov19-49_genomic.fna	75.9624	61	1864
DA1.scaffolds.fasta.supercontigs.fna	GCA_945907045.1_TrH-25oct19-79_genomic.fna	75.9531	106	1864
DA1.scaffolds.fasta.supercontigs.fna	GCA_945882615.1_MH-09jul19-258_genomic.fna	75.9254	75	1864
DA1.scaffolds.fasta.supercontigs.fna	GCA_945888225.1_ME-09jul19-113_genomic.fna	75.9135	71	1864
DA1.scaffolds.fasta.supercontigs.fna	GCA_945877775.1_TrE-25oct19-38_genomic.fna	75.8832	65	1864
DA1.scaffolds.fasta.supercontigs.fna	GCA_943327835.2_HRS-HS3-bin-137_genomic.fna	75.8747	56	1864
DA1.scaffolds.fasta.supercontigs.fna	GCA_945947575.1_AH-24oct19-21_genomic.fna	75.7984	65	1864
DA1.scaffolds.fasta.supercontigs.fna	GCA_943330815.1_HRSG-E2-bin-116_genomic.fna	75.7367	51	1864
DA1.scaffolds.fasta.supercontigs.fna	GCA_945901195.1_MsH-01oct19-321_genomic.fna	75.704	53	1864
DA1.scaffolds.fasta.supercontigs.fna	GCA_943324965.2_HRS-ES7-bin-7_genomic.fna	75.7029	53	1864
DA1.scaffolds.fasta.supercontigs.fna	GCA_943333905.1_HRSG-H1-bin-2_genomic.fna	75.6587	55	1864
DA1.scaffolds.fasta.supercontigs.fna	GCA_945903635.1_TrH-03may19-24_genomic.fna	75.6402	106	1864
DA1.scaffolds.fasta.supercontigs.fna	GCA_945874135.1_MiH-16apr19-8_genomic.fna	75.5509	56	1864
DA1.scaffolds.fasta.supercontigs.fna	GCA_945860365.1_GE-03apr19-227_genomic.fna	75.5028	68	1864
DA1.scaffolds.fasta.supercontigs.fna	GCA_945860095.1_AH-24oct19-206_genomic.fna	75.4988	59	1864
DA1.scaffolds.fasta.supercontigs.fna	GCA_945861155.1_MaH-04nov19-103_genomic.fna	75.4958	70	1864
DA1.scaffolds.fasta.supercontigs.fna	GCA_945871425.1_TH-08apr19-116_genomic.fna	75.49	72	1864
DA1.scaffolds.fasta.supercontigs.fna	GCA_945876255.1_ZH-03apr19-283_genomic.fna	75.4835	130	1864
DA1.scaffolds.fasta.supercontigs.fna	GCA_945861615.1_ME-08apr19-148_genomic.fna	75.4393	89	1864
DA1.scaffolds.fasta.supercontigs.fna	GCA_945892755.1_MaH-04nov19-276_genomic.fna	75.307	64	1864
DAN6.scaffolds.fasta.supercontigs.fna	DAN6.scaffolds.fasta.supercontigs.fna	100	1828	1832
DAN6.scaffolds.fasta.supercontigs.fna	GCA_000949865.1_ASM94986v1_genomic.fna	97.8137	1519	1832
DAN6.scaffolds.fasta.supercontigs.fna	GCA_036596185.1_ASM3659618v1_genomic.fna	97.23	1537	1832
DAN6.scaffolds.fasta.supercontigs.fna	GCA_030757975.1_ASM3075797v1_genomic.fna	90.954	1346	1832
DAN6.scaffolds.fasta.supercontigs.fna	GCA_029909835.1_ASM2990983v1_genomic.fna	90.9361	1335	1832
DAN6.scaffolds.fasta.supercontigs.fna	GCA_000949895.1_ASM94989v1_genomic.fna	90.8936	1349	1832
DAN6.scaffolds.fasta.supercontigs.fna	NCPPB4602_scaffolds.fasta.supercontigs.fna	90.85	1356	1832
DAN6.scaffolds.fasta.supercontigs.fna	GCA_006517835.1_ASM651783v1_genomic.fna	90.3041	913	1832
DAN6.scaffolds.fasta.supercontigs.fna	GCA_900215635.1_IMG-taxon_2619618868_annotated_assembly_genomic.fna	90.1761	1387	1832
DAN6.scaffolds.fasta.supercontigs.fna	GCA_900215255.1_IMG-taxon_2617270923_annotated_assembly_genomic.fna	90.1652	1388	1832
DAN6.scaffolds.fasta.supercontigs.fna	GCA_029909905.1_ASM2990990v1_genomic.fna	90.1467	1381	1832
DAN6.scaffolds.fasta.supercontigs.fna	GCA_030550875.1_ASM3055087v1_genomic.fna	90.1423	1387	1832
DAN6.scaffolds.fasta.supercontigs.fna	GCA_009498535.1_ASM949853v1_genomic.fna	90.138	1405	1832
DAN6.scaffolds.fasta.supercontigs.fna	GCA_030757915.1_ASM3075791v1_genomic.fna	90.1307	1387	1832
DAN6.scaffolds.fasta.supercontigs.fna	GCA_030757985.1_ASM3075798v1_genomic.fna	90.1148	1398	1832
DAN6.scaffolds.fasta.supercontigs.fna	GCA_030865405.1_ASM3086540v1_genomic.fna	90.1139	1392	1832
DAN6.scaffolds.fasta.supercontigs.fna	GCA_013318255.2_ASM1331825v2_genomic.fna	90.1132	1393	1832
DAN6.scaffolds.fasta.supercontigs.fna	GCA_001427205.1_Root491_genomic.fna	90.1074	1371	1832
DAN6.scaffolds.fasta.supercontigs.fna	GCA_013318215.1_ASM1331821v1_genomic.fna	90.0949	1402	1832
DAN6.scaffolds.fasta.supercontigs.fna	GCA_030757945.1_ASM3075794v1_genomic.fna	90.0869	1405	1832
DAN6.scaffolds.fasta.supercontigs.fna	GCA_013318235.1_ASM1331823v1_genomic.fna	90.0811	1408	1832
DAN6.scaffolds.fasta.supercontigs.fna	GCA_008501985.1_ASM850198v1_genomic.fna	90.0517	1373	1832
DAN6.scaffolds.fasta.supercontigs.fna	GCA_031323645.1_ASM3132364v1_genomic.fna	90.0435	1387	1832
DAN6.scaffolds.fasta.supercontigs.fna	GCA_013317895.1_ASM1331789v1_genomic.fna	90.0415	1393	1832
DAN6.scaffolds.fasta.supercontigs.fna	GCA_030818995.1_ASM3081899v1_genomic.fna	90.0245	1398	1832
DAN6.scaffolds.fasta.supercontigs.fna	GCA_013317965.2_ASM1331796v2_genomic.fna	90.0205	1372	1832
DAN6.scaffolds.fasta.supercontigs.fna	GCA_030758035.1_ASM3075803v1_genomic.fna	90.0126	1400	1832
DAN6.scaffolds.fasta.supercontigs.fna	GCA_009649785.1_ASM964978v1_genomic.fna	90.0125	1362	1832
DAN6.scaffolds.fasta.supercontigs.fna	GCA_034651525.1_ASM3465152v1_genomic.fna	90.0101	1383	1832
DAN6.scaffolds.fasta.supercontigs.fna	GCA_007002775.1_ASM700277v1_genomic.fna	90.0093	1389	1832
DAN6.scaffolds.fasta.supercontigs.fna	GCA_024170775.1_ASM2417077v1_genomic.fna	90.0041	1382	1832
DAN6.scaffolds.fasta.supercontigs.fna	GCA_001692275.2_ASM169227v2_genomic.fna	89.995	1385	1832
DAN6.scaffolds.fasta.supercontigs.fna	GCA_900039255.1_AHY_PRJEB12180_v1_genomic.fna	89.9938	1396	1832
DAN6.scaffolds.fasta.supercontigs.fna	GCA_013318425.1_ASM1331842v1_genomic.fna	89.9936	1385	1832
DAN6.scaffolds.fasta.supercontigs.fna	GCA_004012045.1_ASM401204v1_genomic.fna	89.9833	1399	1832
DAN6.scaffolds.fasta.supercontigs.fna	GCA_003666425.1_ASM366642v1_genomic.fna	89.9828	1376	1832
DAN6.scaffolds.fasta.supercontigs.fna	GCA_013317865.2_ASM1331786v2_genomic.fna	89.9821	1367	1832
DAN6.scaffolds.fasta.supercontigs.fna	GCA_030804045.1_ASM3080404v1_genomic.fna	89.9817	1407	1832
DAN6.scaffolds.fasta.supercontigs.fna	GCA_013317915.1_ASM1331791v1_genomic.fna	89.9816	1395	1832
DAN6.scaffolds.fasta.supercontigs.fna	GCA_030758015.1_ASM3075801v1_genomic.fna	89.9795	1391	1832
DAN6.scaffolds.fasta.supercontigs.fna	GCA_013337085.1_ASM1333708v1_genomic.fna	89.9792	1401	1832
DAN6.scaffolds.fasta.supercontigs.fna	GCA_013317845.1_ASM1331784v1_genomic.fna	89.9751	1379	1832
DAN6.scaffolds.fasta.supercontigs.fna	GCA_001950375.1_TBD182_assembly01_genomic.fna	89.9731	1377	1832
DAN6.scaffolds.fasta.supercontigs.fna	GCA_013317575.1_ASM1331757v1_genomic.fna	89.9718	1390	1832
DAN6.scaffolds.fasta.supercontigs.fna	GCA_013318335.2_ASM1331833v2_genomic.fna	89.9718	1377	1832
DAN6.scaffolds.fasta.supercontigs.fna	GCA_000439225.1_AtWRT31V1.0_genomic.fna	89.9657	1408	1832
DAN6.scaffolds.fasta.supercontigs.fna	GCA_017897985.1_ASM1789798v1_genomic.fna	89.9645	1381	1832
DAN6.scaffolds.fasta.supercontigs.fna	GCA_033957665.1_ASM3395766v1_genomic.fna	89.9633	1380	1832
DAN6.scaffolds.fasta.supercontigs.fna	GCA_013320455.1_ASM1332045v1_genomic.fna	89.9594	1377	1832
DAN6.scaffolds.fasta.supercontigs.fna	GCA_017584185.1_ASM1758418v1_genomic.fna	89.9583	1379	1832
DAN6.scaffolds.fasta.supercontigs.fna	GCA_008501925.1_ASM850192v1_genomic.fna	89.9582	1392	1832
DAN6.scaffolds.fasta.supercontigs.fna	GCA_000381165.1_ASM38116v1_genomic.fna	89.9571	1369	1832
DAN6.scaffolds.fasta.supercontigs.fna	GCA_001975795.1_ASM197579v1_genomic.fna	89.9559	1379	1832
DAN6.scaffolds.fasta.supercontigs.fna	GCA_019355535.1_ASM1935553v1_genomic.fna	89.954	1378	1832
DAN6.scaffolds.fasta.supercontigs.fna	GCA_000442985.1_AtP4V1.0_genomic.fna	89.9539	1409	1832
DAN6.scaffolds.fasta.supercontigs.fna	GCA_013320545.1_ASM1332054v1_genomic.fna	89.9536	1378	1832
DAN6.scaffolds.fasta.supercontigs.fna	GCA_900014385.1_AHY_PRJEB12181_v1_genomic.fna	89.9524	1373	1832
DAN6.scaffolds.fasta.supercontigs.fna	GCA_013319045.1_ASM1331904v1_genomic.fna	89.952	1363	1832
DAN6.scaffolds.fasta.supercontigs.fna	GCA_001692265.2_ASM169226v2_genomic.fna	89.9498	1395	1832
DAN6.scaffolds.fasta.supercontigs.fna	GCA_013319165.1_ASM1331916v1_genomic.fna	89.9475	1396	1832
DAN6.scaffolds.fasta.supercontigs.fna	GCA_001692195.1_ASM169219v1_genomic.fna	89.947	1399	1832
DAN6.scaffolds.fasta.supercontigs.fna	GCA_030757935.1_ASM3075793v1_genomic.fna	89.9458	1402	1832
DAN6.scaffolds.fasta.supercontigs.fna	GCA_013317515.1_ASM1331751v1_genomic.fna	89.9458	1387	1832
DAN6.scaffolds.fasta.supercontigs.fna	GCA_013320385.1_ASM1332038v1_genomic.fna	89.944	1388	1832
DAN6.scaffolds.fasta.supercontigs.fna	GCA_013320305.1_ASM1332030v1_genomic.fna	89.9426	1383	1832
DAN6.scaffolds.fasta.supercontigs.fna	GCA_013320495.1_ASM1332049v1_genomic.fna	89.941	1376	1832
DAN6.scaffolds.fasta.supercontigs.fna	GCA_013320405.1_ASM1332040v1_genomic.fna	89.9407	1380	1832
DAN6.scaffolds.fasta.supercontigs.fna	GCA_000192635.1_ASM19263v1_genomic.fna	89.9397	1403	1832
DAN6.scaffolds.fasta.supercontigs.fna	GCA_013318155.1_ASM1331815v1_genomic.fna	89.9393	1390	1832
DAN6.scaffolds.fasta.supercontigs.fna	GCA_013320775.1_ASM1332077v1_genomic.fna	89.9386	1384	1832
DAN6.scaffolds.fasta.supercontigs.fna	GCA_013318315.1_ASM1331831v1_genomic.fna	89.936	1378	1832
DAN6.scaffolds.fasta.supercontigs.fna	GCA_013320465.1_ASM1332046v1_genomic.fna	89.9346	1381	1832
DAN6.scaffolds.fasta.supercontigs.fna	GCA_013305205.1_ASM1330520v1_genomic.fna	89.9334	1389	1832
DAN6.scaffolds.fasta.supercontigs.fna	GCA_013317955.1_ASM1331795v1_genomic.fna	89.9328	1389	1832
DAN6.scaffolds.fasta.supercontigs.fna	GCA_001692425.1_ASM169242v1_genomic.fna	89.9309	1378	1832
DAN6.scaffolds.fasta.supercontigs.fna	GCA_013319035.1_ASM1331903v1_genomic.fna	89.9309	1377	1832
DAN6.scaffolds.fasta.supercontigs.fna	GCA_013318025.1_ASM1331802v1_genomic.fna	89.9272	1396	1832
DAN6.scaffolds.fasta.supercontigs.fna	GCA_013317755.1_ASM1331775v1_genomic.fna	89.926	1382	1832
DAN6.scaffolds.fasta.supercontigs.fna	GCA_000971565.1_ASM97156v1_genomic.fna	89.9226	1403	1832
DAN6.scaffolds.fasta.supercontigs.fna	GCA_013317815.1_ASM1331781v1_genomic.fna	89.9208	1410	1832
DAN6.scaffolds.fasta.supercontigs.fna	GCA_013320435.1_ASM1332043v1_genomic.fna	89.9198	1389	1832
DAN6.scaffolds.fasta.supercontigs.fna	GCA_013317625.1_ASM1331762v1_genomic.fna	89.9189	1392	1832
DAN6.scaffolds.fasta.supercontigs.fna	GCA_013319115.1_ASM1331911v1_genomic.fna	89.9165	1398	1832
DAN6.scaffolds.fasta.supercontigs.fna	GCA_013320245.1_ASM1332024v1_genomic.fna	89.9151	1389	1832
DAN6.scaffolds.fasta.supercontigs.fna	GCA_000576515.1_ASM57651v1_genomic.fna	89.9143	1390	1832
DAN6.scaffolds.fasta.supercontigs.fna	GCA_030803465.1_ASM3080346v1_genomic.fna	89.9134	1377	1832
DAN6.scaffolds.fasta.supercontigs.fna	GCA_013319125.1_ASM1331912v1_genomic.fna	89.9088	1387	1832
DAN6.scaffolds.fasta.supercontigs.fna	GCA_000236125.2_ASM23612v2_genomic.fna	89.907	1407	1832
DAN6.scaffolds.fasta.supercontigs.fna	GCA_013319145.1_ASM1331914v1_genomic.fna	89.907	1386	1832
DAN6.scaffolds.fasta.supercontigs.fna	GCA_025560265.1_ASM2556026v1_genomic.fna	89.9044	1373	1832
DAN6.scaffolds.fasta.supercontigs.fna	GCA_001692365.1_ASM169236v1_genomic.fna	89.9016	1389	1832
DAN6.scaffolds.fasta.supercontigs.fna	GCA_013319235.1_ASM1331923v1_genomic.fna	89.8966	1391	1832
DAN6.scaffolds.fasta.supercontigs.fna	GCA_013319155.1_ASM1331915v1_genomic.fna	89.8965	1396	1832
DAN6.scaffolds.fasta.supercontigs.fna	GCA_017741765.1_ASM1774176v1_genomic.fna	89.8957	1373	1832
DAN6.scaffolds.fasta.supercontigs.fna	GCA_013320515.1_ASM1332051v1_genomic.fna	89.8949	1384	1832
DAN6.scaffolds.fasta.supercontigs.fna	GCA_013318065.1_ASM1331806v1_genomic.fna	89.8947	1403	1832
DAN6.scaffolds.fasta.supercontigs.fna	GCA_013320575.1_ASM1332057v1_genomic.fna	89.8937	1381	1832
DAN6.scaffolds.fasta.supercontigs.fna	GCA_013318015.2_ASM1331801v2_genomic.fna	89.893	1413	1832
DAN6.scaffolds.fasta.supercontigs.fna	GCA_013319065.1_ASM1331906v1_genomic.fna	89.8921	1395	1832
DAN6.scaffolds.fasta.supercontigs.fna	GCA_013319215.1_ASM1331921v1_genomic.fna	89.8919	1390	1832
DAN6.scaffolds.fasta.supercontigs.fna	GCA_013319225.1_ASM1331922v1_genomic.fna	89.8912	1395	1832
DAN6.scaffolds.fasta.supercontigs.fna	GCA_013320375.1_ASM1332037v1_genomic.fna	89.8907	1397	1832
DAN6.scaffolds.fasta.supercontigs.fna	GCA_013318965.1_ASM1331896v1_genomic.fna	89.8897	1378	1832
DAN6.scaffolds.fasta.supercontigs.fna	GCA_013317525.1_ASM1331752v1_genomic.fna	89.8892	1398	1832
DAN6.scaffolds.fasta.supercontigs.fna	GCA_013318125.2_ASM1331812v2_genomic.fna	89.8888	1399	1832
DAN6.scaffolds.fasta.supercontigs.fna	GCA_013320335.1_ASM1332033v1_genomic.fna	89.888	1392	1832
DAN6.scaffolds.fasta.supercontigs.fna	GCA_025559825.1_ASM2555982v1_genomic.fna	89.8861	1400	1832
DAN6.scaffolds.fasta.supercontigs.fna	GCA_013318185.1_ASM1331818v1_genomic.fna	89.8854	1390	1832
DAN6.scaffolds.fasta.supercontigs.fna	GCA_013320295.1_ASM1332029v1_genomic.fna	89.884	1399	1832
DAN6.scaffolds.fasta.supercontigs.fna	GCA_013319245.1_ASM1331924v1_genomic.fna	89.8835	1407	1832
DAN6.scaffolds.fasta.supercontigs.fna	GCA_003666465.1_ASM366646v1_genomic.fna	89.8791	1385	1832
DAN6.scaffolds.fasta.supercontigs.fna	GCA_013320795.1_ASM1332079v1_genomic.fna	89.8776	1387	1832
DAN6.scaffolds.fasta.supercontigs.fna	GCA_016403145.1_ASM1640314v1_genomic.fna	89.8717	1391	1832
DAN6.scaffolds.fasta.supercontigs.fna	GCA_013320345.1_ASM1332034v1_genomic.fna	89.8693	1396	1832
DAN6.scaffolds.fasta.supercontigs.fna	GCA_013318285.1_ASM1331828v1_genomic.fna	89.8668	1403	1832
DAN6.scaffolds.fasta.supercontigs.fna	GCA_025560705.1_ASM2556070v1_genomic.fna	89.8609	1410	1832
DAN6.scaffolds.fasta.supercontigs.fna	GCA_007828365.1_ASM782836v1_genomic.fna	89.859	1383	1832
DAN6.scaffolds.fasta.supercontigs.fna	GCA_013318055.2_ASM1331805v2_genomic.fna	89.8542	1407	1832
DAN6.scaffolds.fasta.supercontigs.fna	GCA_003667925.1_ASM366792v1_genomic.fna	89.8526	1404	1832
DAN6.scaffolds.fasta.supercontigs.fna	GCA_011684035.1_ASM1168403v1_genomic.fna	89.8521	1393	1832
DAN6.scaffolds.fasta.supercontigs.fna	GCA_013318955.1_ASM1331895v1_genomic.fna	89.8295	1396	1832
DAN6.scaffolds.fasta.supercontigs.fna	GCA_900012575.1_AHY_PRJEB12182_v1_genomic.fna	89.8261	1408	1832
DAN6.scaffolds.fasta.supercontigs.fna	GCA_025560605.1_ASM2556060v1_genomic.fna	89.7899	1410	1832
DAN6.scaffolds.fasta.supercontigs.fna	GCA_013318975.1_ASM1331897v1_genomic.fna	89.7847	1403	1832
DAN6.scaffolds.fasta.supercontigs.fna	GCA_032104135.1_ASM3210413v1_genomic.fna	89.7217	1204	1832
DAN6.scaffolds.fasta.supercontigs.fna	GCA_025910175.1_ASM2591017v1_genomic.fna	89.7012	1295	1832
DAN6.scaffolds.fasta.supercontigs.fna	GCA_963525105.1_ERR9968974_bin.13_MetaWRAP_v1.3_MAG_genomic.fna	89.677	1277	1832
DAN6.scaffolds.fasta.supercontigs.fna	GCA_005221445.1_ASM522144v1_genomic.fna	89.6674	1302	1832
DAN6.scaffolds.fasta.supercontigs.fna	GCA_018873185.1_ASM1887318v1_genomic.fna	89.6485	1287	1832
DAN6.scaffolds.fasta.supercontigs.fna	GCA_900012595.1_AHY_PRJEB12189_v1_genomic.fna	89.648	1305	1832
DAN6.scaffolds.fasta.supercontigs.fna	GCA_002454155.1_ASM245415v1_genomic.fna	89.6226	1182	1832
DAN6.scaffolds.fasta.supercontigs.fna	GCA_002453905.1_ASM245390v1_genomic.fna	89.6221	1241	1832
DAN6.scaffolds.fasta.supercontigs.fna	GCA_000219665.2_ASM21966v2_genomic.fna	89.5979	1307	1832
DAN6.scaffolds.fasta.supercontigs.fna	GCA_010669145.1_ASM1066914v1_genomic.fna	89.5868	1313	1832
DAN6.scaffolds.fasta.supercontigs.fna	GCA_034519725.1_ASM3451972v1_genomic.fna	89.5786	879	1832
DAN6.scaffolds.fasta.supercontigs.fna	GCA_030505215.1_ASM3050521v1_genomic.fna	89.5676	1305	1832
DAN6.scaffolds.fasta.supercontigs.fna	GCA_005221465.1_ASM522146v1_genomic.fna	89.5386	1320	1832
DAN6.scaffolds.fasta.supercontigs.fna	GCA_003541435.1_ASM354143v1_genomic.fna	89.4884	1139	1832
DAN6.scaffolds.fasta.supercontigs.fna	DA1.scaffolds.fasta.supercontigs.fna	89.0632	1428	1832
DAN6.scaffolds.fasta.supercontigs.fna	GCA_900012615.1_AHY_PRJEB12196_v1_genomic.fna	88.9366	1326	1832
DAN6.scaffolds.fasta.supercontigs.fna	GCA_025560025.1_ASM2556002v1_genomic.fna	88.8725	1312	1832
DAN6.scaffolds.fasta.supercontigs.fna	GCA_003509855.1_ASM350985v1_genomic.fna	88.8509	906	1832
DAN6.scaffolds.fasta.supercontigs.fna	GCA_000723345.1_AGROS2_V1_genomic.fna	88.8294	1319	1832
DAN6.scaffolds.fasta.supercontigs.fna	GCA_003517425.1_ASM351742v1_genomic.fna	88.8212	687	1832
DAN6.scaffolds.fasta.supercontigs.fna	GCA_006757705.1_ASM675770v1_genomic.fna	88.768	1337	1832
DAN6.scaffolds.fasta.supercontigs.fna	GCA_014198455.1_ASM1419845v1_genomic.fna	88.535	1306	1832
DAN6.scaffolds.fasta.supercontigs.fna	GCA_014198505.1_ASM1419850v1_genomic.fna	88.5309	1306	1832
DAN6.scaffolds.fasta.supercontigs.fna	GCA_014198435.1_ASM1419843v1_genomic.fna	88.5293	1304	1832
DAN6.scaffolds.fasta.supercontigs.fna	GCA_014197895.1_ASM1419789v1_genomic.fna	88.5264	1311	1832
DAN6.scaffolds.fasta.supercontigs.fna	GCA_000384555.1_ASM38455v1_genomic.fna	88.5069	1272	1832
DAN6.scaffolds.fasta.supercontigs.fna	GCA_013320715.1_ASM1332071v1_genomic.fna	88.4981	1307	1832
DAN6.scaffolds.fasta.supercontigs.fna	GCA_004766495.1_ASM476649v1_genomic.fna	88.4891	1309	1832
DAN6.scaffolds.fasta.supercontigs.fna	GCA_014198065.1_ASM1419806v1_genomic.fna	88.4852	1316	1832
DAN6.scaffolds.fasta.supercontigs.fna	GCA_900188475.1_IMG-taxon_2521172559_annotated_assembly_genomic.fna	88.484	1298	1832
DAN6.scaffolds.fasta.supercontigs.fna	GCA_900011755.1_AHY_PRJEB12188_v1_genomic.fna	88.4741	1302	1832
DAN6.scaffolds.fasta.supercontigs.fna	GCA_014489975.1_ASM1448997v1_genomic.fna	88.4729	1312	1832
DAN6.scaffolds.fasta.supercontigs.fna	GCA_019969915.1_ASM1996991v1_genomic.fna	88.4724	1326	1832
DAN6.scaffolds.fasta.supercontigs.fna	GCA_027157905.1_ASM2715790v1_genomic.fna	88.4636	1328	1832
DAN6.scaffolds.fasta.supercontigs.fna	GCA_030643885.1_ASM3064388v1_genomic.fna	88.4605	1325	1832
DAN6.scaffolds.fasta.supercontigs.fna	GCA_000482285.1_ASM48228v1_genomic.fna	88.4594	1309	1832
DAN6.scaffolds.fasta.supercontigs.fna	GCA_003031125.1_ASM303112v1_genomic.fna	88.4563	1328	1832
DAN6.scaffolds.fasta.supercontigs.fna	GCA_014200255.1_ASM1420025v1_genomic.fna	88.4478	1322	1832
DAN6.scaffolds.fasta.supercontigs.fna	GCA_003667905.1_ASM366790v1_genomic.fna	88.4463	1323	1832
DAN6.scaffolds.fasta.supercontigs.fna	GCA_013358225.1_ASM1335822v1_genomic.fna	88.4382	1302	1832
DAN6.scaffolds.fasta.supercontigs.fna	GCA_004766515.1_ASM476651v1_genomic.fna	88.4359	1333	1832
DAN6.scaffolds.fasta.supercontigs.fna	GCA_031455075.1_ASM3145507v1_genomic.fna	88.4327	1320	1832
DAN6.scaffolds.fasta.supercontigs.fna	GCA_013317565.1_ASM1331756v1_genomic.fna	88.4319	1330	1832
DAN6.scaffolds.fasta.supercontigs.fna	GCA_004005385.1_ASM400538v1_genomic.fna	88.4313	1336	1832
DAN6.scaffolds.fasta.supercontigs.fna	GCA_001526565.1_ASM152656v1_genomic.fna	88.425	1327	1832
DAN6.scaffolds.fasta.supercontigs.fna	GCA_014198255.1_ASM1419825v1_genomic.fna	88.4249	1335	1832
DAN6.scaffolds.fasta.supercontigs.fna	GCA_001526585.1_ASM152658v1_genomic.fna	88.4241	1321	1832
DAN6.scaffolds.fasta.supercontigs.fna	GCA_943372685.1_JJ-MAC3-364-2-mx-bin660_genomic.fna	88.4237	1314	1832
DAN6.scaffolds.fasta.supercontigs.fna	GCA_002179795.1_ASM217979v1_genomic.fna	88.4233	1327	1832
DAN6.scaffolds.fasta.supercontigs.fna	GCA_008370655.1_ASM837065v1_genomic.fna	88.4227	1322	1832
DAN6.scaffolds.fasta.supercontigs.fna	GCA_001526505.1_ASM152650v1_genomic.fna	88.4221	1312	1832
DAN6.scaffolds.fasta.supercontigs.fna	GCA_027498395.1_ASM2749839v1_genomic.fna	88.4211	1362	1832
DAN6.scaffolds.fasta.supercontigs.fna	GCA_900012585.1_AHY_PRJEB12191_v1_genomic.fna	88.4198	1342	1832
DAN6.scaffolds.fasta.supercontigs.fna	GCA_003610845.1_ASM361084v1_genomic.fna	88.4174	1313	1832
DAN6.scaffolds.fasta.supercontigs.fna	GCA_013317615.2_ASM1331761v2_genomic.fna	88.4147	1328	1832
DAN6.scaffolds.fasta.supercontigs.fna	GCA_025560345.1_ASM2556034v1_genomic.fna	88.4139	1343	1832
DAN6.scaffolds.fasta.supercontigs.fna	GCA_001526525.1_ASM152652v1_genomic.fna	88.4054	1325	1832
DAN6.scaffolds.fasta.supercontigs.fna	GCA_013317535.1_ASM1331753v1_genomic.fna	88.405	1337	1832
DAN6.scaffolds.fasta.supercontigs.fna	GCA_025560085.1_ASM2556008v1_genomic.fna	88.4005	1339	1832
DAN6.scaffolds.fasta.supercontigs.fna	GCA_025560305.1_ASM2556030v1_genomic.fna	88.3987	1335	1832
DAN6.scaffolds.fasta.supercontigs.fna	GCA_005144435.2_ASM514443v2_genomic.fna	88.3978	1351	1832
DAN6.scaffolds.fasta.supercontigs.fna	GCA_001526545.1_ASM152654v1_genomic.fna	88.3969	1325	1832
DAN6.scaffolds.fasta.supercontigs.fna	GCA_026184195.1_ASM2618419v1_genomic.fna	88.3968	1327	1832
DAN6.scaffolds.fasta.supercontigs.fna	GCA_009498585.1_ASM949858v1_genomic.fna	88.3963	1321	1832
DAN6.scaffolds.fasta.supercontigs.fna	GCA_004342365.1_ASM434236v1_genomic.fna	88.396	1341	1832
DAN6.scaffolds.fasta.supercontigs.fna	GCA_000233975.2_ASM23397v2_genomic.fna	88.3958	1314	1832
DAN6.scaffolds.fasta.supercontigs.fna	GCA_015704895.1_ASM1570489v1_genomic.fna	88.3941	1334	1832
DAN6.scaffolds.fasta.supercontigs.fna	GCA_017877085.1_ASM1787708v1_genomic.fna	88.3929	1346	1832
DAN6.scaffolds.fasta.supercontigs.fna	GCA_017877155.1_ASM1787715v1_genomic.fna	88.3914	1336	1832
DAN6.scaffolds.fasta.supercontigs.fna	GCA_036914755.1_ASM3691475v1_genomic.fna	88.3905	1324	1832
DAN6.scaffolds.fasta.supercontigs.fna	GCA_013317715.2_ASM1331771v2_genomic.fna	88.3902	1348	1832
DAN6.scaffolds.fasta.supercontigs.fna	GCA_013317925.1_ASM1331792v1_genomic.fna	88.3864	1311	1832
DAN6.scaffolds.fasta.supercontigs.fna	GCA_002591665.3_ASM259166v3_genomic.fna	88.3856	1340	1832
DAN6.scaffolds.fasta.supercontigs.fna	GCA_019775675.1_ASM1977567v1_genomic.fna	88.3803	1314	1832
DAN6.scaffolds.fasta.supercontigs.fna	GCA_013319015.1_ASM1331901v1_genomic.fna	88.3796	1311	1832
DAN6.scaffolds.fasta.supercontigs.fna	GCA_025560445.1_ASM2556044v1_genomic.fna	88.3774	1339	1832
DAN6.scaffolds.fasta.supercontigs.fna	GCA_017877285.1_ASM1787728v1_genomic.fna	88.3771	1355	1832
DAN6.scaffolds.fasta.supercontigs.fna	GCA_025560285.1_ASM2556028v1_genomic.fna	88.3769	1340	1832
DAN6.scaffolds.fasta.supercontigs.fna	GCA_013319085.1_ASM1331908v1_genomic.fna	88.3769	1315	1832
DAN6.scaffolds.fasta.supercontigs.fna	GCA_025560405.1_ASM2556040v1_genomic.fna	88.3765	1340	1832
DAN6.scaffolds.fasta.supercontigs.fna	GCA_025560585.1_ASM2556058v1_genomic.fna	88.3753	1341	1832
DAN6.scaffolds.fasta.supercontigs.fna	GCA_017877095.1_ASM1787709v1_genomic.fna	88.3741	1345	1832
DAN6.scaffolds.fasta.supercontigs.fna	GCA_017877075.1_ASM1787707v1_genomic.fna	88.374	1341	1832
DAN6.scaffolds.fasta.supercontigs.fna	GCA_001526605.1_ASM152660v1_genomic.fna	88.3734	1282	1832
DAN6.scaffolds.fasta.supercontigs.fna	GCA_025559885.1_ASM2555988v1_genomic.fna	88.3732	1330	1832
DAN6.scaffolds.fasta.supercontigs.fna	GCA_017877245.1_ASM1787724v1_genomic.fna	88.3715	1374	1832
DAN6.scaffolds.fasta.supercontigs.fna	GCA_026184315.1_ASM2618431v1_genomic.fna	88.3714	1334	1832
DAN6.scaffolds.fasta.supercontigs.fna	GCA_022760295.1_ASM2276029v1_genomic.fna	88.3707	1349	1832
DAN6.scaffolds.fasta.supercontigs.fna	GCA_030811615.1_ASM3081161v1_genomic.fna	88.3694	1357	1832
DAN6.scaffolds.fasta.supercontigs.fna	GCA_006970545.1_ASM697054v1_genomic.fna	88.3666	1345	1832
DAN6.scaffolds.fasta.supercontigs.fna	GCA_013320685.1_ASM1332068v1_genomic.fna	88.3659	1299	1832
DAN6.scaffolds.fasta.supercontigs.fna	GCA_963360635.1_AR_v2_genomic.fna	88.3645	1354	1832
DAN6.scaffolds.fasta.supercontigs.fna	GCA_025560045.1_ASM2556004v1_genomic.fna	88.3642	1357	1832
DAN6.scaffolds.fasta.supercontigs.fna	GCA_025559945.1_ASM2555994v1_genomic.fna	88.3641	1333	1832
DAN6.scaffolds.fasta.supercontigs.fna	GCA_900013505.1_AHY_PRJEB12192_v1_genomic.fna	88.3628	1318	1832
DAN6.scaffolds.fasta.supercontigs.fna	GCA_900013515.1_AHY_PRJEB12193_v1_genomic.fna	88.3619	1340	1832
DAN6.scaffolds.fasta.supercontigs.fna	GCA_025560005.1_ASM2556000v1_genomic.fna	88.3614	1323	1832
DAN6.scaffolds.fasta.supercontigs.fna	GCA_011684005.1_ASM1168400v1_genomic.fna	88.3586	1360	1832
DAN6.scaffolds.fasta.supercontigs.fna	GCA_030812225.1_ASM3081222v1_genomic.fna	88.3571	1350	1832
DAN6.scaffolds.fasta.supercontigs.fna	GCA_025560685.1_ASM2556068v1_genomic.fna	88.3564	1344	1832
DAN6.scaffolds.fasta.supercontigs.fna	GCA_002008215.1_ASM200821v1_genomic.fna	88.3561	1345	1832
DAN6.scaffolds.fasta.supercontigs.fna	GCA_001541305.1_ASM154130v1_genomic.fna	88.3557	1358	1832
DAN6.scaffolds.fasta.supercontigs.fna	GCA_030811155.1_ASM3081115v1_genomic.fna	88.3528	1379	1832
DAN6.scaffolds.fasta.supercontigs.fna	GCA_027498535.1_ASM2749853v1_genomic.fna	88.3502	1335	1832
DAN6.scaffolds.fasta.supercontigs.fna	GCA_036914675.1_ASM3691467v1_genomic.fna	88.3496	1345	1832
DAN6.scaffolds.fasta.supercontigs.fna	GCA_025560205.1_ASM2556020v1_genomic.fna	88.3494	1343	1832
DAN6.scaffolds.fasta.supercontigs.fna	GCA_025560225.1_ASM2556022v1_genomic.fna	88.3491	1343	1832
DAN6.scaffolds.fasta.supercontigs.fna	GCA_004023565.1_ASM402356v1_genomic.fna	88.348	1338	1832
DAN6.scaffolds.fasta.supercontigs.fna	GCA_037198305.1_ASM3719830v1_genomic.fna	88.3475	1311	1832
DAN6.scaffolds.fasta.supercontigs.fna	GCA_025560465.1_ASM2556046v1_genomic.fna	88.3453	1354	1832
DAN6.scaffolds.fasta.supercontigs.fna	GCA_030209895.1_ASM3020989v1_genomic.fna	88.3445	1336	1832
DAN6.scaffolds.fasta.supercontigs.fna	GCA_013337285.1_ASM1333728v1_genomic.fna	88.3444	1318	1832
DAN6.scaffolds.fasta.supercontigs.fna	GCA_036914725.1_ASM3691472v1_genomic.fna	88.3441	1354	1832
DAN6.scaffolds.fasta.supercontigs.fna	GCA_005298145.1_ASM529814v1_genomic.fna	88.3434	1341	1832
DAN6.scaffolds.fasta.supercontigs.fna	GCA_009498615.1_ASM949861v1_genomic.fna	88.3431	1317	1832
DAN6.scaffolds.fasta.supercontigs.fna	GCA_014198165.1_ASM1419816v1_genomic.fna	88.3386	1360	1832
DAN6.scaffolds.fasta.supercontigs.fna	GCA_008801385.1_ASM880138v1_genomic.fna	88.3379	1366	1832
DAN6.scaffolds.fasta.supercontigs.fna	GCA_003350285.1_ASM335028v1_genomic.fna	88.3324	1330	1832
DAN6.scaffolds.fasta.supercontigs.fna	GCA_025560125.1_ASM2556012v1_genomic.fna	88.3313	1351	1832
DAN6.scaffolds.fasta.supercontigs.fna	GCA_025560545.1_ASM2556054v1_genomic.fna	88.3303	1343	1832
DAN6.scaffolds.fasta.supercontigs.fna	GCA_017877215.1_ASM1787721v1_genomic.fna	88.3302	1371	1832
DAN6.scaffolds.fasta.supercontigs.fna	GCA_034424685.1_ASM3442468v1_genomic.fna	88.3276	1329	1832
DAN6.scaffolds.fasta.supercontigs.fna	GCA_019969875.1_ASM1996987v1_genomic.fna	88.3271	1334	1832
DAN6.scaffolds.fasta.supercontigs.fna	GCA_014198395.1_ASM1419839v1_genomic.fna	88.3263	1360	1832
DAN6.scaffolds.fasta.supercontigs.fna	GCA_037083425.1_ASM3708342v1_genomic.fna	88.3212	1321	1832
DAN6.scaffolds.fasta.supercontigs.fna	GCA_030811185.1_ASM3081118v1_genomic.fna	88.3194	1388	1832
DAN6.scaffolds.fasta.supercontigs.fna	GCA_014198055.1_ASM1419805v1_genomic.fna	88.3157	1367	1832
DAN6.scaffolds.fasta.supercontigs.fna	GCA_000349865.1_Cherry1.0_genomic.fna	88.3154	1304	1832
DAN6.scaffolds.fasta.supercontigs.fna	GCA_017877235.1_ASM1787723v1_genomic.fna	88.3149	1374	1832
DAN6.scaffolds.fasta.supercontigs.fna	GCA_014198555.1_ASM1419855v1_genomic.fna	88.3095	1377	1832
DAN6.scaffolds.fasta.supercontigs.fna	GCA_014198595.1_ASM1419859v1_genomic.fna	88.3095	1372	1832
DAN6.scaffolds.fasta.supercontigs.fna	GCA_014198495.1_ASM1419849v1_genomic.fna	88.3012	1378	1832
DAN6.scaffolds.fasta.supercontigs.fna	GCA_031455515.1_ASM3145551v1_genomic.fna	88.2999	1360	1832
DAN6.scaffolds.fasta.supercontigs.fna	GCA_008501935.1_ASM850193v1_genomic.fna	88.299	1327	1832
DAN6.scaffolds.fasta.supercontigs.fna	GCA_003931535.1_ASM393153v1_genomic.fna	88.299	1325	1832
DAN6.scaffolds.fasta.supercontigs.fna	GCA_014198635.1_ASM1419863v1_genomic.fna	88.291	1368	1832
DAN6.scaffolds.fasta.supercontigs.fna	GCA_002008205.1_ASM200820v1_genomic.fna	88.2905	1310	1832
DAN6.scaffolds.fasta.supercontigs.fna	GCA_014197995.1_ASM1419799v1_genomic.fna	88.2893	1382	1832
DAN6.scaffolds.fasta.supercontigs.fna	GCA_027921015.1_ASM2792101v1_genomic.fna	88.2861	1303	1832
DAN6.scaffolds.fasta.supercontigs.fna	GCA_025560165.1_ASM2556016v1_genomic.fna	88.2794	1355	1832
DAN6.scaffolds.fasta.supercontigs.fna	GCA_007002845.1_ASM700284v1_genomic.fna	88.2769	1313	1832
DAN6.scaffolds.fasta.supercontigs.fna	GCA_000699125.1_genome_genomic.fna	88.2761	1175	1832
DAN6.scaffolds.fasta.supercontigs.fna	GCA_027921025.1_ASM2792102v1_genomic.fna	88.2743	1314	1832
DAN6.scaffolds.fasta.supercontigs.fna	GCA_027871605.1_ASM2787160v1_genomic.fna	88.2686	1309	1832
DAN6.scaffolds.fasta.supercontigs.fna	GCA_025560245.1_ASM2556024v1_genomic.fna	88.2661	1373	1832
DAN6.scaffolds.fasta.supercontigs.fna	GCA_003666445.1_ASM366644v1_genomic.fna	88.2604	1366	1832
DAN6.scaffolds.fasta.supercontigs.fna	GCA_029845325.1_ASM2984532v1_genomic.fna	88.2568	1272	1832
DAN6.scaffolds.fasta.supercontigs.fna	GCA_029840625.1_ASM2984062v1_genomic.fna	88.2526	1276	1832
DAN6.scaffolds.fasta.supercontigs.fna	GCA_001692405.1_ASM169240v1_genomic.fna	88.2515	1308	1832
DAN6.scaffolds.fasta.supercontigs.fna	GCA_037083465.1_ASM3708346v1_genomic.fna	88.2493	1357	1832
DAN6.scaffolds.fasta.supercontigs.fna	GCA_027460125.1_ASM2746012v1_genomic.fna	88.2469	1331	1832
DAN6.scaffolds.fasta.supercontigs.fna	GCA_013317995.1_ASM1331799v1_genomic.fna	88.2468	1325	1832
DAN6.scaffolds.fasta.supercontigs.fna	GCA_013320735.1_ASM1332073v1_genomic.fna	88.2436	1322	1832
DAN6.scaffolds.fasta.supercontigs.fna	GCA_013401495.1_ASM1340149v1_genomic.fna	88.2397	1365	1832
DAN6.scaffolds.fasta.supercontigs.fna	GCA_019511265.1_ASM1951126v1_genomic.fna	88.2395	1336	1832
DAN6.scaffolds.fasta.supercontigs.fna	GCA_001692245.1_ASM169224v1_genomic.fna	88.2373	1368	1832
DAN6.scaffolds.fasta.supercontigs.fna	GCA_024170835.1_ASM2417083v1_genomic.fna	88.2328	1374	1832
DAN6.scaffolds.fasta.supercontigs.fna	GCA_036888815.1_ASM3688881v1_genomic.fna	88.228	1369	1832
DAN6.scaffolds.fasta.supercontigs.fna	GCA_029845345.1_ASM2984534v1_genomic.fna	88.2275	1283	1832
DAN6.scaffolds.fasta.supercontigs.fna	GCA_017313405.1_ASM1731340v1_genomic.fna	88.2272	1319	1832
DAN6.scaffolds.fasta.supercontigs.fna	GCA_013318835.1_ASM1331883v1_genomic.fna	88.2257	1332	1832
DAN6.scaffolds.fasta.supercontigs.fna	GCA_029838325.1_ASM2983832v1_genomic.fna	88.2241	1271	1832
DAN6.scaffolds.fasta.supercontigs.fna	GCA_019969865.1_ASM1996986v1_genomic.fna	88.224	1377	1832
DAN6.scaffolds.fasta.supercontigs.fna	GCA_013320635.1_ASM1332063v1_genomic.fna	88.2235	1310	1832
DAN6.scaffolds.fasta.supercontigs.fna	GCA_017313365.1_ASM1731336v1_genomic.fna	88.2224	1314	1832
DAN6.scaffolds.fasta.supercontigs.fna	GCA_027460045.1_ASM2746004v1_genomic.fna	88.2217	1329	1832
DAN6.scaffolds.fasta.supercontigs.fna	GCA_013318115.1_ASM1331811v1_genomic.fna	88.2179	1393	1832
DAN6.scaffolds.fasta.supercontigs.fna	GCA_013318455.1_ASM1331845v1_genomic.fna	88.2167	1332	1832
DAN6.scaffolds.fasta.supercontigs.fna	GCA_013318385.1_ASM1331838v1_genomic.fna	88.2153	1350	1832
DAN6.scaffolds.fasta.supercontigs.fna	GCA_013320675.2_ASM1332067v2_genomic.fna	88.2148	1338	1832
DAN6.scaffolds.fasta.supercontigs.fna	GCA_013318555.1_ASM1331855v1_genomic.fna	88.2116	1327	1832
DAN6.scaffolds.fasta.supercontigs.fna	GCA_013318915.1_ASM1331891v1_genomic.fna	88.2099	1325	1832
DAN6.scaffolds.fasta.supercontigs.fna	GCA_027460005.1_ASM2746000v1_genomic.fna	88.208	1325	1832
DAN6.scaffolds.fasta.supercontigs.fna	GCA_900012605.1_AHY_PRJEB12186_v1_genomic.fna	88.2078	1369	1832
DAN6.scaffolds.fasta.supercontigs.fna	GCA_039594325.1_ASM3959432v1_genomic.fna	88.2032	1239	1832
DAN6.scaffolds.fasta.supercontigs.fna	GCA_029840685.1_ASM2984068v1_genomic.fna	88.2031	1280	1832
DAN6.scaffolds.fasta.supercontigs.fna	GCA_003208455.1_ASM320845v1_genomic.fna	88.2026	1331	1832
DAN6.scaffolds.fasta.supercontigs.fna	GCA_020218035.1_ASM2021803v1_genomic.fna	88.202	1328	1832
DAN6.scaffolds.fasta.supercontigs.fna	GCA_013318795.1_ASM1331879v1_genomic.fna	88.2007	1328	1832
DAN6.scaffolds.fasta.supercontigs.fna	GCA_013318895.1_ASM1331889v1_genomic.fna	88.2007	1331	1832
DAN6.scaffolds.fasta.supercontigs.fna	GCA_013318495.1_ASM1331849v1_genomic.fna	88.1999	1340	1832
DAN6.scaffolds.fasta.supercontigs.fna	GCA_029845425.1_ASM2984542v1_genomic.fna	88.1992	1292	1832
DAN6.scaffolds.fasta.supercontigs.fna	GCA_013318695.1_ASM1331869v1_genomic.fna	88.1977	1330	1832
DAN6.scaffolds.fasta.supercontigs.fna	GCA_032002345.1_ASM3200234v1_genomic.fna	88.1974	1287	1832
DAN6.scaffolds.fasta.supercontigs.fna	GCA_013318655.1_ASM1331865v1_genomic.fna	88.1956	1343	1832
DAN6.scaffolds.fasta.supercontigs.fna	GCA_900045375.1_AHY_PRJEB12187_v1_genomic.fna	88.191	1376	1832
DAN6.scaffolds.fasta.supercontigs.fna	GCA_013317795.1_ASM1331779v1_genomic.fna	88.1907	1388	1832
DAN6.scaffolds.fasta.supercontigs.fna	GCA_013320625.1_ASM1332062v1_genomic.fna	88.1902	1312	1832
DAN6.scaffolds.fasta.supercontigs.fna	GCA_001649535.1_ASM164953v1_genomic.fna	88.184	1338	1832
DAN6.scaffolds.fasta.supercontigs.fna	GCA_013318175.1_ASM1331817v1_genomic.fna	88.1834	1378	1832
DAN6.scaffolds.fasta.supercontigs.fna	GCA_001005815.2_ASM100581v2_genomic.fna	88.1829	1306	1832
DAN6.scaffolds.fasta.supercontigs.fna	GCA_013318515.1_ASM1331851v1_genomic.fna	88.1823	1333	1832
DAN6.scaffolds.fasta.supercontigs.fna	GCA_013318715.1_ASM1331871v1_genomic.fna	88.1819	1337	1832
DAN6.scaffolds.fasta.supercontigs.fna	GCA_013320235.1_ASM1332023v1_genomic.fna	88.1817	1343	1832
DAN6.scaffolds.fasta.supercontigs.fna	GCA_013318575.1_ASM1331857v1_genomic.fna	88.1815	1331	1832
DAN6.scaffolds.fasta.supercontigs.fna	GCA_013318725.1_ASM1331872v1_genomic.fna	88.18	1325	1832
DAN6.scaffolds.fasta.supercontigs.fna	GCA_013318815.1_ASM1331881v1_genomic.fna	88.1794	1334	1832
DAN6.scaffolds.fasta.supercontigs.fna	GCA_013318675.1_ASM1331867v1_genomic.fna	88.1752	1334	1832
DAN6.scaffolds.fasta.supercontigs.fna	GCA_027871645.1_ASM2787164v1_genomic.fna	88.1743	1354	1832
DAN6.scaffolds.fasta.supercontigs.fna	GCA_001263295.1_SUL3v1_genomic.fna	88.1717	1338	1832
DAN6.scaffolds.fasta.supercontigs.fna	GCA_013318585.1_ASM1331858v1_genomic.fna	88.1716	1333	1832
DAN6.scaffolds.fasta.supercontigs.fna	GCA_013318745.1_ASM1331874v1_genomic.fna	88.1716	1339	1832
DAN6.scaffolds.fasta.supercontigs.fna	GCA_013318505.1_ASM1331850v1_genomic.fna	88.1715	1328	1832
DAN6.scaffolds.fasta.supercontigs.fna	GCA_001541315.1_ASM154131v1_genomic.fna	88.1701	1372	1832
DAN6.scaffolds.fasta.supercontigs.fna	GCA_013318935.1_ASM1331893v1_genomic.fna	88.1698	1331	1832
DAN6.scaffolds.fasta.supercontigs.fna	GCA_013318475.1_ASM1331847v1_genomic.fna	88.1686	1325	1832
DAN6.scaffolds.fasta.supercontigs.fna	GCA_013320275.1_ASM1332027v1_genomic.fna	88.1667	1329	1832
DAN6.scaffolds.fasta.supercontigs.fna	GCA_005221425.1_ASM522142v1_genomic.fna	88.1664	1331	1832
DAN6.scaffolds.fasta.supercontigs.fna	GCA_013318845.1_ASM1331884v1_genomic.fna	88.1632	1332	1832
DAN6.scaffolds.fasta.supercontigs.fna	GCA_013318625.1_ASM1331862v1_genomic.fna	88.1623	1333	1832
DAN6.scaffolds.fasta.supercontigs.fna	GCA_013318875.1_ASM1331887v1_genomic.fna	88.1623	1339	1832
DAN6.scaffolds.fasta.supercontigs.fna	GCA_900455815.1_35377_C01_genomic.fna	88.1604	1392	1832
DAN6.scaffolds.fasta.supercontigs.fna	GCA_013318765.1_ASM1331876v1_genomic.fna	88.1578	1336	1832
DAN6.scaffolds.fasta.supercontigs.fna	GCA_009498475.1_ASM949847v1_genomic.fna	88.1574	1380	1832
DAN6.scaffolds.fasta.supercontigs.fna	GCA_013318615.1_ASM1331861v1_genomic.fna	88.1562	1340	1832
DAN6.scaffolds.fasta.supercontigs.fna	GCA_005221405.1_ASM522140v1_genomic.fna	88.1512	1388	1832
DAN6.scaffolds.fasta.supercontigs.fna	GCA_002005205.3_ASM200520v3_genomic.fna	88.1483	1329	1832
DAN6.scaffolds.fasta.supercontigs.fna	GCA_007002865.1_ASM700286v1_genomic.fna	88.1455	1324	1832
DAN6.scaffolds.fasta.supercontigs.fna	GCA_903772885.2_K599_Annotation_hybrid_June20200624_updated_genomic.fna	88.1347	1335	1832
DAN6.scaffolds.fasta.supercontigs.fna	GCA_002943835.1_ASM294383v1_genomic.fna	88.1315	1348	1832
DAN6.scaffolds.fasta.supercontigs.fna	GCA_025560485.1_ASM2556048v1_genomic.fna	88.1267	1345	1832
DAN6.scaffolds.fasta.supercontigs.fna	GCA_013317835.1_ASM1331783v1_genomic.fna	88.1225	1340	1832
DAN6.scaffolds.fasta.supercontigs.fna	GCA_027460105.1_ASM2746010v1_genomic.fna	88.1152	1332	1832
DAN6.scaffolds.fasta.supercontigs.fna	GCA_020215515.1_ASM2021551v1_genomic.fna	88.1142	1325	1832
DAN6.scaffolds.fasta.supercontigs.fna	GCA_013317685.1_ASM1331768v1_genomic.fna	88.1082	1325	1832
DAN6.scaffolds.fasta.supercontigs.fna	GCA_020215465.1_ASM2021546v1_genomic.fna	88.1031	1333	1832
DAN6.scaffolds.fasta.supercontigs.fna	GCA_013318375.1_ASM1331837v1_genomic.fna	88.1001	1336	1832
DAN6.scaffolds.fasta.supercontigs.fna	GCA_020218025.1_ASM2021802v1_genomic.fna	88.1	1341	1832
DAN6.scaffolds.fasta.supercontigs.fna	GCA_001427625.1_Root651_genomic.fna	88.0986	1352	1832
DAN6.scaffolds.fasta.supercontigs.fna	GCA_013320585.1_ASM1332058v1_genomic.fna	88.0965	1326	1832
DAN6.scaffolds.fasta.supercontigs.fna	GCA_013320615.1_ASM1332061v1_genomic.fna	88.092	1330	1832
DAN6.scaffolds.fasta.supercontigs.fna	GCA_005221385.1_ASM522138v1_genomic.fna	88.0912	1359	1832
DAN6.scaffolds.fasta.supercontigs.fna	GCA_900013535.1_AHY_PRJEB12185_v1_genomic.fna	88.0875	1354	1832
DAN6.scaffolds.fasta.supercontigs.fna	GCA_020215445.1_ASM2021544v1_genomic.fna	88.0434	1336	1832
DAN6.scaffolds.fasta.supercontigs.fna	GCA_030518355.1_ASM3051835v1_genomic.fna	87.9892	1313	1832
DAN6.scaffolds.fasta.supercontigs.fna	GCA_946479545.1_SRR10754060_bin.19_metawrap_v1.3.0_MAG_genomic.fna	87.9868	1182	1832
DAN6.scaffolds.fasta.supercontigs.fna	GCA_027459965.1_ASM2745996v1_genomic.fna	87.9863	1308	1832
DAN6.scaffolds.fasta.supercontigs.fna	GCA_027460025.1_ASM2746002v1_genomic.fna	87.9833	1328	1832
DAN6.scaffolds.fasta.supercontigs.fna	GCA_900101425.1_IMG-taxon_2599185210_annotated_assembly_genomic.fna	87.9816	1377	1832
DAN6.scaffolds.fasta.supercontigs.fna	GCA_027459975.1_ASM2745997v1_genomic.fna	87.9762	1312	1832
DAN6.scaffolds.fasta.supercontigs.fna	GCA_021107245.1_ASM2110724v1_genomic.fna	87.9583	1171	1832
DAN6.scaffolds.fasta.supercontigs.fna	GCA_030036535.1_ASM3003653v1_genomic.fna	87.9547	1350	1832
DAN6.scaffolds.fasta.supercontigs.fna	GCA_000421945.1_genome_genomic.fna	87.946	1080	1832
DAN6.scaffolds.fasta.supercontigs.fna	GCA_029221985.1_ASM2922198v1_genomic.fna	87.9335	1310	1832
DAN6.scaffolds.fasta.supercontigs.fna	GCA_027956545.1_ASM2795654v1_genomic.fna	87.9062	1315	1832
DAN6.scaffolds.fasta.supercontigs.fna	GCA_002335295.1_ASM233529v1_genomic.fna	87.8964	1202	1832
DAN6.scaffolds.fasta.supercontigs.fna	GCA_027460085.1_ASM2746008v1_genomic.fna	87.8954	1326	1832
DAN6.scaffolds.fasta.supercontigs.fna	GCA_007002745.1_ASM700274v1_genomic.fna	87.8923	1326	1832
DAN6.scaffolds.fasta.supercontigs.fna	GCA_027871575.1_ASM2787157v1_genomic.fna	87.8846	1321	1832
DAN6.scaffolds.fasta.supercontigs.fna	GCA_946482405.1_SRR14536366_bin.3_metawrap_v1.3.0_MAG_genomic.fna	87.8744	927	1832
DAN6.scaffolds.fasta.supercontigs.fna	GCA_017744915.1_ASM1774491v1_genomic.fna	87.848	1280	1832
DAN6.scaffolds.fasta.supercontigs.fna	GCA_027212525.1_ASM2721252v1_genomic.fna	87.777	1333	1832
DAN6.scaffolds.fasta.supercontigs.fna	GCA_013317765.2_ASM1331776v2_genomic.fna	87.7414	1357	1832
DAN6.scaffolds.fasta.supercontigs.fna	GCA_005221325.1_ASM522132v1_genomic.fna	87.6106	1354	1832
DAN6.scaffolds.fasta.supercontigs.fna	GCA_027988005.1_ASM2798800v1_genomic.fna	87.5801	1247	1832
DAN6.scaffolds.fasta.supercontigs.fna	GCA_005221345.1_ASM522134v1_genomic.fna	87.5748	1371	1832
DAN6.scaffolds.fasta.supercontigs.fna	GCA_900012625.1_AHY_PRJEB12190_v1_genomic.fna	87.5737	1378	1832
DAN6.scaffolds.fasta.supercontigs.fna	GCA_027956555.1_ASM2795655v1_genomic.fna	87.5724	1257	1832
DAN6.scaffolds.fasta.supercontigs.fna	GCA_005144495.2_ASM514449v2_genomic.fna	87.5617	1261	1832
DAN6.scaffolds.fasta.supercontigs.fna	GCA_900012565.1_AHY_PRJEB12195_v1_genomic.fna	87.544	1275	1832
DAN6.scaffolds.fasta.supercontigs.fna	GCA_013318275.2_ASM1331827v2_genomic.fna	87.5411	1311	1832
DAN6.scaffolds.fasta.supercontigs.fna	GCA_918698265.1_SRABI05_genomic.fna	87.5099	1302	1832
DAN6.scaffolds.fasta.supercontigs.fna	GCA_011319455.1_ASM1131945v1_genomic.fna	87.4949	1270	1832
DAN6.scaffolds.fasta.supercontigs.fna	GCA_027498545.1_ASM2749854v1_genomic.fna	87.4828	1278	1832
DAN6.scaffolds.fasta.supercontigs.fna	GCA_002008225.1_ASM200822v1_genomic.fna	87.4646	1277	1832
DAN6.scaffolds.fasta.supercontigs.fna	GCA_003667945.1_ASM366794v1_genomic.fna	87.4628	1320	1832
DAN6.scaffolds.fasta.supercontigs.fna	GCA_002894505.1_ASM289450v1_genomic.fna	87.4608	1277	1832
DAN6.scaffolds.fasta.supercontigs.fna	GCA_026241955.1_ASM2624195v1_genomic.fna	87.4607	1304	1832
DAN6.scaffolds.fasta.supercontigs.fna	GCA_018056125.1_ASM1805612v1_genomic.fna	87.4605	659	1832
DAN6.scaffolds.fasta.supercontigs.fna	GCA_027498475.1_ASM2749847v1_genomic.fna	87.4587	1283	1832
DAN6.scaffolds.fasta.supercontigs.fna	GCA_918698075.1_SRABI46_genomic.fna	87.4581	1316	1832
DAN6.scaffolds.fasta.supercontigs.fna	GCA_013320725.1_ASM1332072v1_genomic.fna	87.4475	1338	1832
DAN6.scaffolds.fasta.supercontigs.fna	GCA_007002765.1_ASM700276v1_genomic.fna	87.4427	1264	1832
DAN6.scaffolds.fasta.supercontigs.fna	GCA_027460065.1_ASM2746006v1_genomic.fna	87.4378	1333	1832
DAN6.scaffolds.fasta.supercontigs.fna	GCA_003241215.1_ASM324121v1_genomic.fna	87.4365	924	1832
DAN6.scaffolds.fasta.supercontigs.fna	GCA_002916755.1_ASM291675v1_genomic.fna	87.4362	1321	1832
DAN6.scaffolds.fasta.supercontigs.fna	GCA_027498495.1_ASM2749849v1_genomic.fna	87.4291	1273	1832
DAN6.scaffolds.fasta.supercontigs.fna	GCA_016599575.1_ASM1659957v1_genomic.fna	87.4267	1357	1832
DAN6.scaffolds.fasta.supercontigs.fna	GCA_027498435.1_ASM2749843v1_genomic.fna	87.4263	1289	1832
DAN6.scaffolds.fasta.supercontigs.fna	GCA_027498595.1_ASM2749859v1_genomic.fna	87.4258	1275	1832
DAN6.scaffolds.fasta.supercontigs.fna	GCA_029893265.1_ASM2989326v1_genomic.fna	87.4255	1332	1832
DAN6.scaffolds.fasta.supercontigs.fna	GCA_900111085.1_IMG-taxon_2600255279_annotated_assembly_genomic.fna	87.4253	1367	1832
DAN6.scaffolds.fasta.supercontigs.fna	GCA_029338155.1_ASM2933815v1_genomic.fna	87.4244	1350	1832
DAN6.scaffolds.fasta.supercontigs.fna	GCA_016599615.1_ASM1659961v1_genomic.fna	87.4205	1351	1832
DAN6.scaffolds.fasta.supercontigs.fna	GCA_000092025.1_ASM9202v1_genomic.fna	87.4183	1361	1832
DAN6.scaffolds.fasta.supercontigs.fna	GCA_027498425.1_ASM2749842v1_genomic.fna	87.4136	1293	1832
DAN6.scaffolds.fasta.supercontigs.fna	GCA_029223905.1_ASM2922390v1_genomic.fna	87.4134	1361	1832
DAN6.scaffolds.fasta.supercontigs.fna	GCA_900104545.1_IMG-taxon_2600255308_annotated_assembly_genomic.fna	87.4133	1364	1832
DAN6.scaffolds.fasta.supercontigs.fna	GCA_029277625.1_ASM2927762v1_genomic.fna	87.4128	1362	1832
DAN6.scaffolds.fasta.supercontigs.fna	GCA_027871525.1_ASM2787152v1_genomic.fna	87.4123	1272	1832
DAN6.scaffolds.fasta.supercontigs.fna	GCA_022819325.1_ASM2281932v1_genomic.fna	87.4099	1362	1832
DAN6.scaffolds.fasta.supercontigs.fna	GCA_016864515.1_ASM1686451v1_genomic.fna	87.4072	1357	1832
DAN6.scaffolds.fasta.supercontigs.fna	GCA_000214615.2_Agro31749_1.0_genomic.fna	87.4057	1284	1832
DAN6.scaffolds.fasta.supercontigs.fna	GCA_013318355.2_ASM1331835v2_genomic.fna	87.3896	1359	1832
DAN6.scaffolds.fasta.supercontigs.fna	GCA_005144505.2_ASM514450v2_genomic.fna	87.386	1302	1832
DAN6.scaffolds.fasta.supercontigs.fna	GCA_033611815.1_ASM3361181v1_genomic.fna	87.3849	1334	1832
DAN6.scaffolds.fasta.supercontigs.fna	GCA_027498575.1_ASM2749857v1_genomic.fna	87.3819	1292	1832
DAN6.scaffolds.fasta.supercontigs.fna	GCA_900100235.1_IMG-taxon_2690315628_annotated_assembly_genomic.fna	87.381	1341	1832
DAN6.scaffolds.fasta.supercontigs.fna	GCA_013317635.1_ASM1331763v1_genomic.fna	87.379	1289	1832
DAN6.scaffolds.fasta.supercontigs.fna	GCA_013317735.2_ASM1331773v2_genomic.fna	87.3762	1349	1832
DAN6.scaffolds.fasta.supercontigs.fna	GCA_027988115.1_ASM2798811v1_genomic.fna	87.3742	1283	1832
DAN6.scaffolds.fasta.supercontigs.fna	GCA_903772965.2_EHA105_Annotation_hybrid_June20200624_genomic.fna	87.3735	1369	1832
DAN6.scaffolds.fasta.supercontigs.fna	GCA_012971785.1_ASM1297178v1_genomic.fna	87.3721	1368	1832
DAN6.scaffolds.fasta.supercontigs.fna	GCA_027956525.1_ASM2795652v1_genomic.fna	87.3703	1301	1832
DAN6.scaffolds.fasta.supercontigs.fna	GCA_016599595.1_ASM1659959v1_genomic.fna	87.3665	1372	1832
DAN6.scaffolds.fasta.supercontigs.fna	GCA_008274755.1_ASM827475v1_genomic.fna	87.3643	1327	1832
DAN6.scaffolds.fasta.supercontigs.fna	GCA_013365515.1_ASM1336551v1_genomic.fna	87.3621	1333	1832
DAN6.scaffolds.fasta.supercontigs.fna	GCA_013317665.2_ASM1331766v2_genomic.fna	87.3554	1356	1832
DAN6.scaffolds.fasta.supercontigs.fna	GCA_000730975.1_ASM73097v1_genomic.fna	87.3537	1362	1832
DAN6.scaffolds.fasta.supercontigs.fna	GCA_019048945.1_ASM1904894v1_genomic.fna	87.347	1309	1832
DAN6.scaffolds.fasta.supercontigs.fna	GCA_024706645.1_ASM2470664v1_genomic.fna	87.3424	1348	1832
DAN6.scaffolds.fasta.supercontigs.fna	GCA_030717765.1_ASM3071776v1_genomic.fna	87.3421	1371	1832
DAN6.scaffolds.fasta.supercontigs.fna	GCA_013318415.1_ASM1331841v1_genomic.fna	87.3403	1334	1832
DAN6.scaffolds.fasta.supercontigs.fna	GCA_030345655.1_ASM3034565v1_genomic.fna	87.34	1378	1832
DAN6.scaffolds.fasta.supercontigs.fna	GCA_007002855.1_ASM700285v1_genomic.fna	87.3399	1378	1832
DAN6.scaffolds.fasta.supercontigs.fna	GCA_025560525.1_ASM2556052v1_genomic.fna	87.3307	1334	1832
DAN6.scaffolds.fasta.supercontigs.fna	GCA_000966435.1_ASM96643v1_genomic.fna	87.33	1331	1832
DAN6.scaffolds.fasta.supercontigs.fna	GCA_900013525.1_AHY_PRJEB12194_v1_genomic.fna	87.311	1346	1832
DAN6.scaffolds.fasta.supercontigs.fna	GCA_003667725.1_ASM366772v1_genomic.fna	87.3051	1356	1832
DAN6.scaffolds.fasta.supercontigs.fna	GCA_013318095.1_ASM1331809v1_genomic.fna	87.2997	1350	1832
DAN6.scaffolds.fasta.supercontigs.fna	GCA_039593715.1_ASM3959371v1_genomic.fna	86.621	838	1832
DAN6.scaffolds.fasta.supercontigs.fna	GCA_005144405.2_ASM514440v2_genomic.fna	86.2802	1265	1832
DAN6.scaffolds.fasta.supercontigs.fna	GCA_036794005.1_ASM3679400v1_genomic.fna	86.2691	1175	1832
DAN6.scaffolds.fasta.supercontigs.fna	GCA_018987285.1_ASM1898728v1_genomic.fna	86.2373	1284	1832
DAN6.scaffolds.fasta.supercontigs.fna	GCA_001691455.1_ASM169145v1_genomic.fna	86.2232	1270	1832
DAN6.scaffolds.fasta.supercontigs.fna	GCA_000758445.1_ASM75844v1_genomic.fna	86.2174	1262	1832
DAN6.scaffolds.fasta.supercontigs.fna	GCA_001551895.1_ASM155189v1_genomic.fna	86.1909	1300	1832
DAN6.scaffolds.fasta.supercontigs.fna	GCA_029840505.1_ASM2984050v1_genomic.fna	86.1815	1261	1832
DAN6.scaffolds.fasta.supercontigs.fna	GCA_017877395.1_ASM1787739v1_genomic.fna	86.1769	1293	1832
DAN6.scaffolds.fasta.supercontigs.fna	GCA_029632585.1_ASM2963258v1_genomic.fna	86.1645	1318	1832
DAN6.scaffolds.fasta.supercontigs.fna	GCA_012272675.1_ASM1227267v1_genomic.fna	86.1573	1306	1832
DAN6.scaffolds.fasta.supercontigs.fna	GCA_009649115.1_ASM964911v1_genomic.fna	86.1528	1301	1832
DAN6.scaffolds.fasta.supercontigs.fna	GCA_014190925.1_ASM1419092v1_genomic.fna	86.1498	1306	1832
DAN6.scaffolds.fasta.supercontigs.fna	GCA_013267135.1_ASM1326713v1_genomic.fna	86.147	1311	1832
DAN6.scaffolds.fasta.supercontigs.fna	GCA_026191755.1_ASM2619175v1_genomic.fna	86.1469	1316	1832
DAN6.scaffolds.fasta.supercontigs.fna	GCA_029844925.1_ASM2984492v1_genomic.fna	86.1451	1280	1832
DAN6.scaffolds.fasta.supercontigs.fna	GCA_017357485.1_ASM1735748v1_genomic.fna	86.1441	1314	1832
DAN6.scaffolds.fasta.supercontigs.fna	GCA_031326085.1_ASM3132608v1_genomic.fna	86.1438	1316	1832
DAN6.scaffolds.fasta.supercontigs.fna	GCA_001644925.1_GHKF11_genomic.fna	86.1418	1305	1832
DAN6.scaffolds.fasta.supercontigs.fna	GCA_003031555.1_ASM303155v1_genomic.fna	86.1348	1304	1832
DAN6.scaffolds.fasta.supercontigs.fna	GCA_029839305.1_ASM2983930v1_genomic.fna	86.1344	1279	1832
DAN6.scaffolds.fasta.supercontigs.fna	GCA_036831645.1_ASM3683164v1_genomic.fna	86.1326	1276	1832
DAN6.scaffolds.fasta.supercontigs.fna	GCA_003938925.1_ASM393892v1_genomic.fna	86.1305	1295	1832
DAN6.scaffolds.fasta.supercontigs.fna	GCA_900013495.1_AHY_PRJEB12183_v1_genomic.fna	86.1299	1314	1832
DAN6.scaffolds.fasta.supercontigs.fna	GCA_036527375.1_ASM3652737v1_genomic.fna	86.1299	1287	1832
DAN6.scaffolds.fasta.supercontigs.fna	GCA_000959075.1_ASM95907v1_genomic.fna	86.1279	1306	1832
DAN6.scaffolds.fasta.supercontigs.fna	GCA_013267155.1_ASM1326715v1_genomic.fna	86.1264	1308	1832
DAN6.scaffolds.fasta.supercontigs.fna	GCA_019511305.1_ASM1951130v1_genomic.fna	86.1251	1303	1832
DAN6.scaffolds.fasta.supercontigs.fna	GCA_005221365.1_ASM522136v1_genomic.fna	86.1248	1301	1832
DAN6.scaffolds.fasta.supercontigs.fna	GCA_037203725.1_ASM3720372v1_genomic.fna	86.1238	1318	1832
DAN6.scaffolds.fasta.supercontigs.fna	GCA_013285525.1_ASM1328552v1_genomic.fna	86.1227	1321	1832
DAN6.scaffolds.fasta.supercontigs.fna	GCA_000931365.1_ASM93136v1_genomic.fna	86.1214	1289	1832
DAN6.scaffolds.fasta.supercontigs.fna	GCA_019511295.1_ASM1951129v1_genomic.fna	86.1197	1311	1832
DAN6.scaffolds.fasta.supercontigs.fna	GCA_003261015.1_ASM326101v1_genomic.fna	86.1182	1286	1832
DAN6.scaffolds.fasta.supercontigs.fna	GCA_014138475.1_ASM1413847v1_genomic.fna	86.1152	1318	1832
DAN6.scaffolds.fasta.supercontigs.fna	GCA_902153225.3_P007.v3_genomic.fna	86.1103	1277	1832
DAN6.scaffolds.fasta.supercontigs.fna	GCA_030804105.1_ASM3080410v1_genomic.fna	86.1095	1336	1832
DAN6.scaffolds.fasta.supercontigs.fna	GCA_029866445.1_ASM2986644v1_genomic.fna	86.1093	1316	1832
DAN6.scaffolds.fasta.supercontigs.fna	GCA_031453315.1_ASM3145331v1_genomic.fna	86.1091	1334	1832
DAN6.scaffolds.fasta.supercontigs.fna	GCA_003031575.1_ASM303157v1_genomic.fna	86.1082	1306	1832
DAN6.scaffolds.fasta.supercontigs.fna	GCA_030804145.1_ASM3080414v1_genomic.fna	86.0998	1331	1832
DAN6.scaffolds.fasta.supercontigs.fna	GCA_029834945.1_ASM2983494v1_genomic.fna	86.0988	1296	1832
DAN6.scaffolds.fasta.supercontigs.fna	GCA_029840665.1_ASM2984066v1_genomic.fna	86.0988	1296	1832
DAN6.scaffolds.fasta.supercontigs.fna	GCA_027498515.1_ASM2749851v1_genomic.fna	86.0983	1325	1832
DAN6.scaffolds.fasta.supercontigs.fna	GCA_030440405.1_ASM3044040v1_genomic.fna	86.0969	1318	1832
DAN6.scaffolds.fasta.supercontigs.fna	GCA_032058545.1_ASM3205854v1_genomic.fna	86.0932	1314	1832
DAN6.scaffolds.fasta.supercontigs.fna	GCA_030804125.1_ASM3080412v1_genomic.fna	86.0877	1311	1832
DAN6.scaffolds.fasta.supercontigs.fna	GCA_032001665.1_ASM3200166v1_genomic.fna	86.0838	1089	1832
DAN6.scaffolds.fasta.supercontigs.fna	GCA_032018425.1_ASM3201842v1_genomic.fna	86.0811	1306	1832
DAN6.scaffolds.fasta.supercontigs.fna	GCA_032074685.1_ASM3207468v1_genomic.fna	86.0779	1304	1832
DAN6.scaffolds.fasta.supercontigs.fna	GCA_029838495.1_ASM2983849v1_genomic.fna	86.0773	1294	1832
DAN6.scaffolds.fasta.supercontigs.fna	GCA_900102105.1_IMG-taxon_2671180227_annotated_assembly_genomic.fna	86.0737	1318	1832
DAN6.scaffolds.fasta.supercontigs.fna	GCA_031453135.1_ASM3145313v1_genomic.fna	86.0719	1336	1832
DAN6.scaffolds.fasta.supercontigs.fna	GCA_036802085.1_ASM3680208v1_genomic.fna	86.0713	1259	1832
DAN6.scaffolds.fasta.supercontigs.fna	GCA_029845225.1_ASM2984522v1_genomic.fna	86.0703	1320	1832
DAN6.scaffolds.fasta.supercontigs.fna	GCA_002814035.1_ASM281403v1_genomic.fna	86.0648	1322	1832
DAN6.scaffolds.fasta.supercontigs.fna	GCA_001888225.1_ASM188822v1_genomic.fna	86.0596	1314	1832
DAN6.scaffolds.fasta.supercontigs.fna	GCA_003053405.1_ASM305340v1_genomic.fna	86.0596	1316	1832
DAN6.scaffolds.fasta.supercontigs.fna	GCA_022848885.1_ASM2284888v1_genomic.fna	86.0571	1320	1832
DAN6.scaffolds.fasta.supercontigs.fna	GCA_029838545.1_ASM2983854v1_genomic.fna	86.0554	1279	1832
DAN6.scaffolds.fasta.supercontigs.fna	GCA_000499645.1_IRBG74_genomic.fna	86.0507	1324	1832
DAN6.scaffolds.fasta.supercontigs.fna	GCA_025560665.1_ASM2556066v1_genomic.fna	86.0501	1319	1832
DAN6.scaffolds.fasta.supercontigs.fna	GCA_000648215.1_SOAPdenovo_for_version_3_of_the_Agrobacterium_tumefaciens_S33_genome_genomic.fna	86.0471	1286	1832
DAN6.scaffolds.fasta.supercontigs.fna	GCA_032092795.1_ASM3209279v1_genomic.fna	86.0366	1113	1832
DAN6.scaffolds.fasta.supercontigs.fna	GCA_019511365.1_ASM1951136v1_genomic.fna	86.0332	1338	1832
DAN6.scaffolds.fasta.supercontigs.fna	GCA_000702405.1_ASM70240v1_genomic.fna	86.0315	1312	1832
DAN6.scaffolds.fasta.supercontigs.fna	GCA_013320535.1_ASM1332053v1_genomic.fna	86.0315	1312	1832
DAN6.scaffolds.fasta.supercontigs.fna	GCA_949742715.1_iMGMC-16_1678881632_genomic.fna	86.0286	1174	1832
DAN6.scaffolds.fasta.supercontigs.fna	GCA_002339905.1_ASM233990v1_genomic.fna	86.0244	1316	1832
DAN6.scaffolds.fasta.supercontigs.fna	GCA_032229345.1_ASM3222934v1_genomic.fna	86.02	1316	1832
DAN6.scaffolds.fasta.supercontigs.fna	GCA_019511285.1_ASM1951128v1_genomic.fna	86.0196	1349	1832
DAN6.scaffolds.fasta.supercontigs.fna	GCA_032077825.1_ASM3207782v1_genomic.fna	86.0162	776	1832
DAN6.scaffolds.fasta.supercontigs.fna	GCA_002008275.1_ASM200827v1_genomic.fna	86.0028	1315	1832
DAN6.scaffolds.fasta.supercontigs.fna	GCA_001888145.1_ASM188814v1_genomic.fna	86.0014	1318	1832
DAN6.scaffolds.fasta.supercontigs.fna	GCA_004328495.1_ASM432849v1_genomic.fna	85.9974	1320	1832
DAN6.scaffolds.fasta.supercontigs.fna	GCA_019511505.1_ASM1951150v1_genomic.fna	85.9917	1344	1832
DAN6.scaffolds.fasta.supercontigs.fna	GCA_019511385.1_ASM1951138v1_genomic.fna	85.9846	1357	1832
DAN6.scaffolds.fasta.supercontigs.fna	GCA_031982105.1_ASM3198210v1_genomic.fna	85.9806	1107	1832
DAN6.scaffolds.fasta.supercontigs.fna	GCA_948843785.1_MGBC108980_genomic.fna	85.8605	678	1832
DAN6.scaffolds.fasta.supercontigs.fna	GCA_003529865.1_ASM352986v1_genomic.fna	85.851	1149	1832
DAN6.scaffolds.fasta.supercontigs.fna	GCA_949416905.1_MH-0-3_111223.53_1677754698_genomic.fna	85.8261	648	1832
DAN6.scaffolds.fasta.supercontigs.fna	GCA_003485305.1_ASM348530v1_genomic.fna	85.7796	896	1832
DAN6.scaffolds.fasta.supercontigs.fna	GCA_024508975.1_ASM2450897v1_genomic.fna	85.6938	853	1832
DAN6.scaffolds.fasta.supercontigs.fna	GCA_032058685.1_ASM3205868v1_genomic.fna	85.4888	599	1832
DAN6.scaffolds.fasta.supercontigs.fna	GCA_949416755.1_MH-0-5_111223.17_1677754708_genomic.fna	85.3978	301	1832
DAN6.scaffolds.fasta.supercontigs.fna	GCA_913774335.1_SP51_3_metabat2_genome_mining.8_genomic.fna	85.3455	1181	1832
DAN6.scaffolds.fasta.supercontigs.fna	GCA_031977605.1_ASM3197760v1_genomic.fna	85.3349	637	1832
DAN6.scaffolds.fasta.supercontigs.fna	GCA_032093135.1_ASM3209313v1_genomic.fna	85.3234	1209	1832
DAN6.scaffolds.fasta.supercontigs.fna	GCA_031984345.1_ASM3198434v1_genomic.fna	85.3107	1206	1832
DAN6.scaffolds.fasta.supercontigs.fna	GCA_032097785.1_ASM3209778v1_genomic.fna	85.2831	1177	1832
DAN6.scaffolds.fasta.supercontigs.fna	GCA_007680755.1_ASM768075v1_genomic.fna	85.2814	1222	1832
DAN6.scaffolds.fasta.supercontigs.fna	GCA_001641425.1_ASM164142v1_genomic.fna	85.2724	1208	1832
DAN6.scaffolds.fasta.supercontigs.fna	GCA_017726655.1_ASM1772665v1_genomic.fna	85.2346	1221	1832
DAN6.scaffolds.fasta.supercontigs.fna	GCA_002454325.1_ASM245432v1_genomic.fna	85.2319	1165	1832
DAN6.scaffolds.fasta.supercontigs.fna	GCA_032114975.1_ASM3211497v1_genomic.fna	85.2219	544	1832
DAN6.scaffolds.fasta.supercontigs.fna	GCA_032069045.1_ASM3206904v1_genomic.fna	85.2194	1170	1832
DAN6.scaffolds.fasta.supercontigs.fna	GCA_002432475.1_ASM243247v1_genomic.fna	85.1215	1098	1832
DAN6.scaffolds.fasta.supercontigs.fna	GCA_032090395.1_ASM3209039v1_genomic.fna	85.0737	378	1832
DAN6.scaffolds.fasta.supercontigs.fna	GCA_032065205.1_ASM3206520v1_genomic.fna	84.9557	478	1832
DAN6.scaffolds.fasta.supercontigs.fna	GCA_017305495.1_ASM1730549v1_genomic.fna	84.9186	475	1832
DAN6.scaffolds.fasta.supercontigs.fna	GCA_016906285.1_ASM1690628v1_genomic.fna	84.9128	876	1832
DAN6.scaffolds.fasta.supercontigs.fna	GCA_032065505.1_ASM3206550v1_genomic.fna	84.5252	250	1832
DAN6.scaffolds.fasta.supercontigs.fna	GCA_031801495.1_ASM3180149v1_genomic.fna	82.517	1040	1832
DAN6.scaffolds.fasta.supercontigs.fna	GCA_013390595.1_ASM1339059v1_genomic.fna	81.817	970	1832
DAN6.scaffolds.fasta.supercontigs.fna	GCA_005938205.1_ASM593820v1_genomic.fna	81.7614	968	1832
DAN6.scaffolds.fasta.supercontigs.fna	GCA_025559845.1_ASM2555984v1_genomic.fna	81.6964	992	1832
DAN6.scaffolds.fasta.supercontigs.fna	GCA_031981105.1_ASM3198110v1_genomic.fna	81.4257	752	1832
DAN6.scaffolds.fasta.supercontigs.fna	B6.scaffolds.fasta.supercontigs.fna	80.6704	843	1832
DAN6.scaffolds.fasta.supercontigs.fna	GCA_036946515.1_ASM3694651v1_genomic.fna	80.5603	619	1832
DAN6.scaffolds.fasta.supercontigs.fna	GCA_001422245.1_Leaf262_genomic.fna	80.4917	755	1832
DAN6.scaffolds.fasta.supercontigs.fna	GCA_913776585.1_SP210_3_metabat2_genome_mining.10_genomic.fna	80.436	743	1832
DAN6.scaffolds.fasta.supercontigs.fna	GCA_005144425.2_ASM514442v2_genomic.fna	80.4318	817	1832
DAN6.scaffolds.fasta.supercontigs.fna	GCA_005145045.1_ASM514504v1_genomic.fna	80.429	820	1832
DAN6.scaffolds.fasta.supercontigs.fna	GCA_000518585.1_ASM51858v1_genomic.fna	80.427	803	1832
DAN6.scaffolds.fasta.supercontigs.fna	GCA_032097865.1_ASM3209786v1_genomic.fna	80.4197	749	1832
DAN6.scaffolds.fasta.supercontigs.fna	GCA_032064985.1_ASM3206498v1_genomic.fna	80.4176	727	1832
DAN6.scaffolds.fasta.supercontigs.fna	GCA_019355895.1_ASM1935589v1_genomic.fna	80.4072	821	1832
DAN6.scaffolds.fasta.supercontigs.fna	GCA_009498485.1_ASM949848v1_genomic.fna	80.3733	777	1832
DAN6.scaffolds.fasta.supercontigs.fna	GCA_001427405.1_Root564_genomic.fna	80.3601	779	1832
DAN6.scaffolds.fasta.supercontigs.fna	GCA_920984715.1_Leaf167_v1_genomic.fna	80.3355	765	1832
DAN6.scaffolds.fasta.supercontigs.fna	GCA_036946285.1_ASM3694628v1_genomic.fna	80.335	761	1832
DAN6.scaffolds.fasta.supercontigs.fna	GCA_001421985.1_Leaf68_genomic.fna	80.3321	768	1832
DAN6.scaffolds.fasta.supercontigs.fna	GCA_028674915.1_ASM2867491v1_genomic.fna	80.3255	776	1832
DAN6.scaffolds.fasta.supercontigs.fna	GCA_017873055.1_ASM1787305v1_genomic.fna	80.3102	795	1832
DAN6.scaffolds.fasta.supercontigs.fna	GCA_008501895.1_ASM850189v1_genomic.fna	80.3002	777	1832
DAN6.scaffolds.fasta.supercontigs.fna	GCA_032055265.1_ASM3205526v1_genomic.fna	80.2942	769	1832
DAN6.scaffolds.fasta.supercontigs.fna	GCA_009498795.1_ASM949879v1_genomic.fna	80.293	774	1832
DAN6.scaffolds.fasta.supercontigs.fna	GCA_032093335.1_ASM3209333v1_genomic.fna	80.293	753	1832
DAN6.scaffolds.fasta.supercontigs.fna	GCA_036740375.1_ASM3674037v1_genomic.fna	80.2914	699	1832
DAN6.scaffolds.fasta.supercontigs.fna	GCA_021310975.1_ASM2131097v1_genomic.fna	80.2843	777	1832
DAN6.scaffolds.fasta.supercontigs.fna	GCA_008501885.1_ASM850188v1_genomic.fna	80.2767	776	1832
DAN6.scaffolds.fasta.supercontigs.fna	GCA_002915175.1_ASM291517v1_genomic.fna	80.2738	789	1832
DAN6.scaffolds.fasta.supercontigs.fna	GCA_002915195.1_ASM291519v1_genomic.fna	80.2611	788	1832
DAN6.scaffolds.fasta.supercontigs.fna	GCA_013320925.1_ASM1332092v1_genomic.fna	80.2605	795	1832
DAN6.scaffolds.fasta.supercontigs.fna	GCA_001421235.1_Leaf202_genomic.fna	80.2535	784	1832
DAN6.scaffolds.fasta.supercontigs.fna	GCA_033957625.1_ASM3395762v1_genomic.fna	80.2399	782	1832
DAN6.scaffolds.fasta.supercontigs.fna	GCA_003075255.1_ASM307525v1_genomic.fna	80.2388	796	1832
DAN6.scaffolds.fasta.supercontigs.fna	GCA_013320895.1_ASM1332089v1_genomic.fna	80.2339	793	1832
DAN6.scaffolds.fasta.supercontigs.fna	GCA_013320875.1_ASM1332087v1_genomic.fna	80.2327	803	1832
DAN6.scaffolds.fasta.supercontigs.fna	GCA_021310995.1_ASM2131099v1_genomic.fna	80.2327	808	1832
DAN6.scaffolds.fasta.supercontigs.fna	GCA_017584165.1_ASM1758416v1_genomic.fna	80.2169	800	1832
DAN6.scaffolds.fasta.supercontigs.fna	GCA_032058725.1_ASM3205872v1_genomic.fna	80.2137	785	1832
DAN6.scaffolds.fasta.supercontigs.fna	GCA_037722385.1_ASM3772238v1_genomic.fna	80.2097	720	1832
DAN6.scaffolds.fasta.supercontigs.fna	GCA_017254855.1_ASM1725485v1_genomic.fna	80.2072	789	1832
DAN6.scaffolds.fasta.supercontigs.fna	GCA_001692345.1_ASM169234v1_genomic.fna	80.2063	799	1832
DAN6.scaffolds.fasta.supercontigs.fna	GCA_900100645.1_Agro2_genomic.fna	80.2009	791	1832
DAN6.scaffolds.fasta.supercontigs.fna	GCA_007679845.1_ASM767984v1_genomic.fna	80.2007	794	1832
DAN6.scaffolds.fasta.supercontigs.fna	GCA_030209855.1_ASM3020985v1_genomic.fna	80.1946	801	1832
DAN6.scaffolds.fasta.supercontigs.fna	GCA_036946395.1_ASM3694639v1_genomic.fna	80.19	613	1832
DAN6.scaffolds.fasta.supercontigs.fna	GCA_003075215.1_ASM307521v1_genomic.fna	80.1896	807	1832
DAN6.scaffolds.fasta.supercontigs.fna	GCA_013320835.1_ASM1332083v1_genomic.fna	80.1881	799	1832
DAN6.scaffolds.fasta.supercontigs.fna	GCA_001424245.1_Leaf155_genomic.fna	80.1783	780	1832
DAN6.scaffolds.fasta.supercontigs.fna	GCA_007679885.1_ASM767988v1_genomic.fna	80.1755	800	1832
DAN6.scaffolds.fasta.supercontigs.fna	GCA_033957845.1_ASM3395784v1_genomic.fna	80.1726	790	1832
DAN6.scaffolds.fasta.supercontigs.fna	GCA_013320905.1_ASM1332090v1_genomic.fna	80.1717	808	1832
DAN6.scaffolds.fasta.supercontigs.fna	GCA_013320855.1_ASM1332085v1_genomic.fna	80.1697	803	1832
DAN6.scaffolds.fasta.supercontigs.fna	GCA_030819275.1_ASM3081927v1_genomic.fna	80.1643	756	1832
DAN6.scaffolds.fasta.supercontigs.fna	GCA_004310285.1_ASM431028v1_genomic.fna	80.1626	796	1832
DAN6.scaffolds.fasta.supercontigs.fna	GCA_023701915.1_ASM2370191v1_genomic.fna	80.1579	795	1832
DAN6.scaffolds.fasta.supercontigs.fna	GCA_000739935.1_ASM73993v1_genomic.fna	80.1472	804	1832
DAN6.scaffolds.fasta.supercontigs.fna	GCA_031453325.1_ASM3145332v1_genomic.fna	80.1369	779	1832
DAN6.scaffolds.fasta.supercontigs.fna	GCA_033957765.1_ASM3395776v1_genomic.fna	80.1334	787	1832
DAN6.scaffolds.fasta.supercontigs.fna	GCA_033957645.1_ASM3395764v1_genomic.fna	80.1256	804	1832
DAN6.scaffolds.fasta.supercontigs.fna	GCA_030819035.1_ASM3081903v1_genomic.fna	80.1212	781	1832
DAN6.scaffolds.fasta.supercontigs.fna	GCA_030803585.1_ASM3080358v1_genomic.fna	80.1175	783	1832
DAN6.scaffolds.fasta.supercontigs.fna	GCA_023512925.1_ASM2351292v1_genomic.fna	80.1158	826	1832
DAN6.scaffolds.fasta.supercontigs.fna	GCA_013322225.1_ASM1332222v1_genomic.fna	80.1136	704	1832
DAN6.scaffolds.fasta.supercontigs.fna	GCA_913774395.1_maxbin_SP92_3.016_sub_genomic.fna	80.0942	98	1832
DAN6.scaffolds.fasta.supercontigs.fna	GCA_001562555.1_ASM156255v1_genomic.fna	80.0627	747	1832
DAN6.scaffolds.fasta.supercontigs.fna	GCA_002896715.1_ASM289671v1_genomic.fna	80.008	731	1832
DAN6.scaffolds.fasta.supercontigs.fna	GCA_900100825.1_Agro1_genomic.fna	80.0019	794	1832
DAN6.scaffolds.fasta.supercontigs.fna	GCA_039207355.1_ASM3920735v1_genomic.fna	79.9807	758	1832
DAN6.scaffolds.fasta.supercontigs.fna	GCA_913775015.1_S1C108396_SP36_genomic.fna	79.9744	678	1832
DAN6.scaffolds.fasta.supercontigs.fna	GCA_913775055.1_S1C92728_SP213_genomic.fna	79.9265	633	1832
DAN6.scaffolds.fasta.supercontigs.fna	GCA_913777885.1_SP301_2_metabat2_genome_mining.7_genomic.fna	79.91	692	1832
DAN6.scaffolds.fasta.supercontigs.fna	GCA_033957725.1_ASM3395772v1_genomic.fna	79.8527	713	1832
DAN6.scaffolds.fasta.supercontigs.fna	GCA_913774535.1_S2C7865_SP61_genomic.fna	79.851	665	1832
DAN6.scaffolds.fasta.supercontigs.fna	GCA_913774095.1_maxbin_SP106_1.016_cleaned_genomic.fna	79.8483	504	1832
DAN6.scaffolds.fasta.supercontigs.fna	GCA_913774465.1_maxbin_SP149_1.012_cleaned_genomic.fna	79.8427	488	1832
DAN6.scaffolds.fasta.supercontigs.fna	GCA_913774075.1_S2C4820_SP77_genomic.fna	79.8414	660	1832
DAN6.scaffolds.fasta.supercontigs.fna	GCA_913777615.1_S2C17652_SP166_genomic.fna	79.821	692	1832
DAN6.scaffolds.fasta.supercontigs.fna	GCA_023757665.1_ASM2375766v1_genomic.fna	79.8052	692	1832
DAN6.scaffolds.fasta.supercontigs.fna	GCA_913776705.1_SP282_3_metabat2_genome_mining.31_sub_genomic.fna	79.8049	618	1832
DAN6.scaffolds.fasta.supercontigs.fna	GCA_913775465.1_SP123_3_metabat2_genome_mining.23_genomic.fna	79.801	567	1832
DAN6.scaffolds.fasta.supercontigs.fna	GCA_019798275.1_ASM1979827v1_genomic.fna	79.7841	749	1832
DAN6.scaffolds.fasta.supercontigs.fna	GCA_014196515.1_ASM1419651v1_genomic.fna	79.7797	693	1832
DAN6.scaffolds.fasta.supercontigs.fna	GCA_913778615.1_SP80_3_metabat2_genome_mining.16_sub_genomic.fna	79.7483	436	1832
DAN6.scaffolds.fasta.supercontigs.fna	GCA_013320815.1_ASM1332081v1_genomic.fna	79.7309	674	1832
DAN6.scaffolds.fasta.supercontigs.fna	GCA_001423445.1_Leaf311_genomic.fna	79.7173	707	1832
DAN6.scaffolds.fasta.supercontigs.fna	GCA_030209845.1_ASM3020984v1_genomic.fna	79.7059	711	1832
DAN6.scaffolds.fasta.supercontigs.fna	GCA_913777645.1_maxbin_SP149_3.011_sub_cleaned_genomic.fna	79.6969	504	1832
DAN6.scaffolds.fasta.supercontigs.fna	GCA_000834635.1_ASM83463v1_genomic.fna	79.6877	714	1832
DAN6.scaffolds.fasta.supercontigs.fna	GCA_913777405.1_maxbin_SP71_3.011_cleaned_genomic.fna	79.6825	71	1832
DAN6.scaffolds.fasta.supercontigs.fna	GCA_913775415.1_SP310_2_metabat2_genome_mining.9_genomic.fna	79.6543	487	1832
DAN6.scaffolds.fasta.supercontigs.fna	GCA_913775815.1_SP128_1_metabat2_genome_mining.6_genomic.fna	79.6464	492	1832
DAN6.scaffolds.fasta.supercontigs.fna	GCA_913777785.1_SP167_3_metabat2_genome_mining.6_genomic.fna	79.628	325	1832
DAN6.scaffolds.fasta.supercontigs.fna	GCA_913778305.1_SP139_1_metabat2_genome_mining.21_genomic.fna	79.6263	483	1832
DAN6.scaffolds.fasta.supercontigs.fna	GCA_031843705.1_ASM3184370v1_genomic.fna	79.6162	716	1832
DAN6.scaffolds.fasta.supercontigs.fna	GCA_012276085.1_ASM1227608v1_genomic.fna	79.598	702	1832
DAN6.scaffolds.fasta.supercontigs.fna	GCA_030323265.1_ASM3032326v1_genomic.fna	79.5784	672	1832
DAN6.scaffolds.fasta.supercontigs.fna	GCA_014842115.1_ASM1484211v1_genomic.fna	79.5694	730	1832
DAN6.scaffolds.fasta.supercontigs.fna	GCA_031843725.1_ASM3184372v1_genomic.fna	79.5687	730	1832
DAN6.scaffolds.fasta.supercontigs.fna	GCA_022802995.1_ASM2280299v1_genomic.fna	79.5666	723	1832
DAN6.scaffolds.fasta.supercontigs.fna	GCA_014842165.1_ASM1484216v1_genomic.fna	79.5398	731	1832
DAN6.scaffolds.fasta.supercontigs.fna	GCA_913775385.1_SP133_3_metabat2_genome_mining.7_sub_genomic.fna	79.5337	470	1832
DAN6.scaffolds.fasta.supercontigs.fna	GCA_913777215.1_SP112_2_metabat2_genome_mining.16_genomic.fna	79.5335	271	1832
DAN6.scaffolds.fasta.supercontigs.fna	GCA_029369725.1_ASM2936972v1_genomic.fna	79.5154	558	1832
DAN6.scaffolds.fasta.supercontigs.fna	GCA_012275615.1_ASM1227561v1_genomic.fna	79.5109	705	1832
DAN6.scaffolds.fasta.supercontigs.fna	GCA_014195095.1_ASM1419509v1_genomic.fna	79.4989	654	1832
DAN6.scaffolds.fasta.supercontigs.fna	GCA_913777485.1_SP210_2_metabat2_genome_mining.13_genomic.fna	79.4751	434	1832
DAN6.scaffolds.fasta.supercontigs.fna	GCA_026672545.1_ASM2667254v1_genomic.fna	79.4597	627	1832
DAN6.scaffolds.fasta.supercontigs.fna	GCA_029601685.1_ASM2960168v1_genomic.fna	79.4509	667	1832
DAN6.scaffolds.fasta.supercontigs.fna	GCA_014200035.1_ASM1420003v1_genomic.fna	79.427	668	1832
DAN6.scaffolds.fasta.supercontigs.fna	GCA_019798165.1_ASM1979816v1_genomic.fna	79.4248	719	1832
DAN6.scaffolds.fasta.supercontigs.fna	GCA_018760785.1_ASM1876078v1_genomic.fna	79.4099	694	1832
DAN6.scaffolds.fasta.supercontigs.fna	GCA_900111905.1_IMG-taxon_2599185236_annotated_assembly_genomic.fna	79.3971	680	1832
DAN6.scaffolds.fasta.supercontigs.fna	GCA_000172795.2_ASM17279v2_genomic.fna	79.3905	653	1832
DAN6.scaffolds.fasta.supercontigs.fna	GCA_000282095.2_Rhizobium.strCF080_v2.0_genomic.fna	79.3843	700	1832
DAN6.scaffolds.fasta.supercontigs.fna	GCA_014198605.1_ASM1419860v1_genomic.fna	79.381	659	1832
DAN6.scaffolds.fasta.supercontigs.fna	GCA_014198755.1_ASM1419875v1_genomic.fna	79.3799	653	1832
DAN6.scaffolds.fasta.supercontigs.fna	GCA_001896825.1_ASM189682v1_genomic.fna	79.3761	549	1832
DAN6.scaffolds.fasta.supercontigs.fna	GCA_012276985.1_ASM1227698v1_genomic.fna	79.3752	641	1832
DAN6.scaffolds.fasta.supercontigs.fna	GCA_002531825.1_ASM253182v1_genomic.fna	79.3749	689	1832
DAN6.scaffolds.fasta.supercontigs.fna	GCA_012276275.1_ASM1227627v1_genomic.fna	79.3672	686	1832
DAN6.scaffolds.fasta.supercontigs.fna	GCA_002933635.1_ASM293363v1_genomic.fna	79.3639	627	1832
DAN6.scaffolds.fasta.supercontigs.fna	GCA_001675095.1_ASM167509v1_genomic.fna	79.3619	661	1832
DAN6.scaffolds.fasta.supercontigs.fna	GCA_019511445.1_ASM1951144v1_genomic.fna	79.3549	652	1832
DAN6.scaffolds.fasta.supercontigs.fna	GCA_019793465.1_ASM1979346v1_genomic.fna	79.3502	663	1832
DAN6.scaffolds.fasta.supercontigs.fna	GCA_023701945.1_ASM2370194v1_genomic.fna	79.3501	641	1832
DAN6.scaffolds.fasta.supercontigs.fna	GCA_014198705.1_ASM1419870v1_genomic.fna	79.35	668	1832
DAN6.scaffolds.fasta.supercontigs.fna	GCA_014205785.1_ASM1420578v1_genomic.fna	79.3493	671	1832
DAN6.scaffolds.fasta.supercontigs.fna	GCA_014198355.1_ASM1419835v1_genomic.fna	79.3444	675	1832
DAN6.scaffolds.fasta.supercontigs.fna	GCA_019684975.1_ASM1968497v1_genomic.fna	79.3438	648	1832
DAN6.scaffolds.fasta.supercontigs.fna	GCA_000021345.1_ASM2134v1_genomic.fna	79.3433	656	1832
DAN6.scaffolds.fasta.supercontigs.fna	GCA_004304165.1_ASM430416v1_genomic.fna	79.3425	699	1832
DAN6.scaffolds.fasta.supercontigs.fna	GCA_004303445.1_ASM430344v1_genomic.fna	79.3416	686	1832
DAN6.scaffolds.fasta.supercontigs.fna	GCA_028994075.1_ASM2899407v1_genomic.fna	79.3399	579	1832
DAN6.scaffolds.fasta.supercontigs.fna	GCA_014196505.1_ASM1419650v1_genomic.fna	79.3375	590	1832
DAN6.scaffolds.fasta.supercontigs.fna	GCA_017348875.1_ASM1734887v1_genomic.fna	79.3326	695	1832
DAN6.scaffolds.fasta.supercontigs.fna	GCA_028994275.1_ASM2899427v1_genomic.fna	79.3326	590	1832
DAN6.scaffolds.fasta.supercontigs.fna	GCA_014198335.1_ASM1419833v1_genomic.fna	79.3247	644	1832
DAN6.scaffolds.fasta.supercontigs.fna	GCA_002245285.1_ASM224528v1_genomic.fna	79.3224	670	1832
DAN6.scaffolds.fasta.supercontigs.fna	GCA_014197955.1_ASM1419795v1_genomic.fna	79.3223	662	1832
DAN6.scaffolds.fasta.supercontigs.fna	GCA_028613695.1_ASM2861369v1_genomic.fna	79.3199	666	1832
DAN6.scaffolds.fasta.supercontigs.fna	GCA_001664485.1_ASM166448v1_genomic.fna	79.3193	671	1832
DAN6.scaffolds.fasta.supercontigs.fna	GCA_013408035.1_ASM1340803v1_genomic.fna	79.3176	672	1832
DAN6.scaffolds.fasta.supercontigs.fna	GCA_014194355.1_ASM1419435v1_genomic.fna	79.3173	667	1832
DAN6.scaffolds.fasta.supercontigs.fna	GCA_004123835.1_ASM412383v1_genomic.fna	79.3093	641	1832
DAN6.scaffolds.fasta.supercontigs.fna	GCA_029504675.1_ASM2950467v1_genomic.fna	79.3073	674	1832
DAN6.scaffolds.fasta.supercontigs.fna	GCA_014200075.1_ASM1420007v1_genomic.fna	79.3054	658	1832
DAN6.scaffolds.fasta.supercontigs.fna	GCA_014200055.1_ASM1420005v1_genomic.fna	79.3045	670	1832
DAN6.scaffolds.fasta.supercontigs.fna	GCA_003985205.1_ASM398520v1_genomic.fna	79.3035	671	1832
DAN6.scaffolds.fasta.supercontigs.fna	GCA_002531755.2_ASM253175v2_genomic.fna	79.3026	666	1832
DAN6.scaffolds.fasta.supercontigs.fna	GCA_022487505.1_ASM2248750v1_genomic.fna	79.3026	649	1832
DAN6.scaffolds.fasta.supercontigs.fna	GCA_019778545.1_ASM1977854v1_genomic.fna	79.3021	685	1832
DAN6.scaffolds.fasta.supercontigs.fna	GCA_001675075.1_ASM167507v1_genomic.fna	79.2992	667	1832
DAN6.scaffolds.fasta.supercontigs.fna	GCA_002531635.1_ASM253163v1_genomic.fna	79.2957	688	1832
DAN6.scaffolds.fasta.supercontigs.fna	GCA_913777305.1_SP350_3_metabat2_genome_mining.18_sub_genomic.fna	79.2945	482	1832
DAN6.scaffolds.fasta.supercontigs.fna	GCA_019799525.1_ASM1979952v1_genomic.fna	79.2921	663	1832
DAN6.scaffolds.fasta.supercontigs.fna	GCA_002211285.1_ASM221128v1_genomic.fna	79.2908	684	1832
DAN6.scaffolds.fasta.supercontigs.fna	GCA_016864575.1_ASM1686457v1_genomic.fna	79.2908	636	1832
DAN6.scaffolds.fasta.supercontigs.fna	GCA_020224115.1_ASM2022411v1_genomic.fna	79.2887	688	1832
DAN6.scaffolds.fasta.supercontigs.fna	GCA_002531935.1_ASM253193v1_genomic.fna	79.2869	689	1832
DAN6.scaffolds.fasta.supercontigs.fna	GCA_013004175.1_ASM1300417v1_genomic.fna	79.2868	636	1832
DAN6.scaffolds.fasta.supercontigs.fna	GCA_014194405.1_ASM1419440v1_genomic.fna	79.2865	657	1832
DAN6.scaffolds.fasta.supercontigs.fna	GCA_019793455.1_ASM1979345v1_genomic.fna	79.2836	669	1832
DAN6.scaffolds.fasta.supercontigs.fna	GCA_012276075.1_ASM1227607v1_genomic.fna	79.2834	695	1832
DAN6.scaffolds.fasta.supercontigs.fna	GCA_028548195.1_ASM2854819v1_genomic.fna	79.2827	650	1832
DAN6.scaffolds.fasta.supercontigs.fna	GCA_001005825.1_ASM100582v1_genomic.fna	79.2817	708	1832
DAN6.scaffolds.fasta.supercontigs.fna	GCA_002211305.1_ASM221130v1_genomic.fna	79.2816	686	1832
DAN6.scaffolds.fasta.supercontigs.fna	GCA_030053155.1_ASM3005315v1_genomic.fna	79.2801	692	1832
DAN6.scaffolds.fasta.supercontigs.fna	GCA_000271785.1_ASM27178v1_genomic.fna	79.2799	672	1832
DAN6.scaffolds.fasta.supercontigs.fna	GCA_030053015.1_ASM3005301v1_genomic.fna	79.2798	617	1832
DAN6.scaffolds.fasta.supercontigs.fna	GCA_014194165.1_ASM1419416v1_genomic.fna	79.2782	667	1832
DAN6.scaffolds.fasta.supercontigs.fna	GCA_014198015.1_ASM1419801v1_genomic.fna	79.2782	671	1832
DAN6.scaffolds.fasta.supercontigs.fna	GCA_019685035.1_ASM1968503v1_genomic.fna	79.278	661	1832
DAN6.scaffolds.fasta.supercontigs.fna	GCA_012276195.1_ASM1227619v1_genomic.fna	79.2775	672	1832
DAN6.scaffolds.fasta.supercontigs.fna	GCA_022385315.1_ASM2238531v1_genomic.fna	79.2774	673	1832
DAN6.scaffolds.fasta.supercontigs.fna	GCA_014207035.1_ASM1420703v1_genomic.fna	79.2764	678	1832
DAN6.scaffolds.fasta.supercontigs.fna	GCA_900156005.1_IMG-taxon_2708742418_annotated_assembly_genomic.fna	79.2758	701	1832
DAN6.scaffolds.fasta.supercontigs.fna	GCA_012276175.1_ASM1227617v1_genomic.fna	79.2741	689	1832
DAN6.scaffolds.fasta.supercontigs.fna	GCA_002211395.1_ASM221139v1_genomic.fna	79.274	685	1832
DAN6.scaffolds.fasta.supercontigs.fna	GCA_030053135.1_ASM3005313v1_genomic.fna	79.2739	653	1832
DAN6.scaffolds.fasta.supercontigs.fna	GCA_019798905.1_ASM1979890v1_genomic.fna	79.2727	691	1832
DAN6.scaffolds.fasta.supercontigs.fna	GCA_028613575.1_ASM2861357v1_genomic.fna	79.2713	668	1832
DAN6.scaffolds.fasta.supercontigs.fna	GCA_004016565.1_ASM401656v1_genomic.fna	79.2711	672	1832
DAN6.scaffolds.fasta.supercontigs.fna	GCA_913777705.1_maxbin_SP71_1.009_cleaned_genomic.fna	79.2699	53	1832
DAN6.scaffolds.fasta.supercontigs.fna	GCA_000172715.2_ASM17271v2_genomic.fna	79.2694	675	1832
DAN6.scaffolds.fasta.supercontigs.fna	GCA_014198795.1_ASM1419879v1_genomic.fna	79.268	662	1832
DAN6.scaffolds.fasta.supercontigs.fna	GCA_019799615.1_ASM1979961v1_genomic.fna	79.2678	698	1832
DAN6.scaffolds.fasta.supercontigs.fna	GCA_001854685.1_ASM185468v1_genomic.fna	79.2667	671	1832
DAN6.scaffolds.fasta.supercontigs.fna	GCA_031583805.1_ASM3158380v1_genomic.fna	79.2647	659	1832
DAN6.scaffolds.fasta.supercontigs.fna	GCA_031583895.1_ASM3158389v1_genomic.fna	79.2642	655	1832
DAN6.scaffolds.fasta.supercontigs.fna	GCA_007004135.1_ASM700413v1_genomic.fna	79.2636	661	1832
DAN6.scaffolds.fasta.supercontigs.fna	GCA_000483365.1_ASM48336v1_genomic.fna	79.2636	154	1832
DAN6.scaffolds.fasta.supercontigs.fna	GCA_014195045.1_ASM1419504v1_genomic.fna	79.2618	680	1832
DAN6.scaffolds.fasta.supercontigs.fna	GCA_014198535.1_ASM1419853v1_genomic.fna	79.2602	627	1832
DAN6.scaffolds.fasta.supercontigs.fna	GCA_014197475.1_ASM1419747v1_genomic.fna	79.2579	666	1832
DAN6.scaffolds.fasta.supercontigs.fna	GCA_000271825.1_ASM27182v1_genomic.fna	79.2564	653	1832
DAN6.scaffolds.fasta.supercontigs.fna	GCA_014197345.1_ASM1419734v1_genomic.fna	79.2519	691	1832
DAN6.scaffolds.fasta.supercontigs.fna	GCA_001297245.1_ASM129724v1_genomic.fna	79.2515	671	1832
DAN6.scaffolds.fasta.supercontigs.fna	GCA_013426945.1_ASM1342694v1_genomic.fna	79.2505	679	1832
DAN6.scaffolds.fasta.supercontigs.fna	GCA_019799665.1_ASM1979966v1_genomic.fna	79.2486	686	1832
DAN6.scaffolds.fasta.supercontigs.fna	GCA_012276355.1_ASM1227635v1_genomic.fna	79.2485	696	1832
DAN6.scaffolds.fasta.supercontigs.fna	GCA_012276335.1_ASM1227633v1_genomic.fna	79.247	689	1832
DAN6.scaffolds.fasta.supercontigs.fna	GCA_005860925.2_ASM586092v2_genomic.fna	79.2466	649	1832
DAN6.scaffolds.fasta.supercontigs.fna	GCA_014197535.1_ASM1419753v1_genomic.fna	79.2392	632	1832
DAN6.scaffolds.fasta.supercontigs.fna	GCA_014198005.1_ASM1419800v1_genomic.fna	79.2377	670	1832
DAN6.scaffolds.fasta.supercontigs.fna	GCA_019799045.1_ASM1979904v1_genomic.fna	79.2377	678	1832
DAN6.scaffolds.fasta.supercontigs.fna	GCA_014194375.1_ASM1419437v1_genomic.fna	79.2376	649	1832
DAN6.scaffolds.fasta.supercontigs.fna	GCA_002531775.1_ASM253177v1_genomic.fna	79.2373	648	1832
DAN6.scaffolds.fasta.supercontigs.fna	GCA_014194485.1_ASM1419448v1_genomic.fna	79.2369	646	1832
DAN6.scaffolds.fasta.supercontigs.fna	GCA_004305485.1_ASM430548v1_genomic.fna	79.2356	652	1832
DAN6.scaffolds.fasta.supercontigs.fna	GCA_019778795.1_ASM1977879v1_genomic.fna	79.235	671	1832
DAN6.scaffolds.fasta.supercontigs.fna	GCA_003400085.1_ASM340008v1_genomic.fna	79.235	671	1832
DAN6.scaffolds.fasta.supercontigs.fna	GCA_012276505.1_ASM1227650v1_genomic.fna	79.2343	677	1832
DAN6.scaffolds.fasta.supercontigs.fna	GCA_002600635.1_ASM260063v1_genomic.fna	79.2335	603	1832
DAN6.scaffolds.fasta.supercontigs.fna	GCA_001187535.1_ASM118753v1_genomic.fna	79.2322	651	1832
DAN6.scaffolds.fasta.supercontigs.fna	GCA_002531695.1_ASM253169v1_genomic.fna	79.2295	673	1832
DAN6.scaffolds.fasta.supercontigs.fna	GCA_013087625.1_ASM1308762v1_genomic.fna	79.2289	664	1832
DAN6.scaffolds.fasta.supercontigs.fna	GCA_014195245.1_ASM1419524v1_genomic.fna	79.2284	670	1832
DAN6.scaffolds.fasta.supercontigs.fna	GCA_003400125.1_ASM340012v1_genomic.fna	79.2278	683	1832
DAN6.scaffolds.fasta.supercontigs.fna	GCA_004304935.1_ASM430493v1_genomic.fna	79.2274	649	1832
DAN6.scaffolds.fasta.supercontigs.fna	GCA_000372205.1_ASM37220v1_genomic.fna	79.2261	683	1832
DAN6.scaffolds.fasta.supercontigs.fna	GCA_012276245.1_ASM1227624v1_genomic.fna	79.226	714	1832
DAN6.scaffolds.fasta.supercontigs.fna	GCA_012276025.1_ASM1227602v1_genomic.fna	79.2247	699	1832
DAN6.scaffolds.fasta.supercontigs.fna	GCA_005862305.2_ASM586230v2_genomic.fna	79.2228	664	1832
DAN6.scaffolds.fasta.supercontigs.fna	GCA_003985145.1_ASM398514v1_genomic.fna	79.2224	684	1832
DAN6.scaffolds.fasta.supercontigs.fna	GCA_005862185.2_ASM586218v2_genomic.fna	79.222	648	1832
DAN6.scaffolds.fasta.supercontigs.fna	GCA_014194475.1_ASM1419447v1_genomic.fna	79.2213	655	1832
DAN6.scaffolds.fasta.supercontigs.fna	GCA_025938135.1_ASM2593813v1_genomic.fna	79.22	651	1832
DAN6.scaffolds.fasta.supercontigs.fna	GCA_019799405.1_ASM1979940v1_genomic.fna	79.2195	691	1832
DAN6.scaffolds.fasta.supercontigs.fna	GCA_019778725.1_ASM1977872v1_genomic.fna	79.2179	694	1832
DAN6.scaffolds.fasta.supercontigs.fna	GCA_019779045.1_ASM1977904v1_genomic.fna	79.2166	648	1832
DAN6.scaffolds.fasta.supercontigs.fna	GCA_000271845.1_ASM27184v1_genomic.fna	79.2163	668	1832
DAN6.scaffolds.fasta.supercontigs.fna	GCA_019799605.1_ASM1979960v1_genomic.fna	79.2161	694	1832
DAN6.scaffolds.fasta.supercontigs.fna	GCA_019793435.1_ASM1979343v1_genomic.fna	79.2156	657	1832
DAN6.scaffolds.fasta.supercontigs.fna	GCA_019799155.1_ASM1979915v1_genomic.fna	79.2132	678	1832
DAN6.scaffolds.fasta.supercontigs.fna	GCA_004346285.1_ASM434628v1_genomic.fna	79.2119	678	1832
DAN6.scaffolds.fasta.supercontigs.fna	GCA_002914525.1_ASM291452v1_genomic.fna	79.2115	656	1832
DAN6.scaffolds.fasta.supercontigs.fna	GCA_014197615.1_ASM1419761v1_genomic.fna	79.2109	656	1832
DAN6.scaffolds.fasta.supercontigs.fna	GCA_012276475.1_ASM1227647v1_genomic.fna	79.21	677	1832
DAN6.scaffolds.fasta.supercontigs.fna	GCA_019799485.1_ASM1979948v1_genomic.fna	79.2099	674	1832
DAN6.scaffolds.fasta.supercontigs.fna	GCA_004305575.1_ASM430557v1_genomic.fna	79.2096	653	1832
DAN6.scaffolds.fasta.supercontigs.fna	GCA_002531725.1_ASM253172v1_genomic.fna	79.2093	687	1832
DAN6.scaffolds.fasta.supercontigs.fna	GCA_001664325.1_ASM166432v1_genomic.fna	79.2092	635	1832
DAN6.scaffolds.fasta.supercontigs.fna	GCA_019799385.1_ASM1979938v1_genomic.fna	79.2086	693	1832
DAN6.scaffolds.fasta.supercontigs.fna	GCA_019778765.1_ASM1977876v1_genomic.fna	79.2081	682	1832
DAN6.scaffolds.fasta.supercontigs.fna	GCA_012275605.1_ASM1227560v1_genomic.fna	79.208	667	1832
DAN6.scaffolds.fasta.supercontigs.fna	GCA_019799365.1_ASM1979936v1_genomic.fna	79.2077	663	1832
DAN6.scaffolds.fasta.supercontigs.fna	GCA_014638185.1_ASM1463818v1_genomic.fna	79.207	681	1832
DAN6.scaffolds.fasta.supercontigs.fna	GCA_019684995.1_ASM1968499v1_genomic.fna	79.207	599	1832
DAN6.scaffolds.fasta.supercontigs.fna	GCA_010668065.1_ASM1066806v1_genomic.fna	79.2064	688	1832
DAN6.scaffolds.fasta.supercontigs.fna	GCA_900108545.1_IMG-taxon_2600254933_annotated_assembly_genomic.fna	79.2056	539	1832
DAN6.scaffolds.fasta.supercontigs.fna	GCA_019430945.1_ASM1943094v1_genomic.fna	79.2055	689	1832
DAN6.scaffolds.fasta.supercontigs.fna	GCA_019799695.1_ASM1979969v1_genomic.fna	79.2042	728	1832
DAN6.scaffolds.fasta.supercontigs.fna	GCA_036964845.1_ASM3696484v1_genomic.fna	79.2039	668	1832
DAN6.scaffolds.fasta.supercontigs.fna	GCA_002531855.1_ASM253185v1_genomic.fna	79.2038	657	1832
DAN6.scaffolds.fasta.supercontigs.fna	GCA_014050125.1_ASM1405012v1_genomic.fna	79.2031	650	1832
DAN6.scaffolds.fasta.supercontigs.fna	GCA_019799055.1_ASM1979905v1_genomic.fna	79.2022	653	1832
DAN6.scaffolds.fasta.supercontigs.fna	GCA_031583855.1_ASM3158385v1_genomic.fna	79.2021	646	1832
DAN6.scaffolds.fasta.supercontigs.fna	GCA_014194205.1_ASM1419420v1_genomic.fna	79.2016	662	1832
DAN6.scaffolds.fasta.supercontigs.fna	GCA_001664345.1_ASM166434v1_genomic.fna	79.2014	639	1832
DAN6.scaffolds.fasta.supercontigs.fna	GCA_024346605.1_ASM2434660v1_genomic.fna	79.2009	697	1832
DAN6.scaffolds.fasta.supercontigs.fna	GCA_029193765.2_ASM2919376v2_genomic.fna	79.2006	623	1832
DAN6.scaffolds.fasta.supercontigs.fna	GCA_945952045.1_SRR9109403_bin.1_metaWRAP_v1.3_MAG_genomic.fna	79.1982	583	1832
DAN6.scaffolds.fasta.supercontigs.fna	GCA_031583915.1_ASM3158391v1_genomic.fna	79.1981	661	1832
DAN6.scaffolds.fasta.supercontigs.fna	GCA_001664465.1_ASM166446v1_genomic.fna	79.1978	638	1832
DAN6.scaffolds.fasta.supercontigs.fna	GCA_014194585.1_ASM1419458v1_genomic.fna	79.1973	661	1832
DAN6.scaffolds.fasta.supercontigs.fna	GCA_019799545.1_ASM1979954v1_genomic.fna	79.1959	704	1832
DAN6.scaffolds.fasta.supercontigs.fna	GCA_014194495.1_ASM1419449v1_genomic.fna	79.1951	670	1832
DAN6.scaffolds.fasta.supercontigs.fna	GCA_013591995.1_ASM1359199v1_genomic.fna	79.1947	664	1832
DAN6.scaffolds.fasta.supercontigs.fna	GCA_025941625.1_ASM2594162v1_genomic.fna	79.1945	657	1832
DAN6.scaffolds.fasta.supercontigs.fna	GCA_019798985.1_ASM1979898v1_genomic.fna	79.1945	665	1832
DAN6.scaffolds.fasta.supercontigs.fna	GCA_014641515.1_ASM1464151v1_genomic.fna	79.194	643	1832
DAN6.scaffolds.fasta.supercontigs.fna	GCA_014197405.1_ASM1419740v1_genomic.fna	79.1931	681	1832
DAN6.scaffolds.fasta.supercontigs.fna	GCA_021052345.1_ASM2105234v1_genomic.fna	79.1923	683	1832
DAN6.scaffolds.fasta.supercontigs.fna	GCA_002117725.1_ASM211772v1_genomic.fna	79.1906	629	1832
DAN6.scaffolds.fasta.supercontigs.fna	GCA_019778645.1_ASM1977864v1_genomic.fna	79.1903	667	1832
DAN6.scaffolds.fasta.supercontigs.fna	GCA_014194555.1_ASM1419455v1_genomic.fna	79.1903	664	1832
DAN6.scaffolds.fasta.supercontigs.fna	GCA_017876795.1_ASM1787679v1_genomic.fna	79.1902	628	1832
DAN6.scaffolds.fasta.supercontigs.fna	GCA_004304665.1_ASM430466v1_genomic.fna	79.1901	660	1832
DAN6.scaffolds.fasta.supercontigs.fna	GCA_014194525.1_ASM1419452v1_genomic.fna	79.1878	657	1832
DAN6.scaffolds.fasta.supercontigs.fna	GCA_004305475.1_ASM430547v1_genomic.fna	79.1877	668	1832
DAN6.scaffolds.fasta.supercontigs.fna	GCA_004330655.1_ASM433065v1_genomic.fna	79.1868	676	1832
DAN6.scaffolds.fasta.supercontigs.fna	GCA_009905715.1_ASM990571v1_genomic.fna	79.1865	512	1832
DAN6.scaffolds.fasta.supercontigs.fna	GCA_004305315.1_ASM430531v1_genomic.fna	79.1858	664	1832
DAN6.scaffolds.fasta.supercontigs.fna	GCA_002531645.1_ASM253164v1_genomic.fna	79.1856	673	1832
DAN6.scaffolds.fasta.supercontigs.fna	GCA_001664085.1_ASM166408v1_genomic.fna	79.1853	639	1832
DAN6.scaffolds.fasta.supercontigs.fna	GCA_012276155.1_ASM1227615v1_genomic.fna	79.1835	692	1832
DAN6.scaffolds.fasta.supercontigs.fna	GCA_000705615.1_CCGM1.1_genomic.fna	79.1832	658	1832
DAN6.scaffolds.fasta.supercontigs.fna	GCA_019798845.1_ASM1979884v1_genomic.fna	79.1824	670	1832
DAN6.scaffolds.fasta.supercontigs.fna	GCA_002531955.1_ASM253195v1_genomic.fna	79.1824	673	1832
DAN6.scaffolds.fasta.supercontigs.fna	GCA_013416305.1_ASM1341630v1_genomic.fna	79.1824	665	1832
DAN6.scaffolds.fasta.supercontigs.fna	GCA_014201355.1_ASM1420135v1_genomic.fna	79.1805	648	1832
DAN6.scaffolds.fasta.supercontigs.fna	GCA_014193175.1_ASM1419317v1_genomic.fna	79.18	686	1832
DAN6.scaffolds.fasta.supercontigs.fna	GCA_000194195.2_RhECNPAF512_1.0_genomic.fna	79.1799	628	1832
DAN6.scaffolds.fasta.supercontigs.fna	GCA_003400105.1_ASM340010v1_genomic.fna	79.178	682	1832
DAN6.scaffolds.fasta.supercontigs.fna	GCA_014198785.1_ASM1419878v1_genomic.fna	79.1775	617	1832
DAN6.scaffolds.fasta.supercontigs.fna	GCA_001424985.1_Root1212_genomic.fna	79.1773	601	1832
DAN6.scaffolds.fasta.supercontigs.fna	GCA_004305025.1_ASM430502v1_genomic.fna	79.1772	649	1832
DAN6.scaffolds.fasta.supercontigs.fna	GCA_019799425.1_ASM1979942v1_genomic.fna	79.1769	680	1832
DAN6.scaffolds.fasta.supercontigs.fna	GCA_004304975.1_ASM430497v1_genomic.fna	79.1768	651	1832
DAN6.scaffolds.fasta.supercontigs.fna	GCA_019684895.1_ASM1968489v1_genomic.fna	79.1757	596	1832
DAN6.scaffolds.fasta.supercontigs.fna	GCA_012275855.1_ASM1227585v1_genomic.fna	79.1752	674	1832
DAN6.scaffolds.fasta.supercontigs.fna	GCA_003425685.1_ASM342568v1_genomic.fna	79.1747	662	1832
DAN6.scaffolds.fasta.supercontigs.fna	GCA_002211295.1_ASM221129v1_genomic.fna	79.1744	658	1832
DAN6.scaffolds.fasta.supercontigs.fna	GCA_019778565.1_ASM1977856v1_genomic.fna	79.1742	684	1832
DAN6.scaffolds.fasta.supercontigs.fna	GCA_031583835.1_ASM3158383v1_genomic.fna	79.1735	657	1832
DAN6.scaffolds.fasta.supercontigs.fna	GCA_001664545.1_ASM166454v1_genomic.fna	79.173	635	1832
DAN6.scaffolds.fasta.supercontigs.fna	GCA_004305005.1_ASM430500v1_genomic.fna	79.1729	656	1832
DAN6.scaffolds.fasta.supercontigs.fna	GCA_010668805.1_ASM1066880v1_genomic.fna	79.1727	633	1832
DAN6.scaffolds.fasta.supercontigs.fna	GCA_019778835.1_ASM1977883v1_genomic.fna	79.1726	677	1832
DAN6.scaffolds.fasta.supercontigs.fna	GCA_004305615.1_ASM430561v1_genomic.fna	79.1717	663	1832
DAN6.scaffolds.fasta.supercontigs.fna	GCA_002531805.1_ASM253180v1_genomic.fna	79.1712	673	1832
DAN6.scaffolds.fasta.supercontigs.fna	GCA_019779065.1_ASM1977906v1_genomic.fna	79.1705	657	1832
DAN6.scaffolds.fasta.supercontigs.fna	GCA_004330075.1_ASM433007v1_genomic.fna	79.1695	678	1832
DAN6.scaffolds.fasta.supercontigs.fna	GCA_004305085.1_ASM430508v1_genomic.fna	79.1678	656	1832
DAN6.scaffolds.fasta.supercontigs.fna	GCA_004307035.1_ASM430703v1_genomic.fna	79.1673	689	1832
DAN6.scaffolds.fasta.supercontigs.fna	GCA_017357305.1_ASM1735730v1_genomic.fna	79.1656	700	1832
DAN6.scaffolds.fasta.supercontigs.fna	GCA_034720605.1_ASM3472060v1_genomic.fna	79.1648	623	1832
DAN6.scaffolds.fasta.supercontigs.fna	GCA_001664165.1_ASM166416v1_genomic.fna	79.1647	659	1832
DAN6.scaffolds.fasta.supercontigs.fna	GCA_019779115.1_ASM1977911v1_genomic.fna	79.1642	681	1832
DAN6.scaffolds.fasta.supercontigs.fna	GCA_000268285.2_RPHCH2410v2_genomic.fna	79.1633	663	1832
DAN6.scaffolds.fasta.supercontigs.fna	GCA_012276225.1_ASM1227622v1_genomic.fna	79.1633	675	1832
DAN6.scaffolds.fasta.supercontigs.fna	GCA_001423425.1_Leaf306_genomic.fna	79.1631	547	1832
DAN6.scaffolds.fasta.supercontigs.fna	GCA_001428925.1_Root268_genomic.fna	79.1626	598	1832
DAN6.scaffolds.fasta.supercontigs.fna	GCA_000485295.1_ASM48529v1_genomic.fna	79.1616	97	1832
DAN6.scaffolds.fasta.supercontigs.fna	GCA_002531655.1_ASM253165v1_genomic.fna	79.1604	676	1832
DAN6.scaffolds.fasta.supercontigs.fna	GCA_014197375.1_ASM1419737v1_genomic.fna	79.1598	669	1832
DAN6.scaffolds.fasta.supercontigs.fna	GCA_004329805.1_ASM432980v1_genomic.fna	79.1596	677	1832
DAN6.scaffolds.fasta.supercontigs.fna	GCA_036964825.1_ASM3696482v1_genomic.fna	79.1595	657	1832
DAN6.scaffolds.fasta.supercontigs.fna	GCA_019799585.1_ASM1979958v1_genomic.fna	79.1594	679	1832
DAN6.scaffolds.fasta.supercontigs.fna	GCA_019778505.1_ASM1977850v1_genomic.fna	79.158	683	1832
DAN6.scaffolds.fasta.supercontigs.fna	GCA_019798265.1_ASM1979826v1_genomic.fna	79.1578	697	1832
DAN6.scaffolds.fasta.supercontigs.fna	GCA_020224055.1_ASM2022405v1_genomic.fna	79.1578	674	1832
DAN6.scaffolds.fasta.supercontigs.fna	GCA_002953715.1_ASM295371v1_genomic.fna	79.1573	695	1832
DAN6.scaffolds.fasta.supercontigs.fna	GCA_019779105.1_ASM1977910v1_genomic.fna	79.1572	672	1832
DAN6.scaffolds.fasta.supercontigs.fna	GCA_031583875.1_ASM3158387v1_genomic.fna	79.1572	662	1832
DAN6.scaffolds.fasta.supercontigs.fna	GCA_032464805.1_ASM3246480v1_genomic.fna	79.1566	677	1832
DAN6.scaffolds.fasta.supercontigs.fna	GCA_019799555.1_ASM1979955v1_genomic.fna	79.1552	686	1832
DAN6.scaffolds.fasta.supercontigs.fna	GCA_019778865.1_ASM1977886v1_genomic.fna	79.155	681	1832
DAN6.scaffolds.fasta.supercontigs.fna	GCA_019798915.1_ASM1979891v1_genomic.fna	79.1545	658	1832
DAN6.scaffolds.fasta.supercontigs.fna	GCA_019798325.1_ASM1979832v1_genomic.fna	79.1542	686	1832
DAN6.scaffolds.fasta.supercontigs.fna	GCA_001664225.1_ASM166422v1_genomic.fna	79.1537	674	1832
DAN6.scaffolds.fasta.supercontigs.fna	GCA_002240185.1_ASM224018v1_genomic.fna	79.1535	679	1832
DAN6.scaffolds.fasta.supercontigs.fna	GCA_012275665.1_ASM1227566v1_genomic.fna	79.1535	692	1832
DAN6.scaffolds.fasta.supercontigs.fna	GCA_001664125.1_ASM166412v1_genomic.fna	79.1535	681	1832
DAN6.scaffolds.fasta.supercontigs.fna	GCA_014193215.1_ASM1419321v1_genomic.fna	79.1535	680	1832
DAN6.scaffolds.fasta.supercontigs.fna	GCA_001664265.1_ASM166426v1_genomic.fna	79.1532	645	1832
DAN6.scaffolds.fasta.supercontigs.fna	GCA_004305255.1_ASM430525v1_genomic.fna	79.1525	658	1832
DAN6.scaffolds.fasta.supercontigs.fna	GCA_017948245.1_ASM1794824v1_genomic.fna	79.1519	625	1832
DAN6.scaffolds.fasta.supercontigs.fna	GCA_014194185.1_ASM1419418v1_genomic.fna	79.151	679	1832
DAN6.scaffolds.fasta.supercontigs.fna	GCA_003985125.1_ASM398512v1_genomic.fna	79.1507	676	1832
DAN6.scaffolds.fasta.supercontigs.fna	GCA_001679785.1_ASM167978v1_genomic.fna	79.1503	678	1832
DAN6.scaffolds.fasta.supercontigs.fna	GCA_003150695.1_ASM315069v1_genomic.fna	79.1502	671	1832
DAN6.scaffolds.fasta.supercontigs.fna	GCA_000385155.1_ASM38515v1_genomic.fna	79.1501	669	1832
DAN6.scaffolds.fasta.supercontigs.fna	GCA_031457345.1_ASM3145734v1_genomic.fna	79.1498	595	1832
DAN6.scaffolds.fasta.supercontigs.fna	GCA_019778435.1_ASM1977843v1_genomic.fna	79.1497	663	1832
DAN6.scaffolds.fasta.supercontigs.fna	GCA_002531595.1_ASM253159v1_genomic.fna	79.1488	662	1832
DAN6.scaffolds.fasta.supercontigs.fna	GCA_001664105.1_ASM166410v1_genomic.fna	79.1477	673	1832
DAN6.scaffolds.fasta.supercontigs.fna	GCA_004322895.1_ASM432289v1_genomic.fna	79.1476	687	1832
DAN6.scaffolds.fasta.supercontigs.fna	GCA_002531795.1_ASM253179v1_genomic.fna	79.1472	633	1832
DAN6.scaffolds.fasta.supercontigs.fna	GCA_036936805.1_ASM3693680v1_genomic.fna	79.147	697	1832
DAN6.scaffolds.fasta.supercontigs.fna	GCA_019779005.1_ASM1977900v1_genomic.fna	79.1468	674	1832
DAN6.scaffolds.fasta.supercontigs.fna	GCA_014194045.1_ASM1419404v1_genomic.fna	79.1465	665	1832
DAN6.scaffolds.fasta.supercontigs.fna	GCA_004306785.1_ASM430678v1_genomic.fna	79.1461	696	1832
DAN6.scaffolds.fasta.supercontigs.fna	GCA_000377565.1_ASM37756v1_genomic.fna	79.1451	636	1832
DAN6.scaffolds.fasta.supercontigs.fna	GCA_003025035.1_ASM302503v1_genomic.fna	79.1446	513	1832
DAN6.scaffolds.fasta.supercontigs.fna	GCA_001664525.1_ASM166452v1_genomic.fna	79.1445	642	1832
DAN6.scaffolds.fasta.supercontigs.fna	GCA_023701965.1_ASM2370196v1_genomic.fna	79.1435	616	1832
DAN6.scaffolds.fasta.supercontigs.fna	GCA_019779585.1_ASM1977958v1_genomic.fna	79.1424	676	1832
DAN6.scaffolds.fasta.supercontigs.fna	GCA_004305375.1_ASM430537v1_genomic.fna	79.1422	664	1832
DAN6.scaffolds.fasta.supercontigs.fna	GCA_014841925.1_ASM1484192v1_genomic.fna	79.1417	558	1832
DAN6.scaffolds.fasta.supercontigs.fna	GCA_004306455.1_ASM430645v1_genomic.fna	79.14	693	1832
DAN6.scaffolds.fasta.supercontigs.fna	GCA_010668945.1_ASM1066894v1_genomic.fna	79.1392	699	1832
DAN6.scaffolds.fasta.supercontigs.fna	GCA_004305235.1_ASM430523v1_genomic.fna	79.1391	671	1832
DAN6.scaffolds.fasta.supercontigs.fna	GCA_003351165.1_ASM335116v1_genomic.fna	79.1389	676	1832
DAN6.scaffolds.fasta.supercontigs.fna	GCA_004329795.1_ASM432979v1_genomic.fna	79.1386	668	1832
DAN6.scaffolds.fasta.supercontigs.fna	GCA_010668605.1_ASM1066860v1_genomic.fna	79.1384	644	1832
DAN6.scaffolds.fasta.supercontigs.fna	GCA_019799225.1_ASM1979922v1_genomic.fna	79.1378	688	1832
DAN6.scaffolds.fasta.supercontigs.fna	GCA_001664285.1_ASM166428v1_genomic.fna	79.1376	681	1832
DAN6.scaffolds.fasta.supercontigs.fna	GCA_019779145.1_ASM1977914v1_genomic.fna	79.1374	689	1832
DAN6.scaffolds.fasta.supercontigs.fna	GCA_019778695.1_ASM1977869v1_genomic.fna	79.1373	691	1832
DAN6.scaffolds.fasta.supercontigs.fna	GCA_010668505.1_ASM1066850v1_genomic.fna	79.1372	678	1832
DAN6.scaffolds.fasta.supercontigs.fna	GCA_014194315.1_ASM1419431v1_genomic.fna	79.1369	645	1832
DAN6.scaffolds.fasta.supercontigs.fna	GCA_036936735.1_ASM3693673v1_genomic.fna	79.1361	660	1832
DAN6.scaffolds.fasta.supercontigs.fna	GCA_002531905.1_ASM253190v1_genomic.fna	79.1358	641	1832
DAN6.scaffolds.fasta.supercontigs.fna	GCA_004306875.1_ASM430687v1_genomic.fna	79.134	686	1832
DAN6.scaffolds.fasta.supercontigs.fna	GCA_019799125.1_ASM1979912v1_genomic.fna	79.133	674	1832
DAN6.scaffolds.fasta.supercontigs.fna	GCA_004028085.1_ASM402808v1_genomic.fna	79.1327	663	1832
DAN6.scaffolds.fasta.supercontigs.fna	GCA_019793395.1_ASM1979339v1_genomic.fna	79.132	654	1832
DAN6.scaffolds.fasta.supercontigs.fna	GCA_019778745.1_ASM1977874v1_genomic.fna	79.1301	671	1832
DAN6.scaffolds.fasta.supercontigs.fna	GCA_000520875.1_ASM52087v1_genomic.fna	79.1301	669	1832
DAN6.scaffolds.fasta.supercontigs.fna	GCA_026105885.1_ASM2610588v1_genomic.fna	79.13	674	1832
DAN6.scaffolds.fasta.supercontigs.fna	GCA_963515175.1_ERR9969061_bin.5_MetaWRAP_v1.3_MAG_genomic.fna	79.1299	554	1832
DAN6.scaffolds.fasta.supercontigs.fna	GCA_019778905.1_ASM1977890v1_genomic.fna	79.1295	657	1832
DAN6.scaffolds.fasta.supercontigs.fna	GCA_004305305.1_ASM430530v1_genomic.fna	79.1295	667	1832
DAN6.scaffolds.fasta.supercontigs.fna	GCA_012276125.1_ASM1227612v1_genomic.fna	79.1276	677	1832
DAN6.scaffolds.fasta.supercontigs.fna	GCA_002531615.1_ASM253161v1_genomic.fna	79.1266	682	1832
DAN6.scaffolds.fasta.supercontigs.fna	GCA_019799185.1_ASM1979918v1_genomic.fna	79.1265	676	1832
DAN6.scaffolds.fasta.supercontigs.fna	GCA_001423215.1_Leaf321_genomic.fna	79.126	569	1832
DAN6.scaffolds.fasta.supercontigs.fna	GCA_019778935.1_ASM1977893v1_genomic.fna	79.1259	666	1832
DAN6.scaffolds.fasta.supercontigs.fna	GCA_019798885.1_ASM1979888v1_genomic.fna	79.1258	672	1832
DAN6.scaffolds.fasta.supercontigs.fna	GCA_004304585.1_ASM430458v1_genomic.fna	79.1257	660	1832
DAN6.scaffolds.fasta.supercontigs.fna	GCA_014200135.1_ASM1420013v1_genomic.fna	79.1257	643	1832
DAN6.scaffolds.fasta.supercontigs.fna	GCA_001664425.1_ASM166442v1_genomic.fna	79.125	670	1832
DAN6.scaffolds.fasta.supercontigs.fna	GCA_004330135.1_ASM433013v1_genomic.fna	79.1248	689	1832
DAN6.scaffolds.fasta.supercontigs.fna	GCA_000517605.1_ASM51760v1_genomic.fna	79.1234	658	1832
DAN6.scaffolds.fasta.supercontigs.fna	GCA_012276485.1_ASM1227648v1_genomic.fna	79.1231	687	1832
DAN6.scaffolds.fasta.supercontigs.fna	GCA_013391665.1_ASM1339166v1_genomic.fna	79.1229	673	1832
DAN6.scaffolds.fasta.supercontigs.fna	GCA_001632995.1_ASM163299v1_genomic.fna	79.1228	679	1832
DAN6.scaffolds.fasta.supercontigs.fna	GCA_000271805.1_ASM27180v1_genomic.fna	79.1222	672	1832
DAN6.scaffolds.fasta.supercontigs.fna	GCA_010668285.1_ASM1066828v1_genomic.fna	79.1221	664	1832
DAN6.scaffolds.fasta.supercontigs.fna	GCA_019685415.1_ASM1968541v1_genomic.fna	79.1219	610	1832
DAN6.scaffolds.fasta.supercontigs.fna	GCA_004330175.1_ASM433017v1_genomic.fna	79.1219	669	1832
DAN6.scaffolds.fasta.supercontigs.fna	GCA_029894065.1_ASM2989406v1_genomic.fna	79.1218	655	1832
DAN6.scaffolds.fasta.supercontigs.fna	GCA_017357385.1_ASM1735738v1_genomic.fna	79.1217	631	1832
DAN6.scaffolds.fasta.supercontigs.fna	GCA_030380735.1_ASM3038073v1_genomic.fna	79.1212	597	1832
DAN6.scaffolds.fasta.supercontigs.fna	GCA_013426935.1_ASM1342693v1_genomic.fna	79.1211	668	1832
DAN6.scaffolds.fasta.supercontigs.fna	GCA_004306175.1_ASM430617v1_genomic.fna	79.121	693	1832
DAN6.scaffolds.fasta.supercontigs.fna	GCA_001664205.1_ASM166420v1_genomic.fna	79.1209	675	1832
DAN6.scaffolds.fasta.supercontigs.fna	GCA_004306915.1_ASM430691v1_genomic.fna	79.1208	686	1832
DAN6.scaffolds.fasta.supercontigs.fna	GCA_013391685.1_ASM1339168v1_genomic.fna	79.1207	671	1832
DAN6.scaffolds.fasta.supercontigs.fna	GCA_001664405.1_ASM166440v1_genomic.fna	79.1204	669	1832
DAN6.scaffolds.fasta.supercontigs.fna	GCA_013391705.1_ASM1339170v1_genomic.fna	79.1202	675	1832
DAN6.scaffolds.fasta.supercontigs.fna	GCA_019799025.1_ASM1979902v1_genomic.fna	79.1199	671	1832
DAN6.scaffolds.fasta.supercontigs.fna	GCA_019778965.1_ASM1977896v1_genomic.fna	79.1194	699	1832
DAN6.scaffolds.fasta.supercontigs.fna	GCA_000372305.1_ASM37230v1_genomic.fna	79.1188	669	1832
DAN6.scaffolds.fasta.supercontigs.fna	GCA_034419375.1_ASM3441937v1_genomic.fna	79.1186	649	1832
DAN6.scaffolds.fasta.supercontigs.fna	GCA_010668475.1_ASM1066847v1_genomic.fna	79.1181	679	1832
DAN6.scaffolds.fasta.supercontigs.fna	GCA_030380805.1_ASM3038080v1_genomic.fna	79.1172	629	1832
DAN6.scaffolds.fasta.supercontigs.fna	GCA_019685435.1_ASM1968543v1_genomic.fna	79.1171	602	1832
DAN6.scaffolds.fasta.supercontigs.fna	GCA_004306065.1_ASM430606v1_genomic.fna	79.1167	698	1832
DAN6.scaffolds.fasta.supercontigs.fna	GCA_003351185.1_ASM335118v1_genomic.fna	79.1165	679	1832
DAN6.scaffolds.fasta.supercontigs.fna	GCA_019685235.1_ASM1968523v1_genomic.fna	79.1164	622	1832
DAN6.scaffolds.fasta.supercontigs.fna	GCA_017313375.1_ASM1731337v1_genomic.fna	79.1161	644	1832
DAN6.scaffolds.fasta.supercontigs.fna	GCA_019685485.1_ASM1968548v1_genomic.fna	79.1156	616	1832
DAN6.scaffolds.fasta.supercontigs.fna	GCA_032092815.1_ASM3209281v1_genomic.fna	79.1154	637	1832
DAN6.scaffolds.fasta.supercontigs.fna	GCA_019778885.1_ASM1977888v1_genomic.fna	79.1152	663	1832
DAN6.scaffolds.fasta.supercontigs.fna	GCA_019778805.1_ASM1977880v1_genomic.fna	79.1151	642	1832
DAN6.scaffolds.fasta.supercontigs.fna	GCA_010365265.1_ASM1036526v1_genomic.fna	79.1148	676	1832
DAN6.scaffolds.fasta.supercontigs.fna	GCA_001664245.1_ASM166424v1_genomic.fna	79.1147	677	1832
DAN6.scaffolds.fasta.supercontigs.fna	GCA_019778595.1_ASM1977859v1_genomic.fna	79.1147	675	1832
DAN6.scaffolds.fasta.supercontigs.fna	GCA_004330555.1_ASM433055v1_genomic.fna	79.1146	653	1832
DAN6.scaffolds.fasta.supercontigs.fna	GCA_019685185.1_ASM1968518v1_genomic.fna	79.1145	612	1832
DAN6.scaffolds.fasta.supercontigs.fna	GCA_001664305.1_ASM166430v1_genomic.fna	79.1131	634	1832
DAN6.scaffolds.fasta.supercontigs.fna	GCA_019685455.1_ASM1968545v1_genomic.fna	79.1131	618	1832
DAN6.scaffolds.fasta.supercontigs.fna	GCA_004329785.1_ASM432978v1_genomic.fna	79.113	675	1832
DAN6.scaffolds.fasta.supercontigs.fna	GCA_004306835.1_ASM430683v1_genomic.fna	79.1125	696	1832
DAN6.scaffolds.fasta.supercontigs.fna	GCA_019778985.1_ASM1977898v1_genomic.fna	79.1124	683	1832
DAN6.scaffolds.fasta.supercontigs.fna	GCA_010668705.1_ASM1066870v1_genomic.fna	79.1124	673	1832
DAN6.scaffolds.fasta.supercontigs.fna	GCA_014200175.1_ASM1420017v1_genomic.fna	79.1104	650	1832
DAN6.scaffolds.fasta.supercontigs.fna	GCA_019798345.1_ASM1979834v1_genomic.fna	79.1104	696	1832
DAN6.scaffolds.fasta.supercontigs.fna	GCA_014194455.1_ASM1419445v1_genomic.fna	79.1101	669	1832
DAN6.scaffolds.fasta.supercontigs.fna	GCA_010668715.1_ASM1066871v1_genomic.fna	79.1101	676	1832
DAN6.scaffolds.fasta.supercontigs.fna	GCA_001664145.1_ASM166414v1_genomic.fna	79.1099	634	1832
DAN6.scaffolds.fasta.supercontigs.fna	GCA_025200795.1_ASM2520079v1_genomic.fna	79.1094	670	1832
DAN6.scaffolds.fasta.supercontigs.fna	GCA_025847085.1_ASM2584708v1_genomic.fna	79.1094	685	1832
DAN6.scaffolds.fasta.supercontigs.fna	GCA_019799505.1_ASM1979950v1_genomic.fna	79.1093	670	1832
DAN6.scaffolds.fasta.supercontigs.fna	GCA_019798145.1_ASM1979814v1_genomic.fna	79.1085	674	1832
DAN6.scaffolds.fasta.supercontigs.fna	GCA_019779085.1_ASM1977908v1_genomic.fna	79.1077	682	1832
DAN6.scaffolds.fasta.supercontigs.fna	GCA_019685175.1_ASM1968517v1_genomic.fna	79.1073	607	1832
DAN6.scaffolds.fasta.supercontigs.fna	GCA_030518245.1_ASM3051824v1_genomic.fna	79.1063	633	1832
DAN6.scaffolds.fasta.supercontigs.fna	GCA_019798945.1_ASM1979894v1_genomic.fna	79.1063	667	1832
DAN6.scaffolds.fasta.supercontigs.fna	GCA_014198695.1_ASM1419869v1_genomic.fna	79.1057	652	1832
DAN6.scaffolds.fasta.supercontigs.fna	GCA_004305935.1_ASM430593v1_genomic.fna	79.1051	700	1832
DAN6.scaffolds.fasta.supercontigs.fna	GCA_019685085.1_ASM1968508v1_genomic.fna	79.105	613	1832
DAN6.scaffolds.fasta.supercontigs.fna	GCA_019779325.1_ASM1977932v1_genomic.fna	79.1046	666	1832
DAN6.scaffolds.fasta.supercontigs.fna	GCA_012275435.1_ASM1227543v1_genomic.fna	79.1039	568	1832
DAN6.scaffolds.fasta.supercontigs.fna	GCA_002531715.1_ASM253171v1_genomic.fna	79.1039	675	1832
DAN6.scaffolds.fasta.supercontigs.fna	GCA_000379005.1_ASM37900v1_genomic.fna	79.1036	655	1832
DAN6.scaffolds.fasta.supercontigs.fna	GCA_019685395.1_ASM1968539v1_genomic.fna	79.1028	615	1832
DAN6.scaffolds.fasta.supercontigs.fna	GCA_019779835.1_ASM1977983v1_genomic.fna	79.1027	673	1832
DAN6.scaffolds.fasta.supercontigs.fna	GCA_036571585.1_ASM3657158v1_genomic.fna	79.1027	658	1832
DAN6.scaffolds.fasta.supercontigs.fna	GCA_004330935.1_ASM433093v1_genomic.fna	79.1022	654	1832
DAN6.scaffolds.fasta.supercontigs.fna	GCA_014200155.1_ASM1420015v1_genomic.fna	79.1016	650	1832
DAN6.scaffolds.fasta.supercontigs.fna	GCA_036964765.1_ASM3696476v1_genomic.fna	79.1013	669	1832
DAN6.scaffolds.fasta.supercontigs.fna	GCA_010668545.1_ASM1066854v1_genomic.fna	79.1009	704	1832
DAN6.scaffolds.fasta.supercontigs.fna	GCA_019685295.1_ASM1968529v1_genomic.fna	79.1007	618	1832
DAN6.scaffolds.fasta.supercontigs.fna	GCA_035926785.1_ASM3592678v1_genomic.fna	79.1006	662	1832
DAN6.scaffolds.fasta.supercontigs.fna	GCA_004307025.1_ASM430702v1_genomic.fna	79.1004	692	1832
DAN6.scaffolds.fasta.supercontigs.fna	GCA_013087605.1_ASM1308760v1_genomic.fna	79.1002	668	1832
DAN6.scaffolds.fasta.supercontigs.fna	GCA_019798665.1_ASM1979866v1_genomic.fna	79.1	653	1832
DAN6.scaffolds.fasta.supercontigs.fna	GCA_019778685.1_ASM1977868v1_genomic.fna	79.0996	686	1832
DAN6.scaffolds.fasta.supercontigs.fna	GCA_019779345.1_ASM1977934v1_genomic.fna	79.0993	661	1832
DAN6.scaffolds.fasta.supercontigs.fna	GCA_014194595.1_ASM1419459v1_genomic.fna	79.0988	670	1832
DAN6.scaffolds.fasta.supercontigs.fna	GCA_000427945.1_ASM42794v1_genomic.fna	79.0988	670	1832
DAN6.scaffolds.fasta.supercontigs.fna	GCA_001612535.1_ASM161253v1_genomic.fna	79.0987	695	1832
DAN6.scaffolds.fasta.supercontigs.fna	GCA_029076475.1_ASM2907647v1_genomic.fna	79.0986	664	1832
DAN6.scaffolds.fasta.supercontigs.fna	GCA_004303145.1_ASM430314v1_genomic.fna	79.0986	664	1832
DAN6.scaffolds.fasta.supercontigs.fna	GCA_004305435.1_ASM430543v1_genomic.fna	79.0982	681	1832
DAN6.scaffolds.fasta.supercontigs.fna	GCA_012275915.1_ASM1227591v1_genomic.fna	79.0982	660	1832
DAN6.scaffolds.fasta.supercontigs.fna	GCA_012275795.1_ASM1227579v1_genomic.fna	79.0981	674	1832
DAN6.scaffolds.fasta.supercontigs.fna	GCA_035964835.1_ASM3596483v1_genomic.fna	79.0973	693	1832
DAN6.scaffolds.fasta.supercontigs.fna	GCA_035921805.1_ASM3592180v1_genomic.fna	79.0972	684	1832
DAN6.scaffolds.fasta.supercontigs.fna	GCA_004306655.1_ASM430665v1_genomic.fna	79.0971	688	1832
DAN6.scaffolds.fasta.supercontigs.fna	GCA_019685345.1_ASM1968534v1_genomic.fna	79.0967	623	1832
DAN6.scaffolds.fasta.supercontigs.fna	GCA_022354505.1_ASM2235450v1_genomic.fna	79.0967	674	1832
DAN6.scaffolds.fasta.supercontigs.fna	GCA_032057865.1_ASM3205786v1_genomic.fna	79.0961	612	1832
DAN6.scaffolds.fasta.supercontigs.fna	GCA_004329915.1_ASM432991v1_genomic.fna	79.0958	646	1832
DAN6.scaffolds.fasta.supercontigs.fna	GCA_035282125.1_ASM3528212v1_genomic.fna	79.0958	617	1832
DAN6.scaffolds.fasta.supercontigs.fna	GCA_019798805.1_ASM1979880v1_genomic.fna	79.0953	673	1832
DAN6.scaffolds.fasta.supercontigs.fna	GCA_019685315.1_ASM1968531v1_genomic.fna	79.0951	614	1832
DAN6.scaffolds.fasta.supercontigs.fna	GCA_001854865.1_ASM185486v1_genomic.fna	79.0942	653	1832
DAN6.scaffolds.fasta.supercontigs.fna	GCA_004303115.1_ASM430311v1_genomic.fna	79.0942	671	1832
DAN6.scaffolds.fasta.supercontigs.fna	GCA_010668265.1_ASM1066826v1_genomic.fna	79.0941	692	1832
DAN6.scaffolds.fasta.supercontigs.fna	GCA_004329895.1_ASM432989v1_genomic.fna	79.0926	656	1832
DAN6.scaffolds.fasta.supercontigs.fna	GCA_019779785.1_ASM1977978v1_genomic.fna	79.0921	673	1832
DAN6.scaffolds.fasta.supercontigs.fna	GCA_019684125.1_ASM1968412v1_genomic.fna	79.092	619	1832
DAN6.scaffolds.fasta.supercontigs.fna	GCA_019798445.1_ASM1979844v1_genomic.fna	79.0918	624	1832
DAN6.scaffolds.fasta.supercontigs.fna	GCA_019778655.1_ASM1977865v1_genomic.fna	79.0917	692	1832
DAN6.scaffolds.fasta.supercontigs.fna	GCA_019799435.1_ASM1979943v1_genomic.fna	79.0914	662	1832
DAN6.scaffolds.fasta.supercontigs.fna	GCA_014194325.1_ASM1419432v1_genomic.fna	79.0902	666	1832
DAN6.scaffolds.fasta.supercontigs.fna	GCA_000419705.1_ASM41970v1_genomic.fna	79.0901	695	1832
DAN6.scaffolds.fasta.supercontigs.fna	GCA_004307195.1_ASM430719v1_genomic.fna	79.0897	696	1832
DAN6.scaffolds.fasta.supercontigs.fna	GCA_029194105.1_ASM2919410v1_genomic.fna	79.0896	638	1832
DAN6.scaffolds.fasta.supercontigs.fna	GCA_004306055.1_ASM430605v1_genomic.fna	79.0896	675	1832
DAN6.scaffolds.fasta.supercontigs.fna	GCA_036967165.1_ASM3696716v1_genomic.fna	79.0893	692	1832
DAN6.scaffolds.fasta.supercontigs.fna	GCA_019778555.1_ASM1977855v1_genomic.fna	79.0893	690	1832
DAN6.scaffolds.fasta.supercontigs.fna	GCA_011604525.1_ASM1160452v1_genomic.fna	79.0891	663	1832
DAN6.scaffolds.fasta.supercontigs.fna	GCA_019799295.1_ASM1979929v1_genomic.fna	79.089	669	1832
DAN6.scaffolds.fasta.supercontigs.fna	GCA_035970435.1_ASM3597043v1_genomic.fna	79.089	674	1832
DAN6.scaffolds.fasta.supercontigs.fna	GCA_014198655.1_ASM1419865v1_genomic.fna	79.0889	656	1832
DAN6.scaffolds.fasta.supercontigs.fna	GCA_004330545.1_ASM433054v1_genomic.fna	79.0886	647	1832
DAN6.scaffolds.fasta.supercontigs.fna	GCA_012927355.1_ASM1292735v1_genomic.fna	79.0882	551	1832
DAN6.scaffolds.fasta.supercontigs.fna	GCA_001664385.1_ASM166438v1_genomic.fna	79.0877	670	1832
DAN6.scaffolds.fasta.supercontigs.fna	GCA_003024605.1_ASM302460v1_genomic.fna	79.0876	503	1832
DAN6.scaffolds.fasta.supercontigs.fna	GCA_004329775.1_ASM432977v1_genomic.fna	79.0875	690	1832
DAN6.scaffolds.fasta.supercontigs.fna	GCA_004303125.1_ASM430312v1_genomic.fna	79.0874	659	1832
DAN6.scaffolds.fasta.supercontigs.fna	GCA_019779025.1_ASM1977902v1_genomic.fna	79.087	681	1832
DAN6.scaffolds.fasta.supercontigs.fna	GCA_010668515.1_ASM1066851v1_genomic.fna	79.0868	694	1832
DAN6.scaffolds.fasta.supercontigs.fna	GCA_019685075.1_ASM1968507v1_genomic.fna	79.0865	641	1832
DAN6.scaffolds.fasta.supercontigs.fna	GCA_004304855.1_ASM430485v1_genomic.fna	79.0863	669	1832
DAN6.scaffolds.fasta.supercontigs.fna	GCA_004305625.1_ASM430562v1_genomic.fna	79.0859	697	1832
DAN6.scaffolds.fasta.supercontigs.fna	GCA_004330095.1_ASM433009v1_genomic.fna	79.0856	645	1832
DAN6.scaffolds.fasta.supercontigs.fna	GCA_004330735.1_ASM433073v1_genomic.fna	79.0855	654	1832
DAN6.scaffolds.fasta.supercontigs.fna	GCA_001664365.1_ASM166436v1_genomic.fna	79.0855	674	1832
DAN6.scaffolds.fasta.supercontigs.fna	GCA_014194425.1_ASM1419442v1_genomic.fna	79.0853	673	1832
DAN6.scaffolds.fasta.supercontigs.fna	GCA_004307125.1_ASM430712v1_genomic.fna	79.0851	708	1832
DAN6.scaffolds.fasta.supercontigs.fna	GCA_004307045.1_ASM430704v1_genomic.fna	79.085	693	1832
DAN6.scaffolds.fasta.supercontigs.fna	GCA_010668245.1_ASM1066824v1_genomic.fna	79.085	649	1832
DAN6.scaffolds.fasta.supercontigs.fna	GCA_019685335.1_ASM1968533v1_genomic.fna	79.0845	615	1832
DAN6.scaffolds.fasta.supercontigs.fna	GCA_010668875.1_ASM1066887v1_genomic.fna	79.0843	731	1832
DAN6.scaffolds.fasta.supercontigs.fna	GCA_001890425.1_ASM189042v1_genomic.fna	79.0841	685	1832
DAN6.scaffolds.fasta.supercontigs.fna	GCA_004306815.1_ASM430681v1_genomic.fna	79.0841	695	1832
DAN6.scaffolds.fasta.supercontigs.fna	GCA_900155885.1_IMG-taxon_2708742416_annotated_assembly_genomic.fna	79.084	509	1832
DAN6.scaffolds.fasta.supercontigs.fna	GCA_030160595.1_ASM3016059v1_genomic.fna	79.0838	670	1832
DAN6.scaffolds.fasta.supercontigs.fna	GCA_019799105.1_ASM1979910v1_genomic.fna	79.0837	676	1832
DAN6.scaffolds.fasta.supercontigs.fna	GCA_004304775.1_ASM430477v1_genomic.fna	79.0833	666	1832
DAN6.scaffolds.fasta.supercontigs.fna	GCA_012276115.1_ASM1227611v1_genomic.fna	79.083	696	1832
DAN6.scaffolds.fasta.supercontigs.fna	GCA_004329985.1_ASM432998v1_genomic.fna	79.0828	651	1832
DAN6.scaffolds.fasta.supercontigs.fna	GCA_004304435.1_ASM430443v1_genomic.fna	79.0827	681	1832
DAN6.scaffolds.fasta.supercontigs.fna	GCA_019779925.1_ASM1977992v1_genomic.fna	79.0826	677	1832
DAN6.scaffolds.fasta.supercontigs.fna	GCA_000517045.1_ASM51704v1_genomic.fna	79.0826	676	1832
DAN6.scaffolds.fasta.supercontigs.fna	GCA_000020265.1_ASM2026v1_genomic.fna	79.0824	669	1832
DAN6.scaffolds.fasta.supercontigs.fna	GCA_004330085.1_ASM433008v1_genomic.fna	79.0823	670	1832
DAN6.scaffolds.fasta.supercontigs.fna	GCA_019685275.1_ASM1968527v1_genomic.fna	79.0817	618	1832
DAN6.scaffolds.fasta.supercontigs.fna	GCA_019684955.1_ASM1968495v1_genomic.fna	79.0815	616	1832
DAN6.scaffolds.fasta.supercontigs.fna	GCA_002338015.1_ASM233801v1_genomic.fna	79.0813	562	1832
DAN6.scaffolds.fasta.supercontigs.fna	GCA_004330755.1_ASM433075v1_genomic.fna	79.0812	662	1832
DAN6.scaffolds.fasta.supercontigs.fna	GCA_018987265.1_ASM1898726v1_genomic.fna	79.081	601	1832
DAN6.scaffolds.fasta.supercontigs.fna	GCA_004305945.1_ASM430594v1_genomic.fna	79.081	697	1832
DAN6.scaffolds.fasta.supercontigs.fna	GCA_014194255.1_ASM1419425v1_genomic.fna	79.0809	667	1832
DAN6.scaffolds.fasta.supercontigs.fna	GCA_014198115.1_ASM1419811v1_genomic.fna	79.0804	657	1832
DAN6.scaffolds.fasta.supercontigs.fna	GCA_019685015.1_ASM1968501v1_genomic.fna	79.0804	642	1832
DAN6.scaffolds.fasta.supercontigs.fna	GCA_019685375.1_ASM1968537v1_genomic.fna	79.0793	610	1832
DAN6.scaffolds.fasta.supercontigs.fna	GCA_019779495.1_ASM1977949v1_genomic.fna	79.0792	662	1832
DAN6.scaffolds.fasta.supercontigs.fna	GCA_004305755.1_ASM430575v1_genomic.fna	79.0789	695	1832
DAN6.scaffolds.fasta.supercontigs.fna	GCA_004330845.1_ASM433084v1_genomic.fna	79.0789	664	1832
DAN6.scaffolds.fasta.supercontigs.fna	GCA_004303215.1_ASM430321v1_genomic.fna	79.0786	666	1832
DAN6.scaffolds.fasta.supercontigs.fna	GCA_017741935.1_ASM1774193v1_genomic.fna	79.0785	642	1832
DAN6.scaffolds.fasta.supercontigs.fna	GCA_010668195.1_ASM1066819v1_genomic.fna	79.0783	675	1832
DAN6.scaffolds.fasta.supercontigs.fna	GCA_001664445.1_ASM166444v1_genomic.fna	79.0783	671	1832
DAN6.scaffolds.fasta.supercontigs.fna	GCA_035921825.1_ASM3592182v1_genomic.fna	79.0782	687	1832
DAN6.scaffolds.fasta.supercontigs.fna	GCA_014194235.1_ASM1419423v1_genomic.fna	79.0781	679	1832
DAN6.scaffolds.fasta.supercontigs.fna	GCA_019779565.1_ASM1977956v1_genomic.fna	79.078	668	1832
DAN6.scaffolds.fasta.supercontigs.fna	GCA_004306805.1_ASM430680v1_genomic.fna	79.0778	704	1832
DAN6.scaffolds.fasta.supercontigs.fna	GCA_012241405.1_ASM1224140v1_genomic.fna	79.0777	650	1832
DAN6.scaffolds.fasta.supercontigs.fna	GCA_036964745.1_ASM3696474v1_genomic.fna	79.0774	688	1832
DAN6.scaffolds.fasta.supercontigs.fna	GCA_019779205.1_ASM1977920v1_genomic.fna	79.0767	679	1832
DAN6.scaffolds.fasta.supercontigs.fna	GCA_012241395.2_ASM1224139v2_genomic.fna	79.0764	674	1832
DAN6.scaffolds.fasta.supercontigs.fna	GCA_004304905.1_ASM430490v1_genomic.fna	79.0764	659	1832
DAN6.scaffolds.fasta.supercontigs.fna	GCA_010668905.1_ASM1066890v1_genomic.fna	79.0763	679	1832
DAN6.scaffolds.fasta.supercontigs.fna	GCA_019799205.1_ASM1979920v1_genomic.fna	79.0762	685	1832
DAN6.scaffolds.fasta.supercontigs.fna	GCA_014198665.1_ASM1419866v1_genomic.fna	79.0761	678	1832
DAN6.scaffolds.fasta.supercontigs.fna	GCA_019798825.1_ASM1979882v1_genomic.fna	79.0759	676	1832
DAN6.scaffolds.fasta.supercontigs.fna	GCA_019779665.1_ASM1977966v1_genomic.fna	79.0752	681	1832
DAN6.scaffolds.fasta.supercontigs.fna	GCA_004028065.1_ASM402806v1_genomic.fna	79.0749	658	1832
DAN6.scaffolds.fasta.supercontigs.fna	GCA_019684935.1_ASM1968493v1_genomic.fna	79.0749	622	1832
DAN6.scaffolds.fasta.supercontigs.fna	GCA_004306425.1_ASM430642v1_genomic.fna	79.0744	694	1832
DAN6.scaffolds.fasta.supercontigs.fna	GCA_019685125.1_ASM1968512v1_genomic.fna	79.0738	649	1832
DAN6.scaffolds.fasta.supercontigs.fna	GCA_014842035.1_ASM1484203v1_genomic.fna	79.0738	562	1832
DAN6.scaffolds.fasta.supercontigs.fna	GCA_010668175.1_ASM1066817v1_genomic.fna	79.0737	683	1832
DAN6.scaffolds.fasta.supercontigs.fna	GCA_019798785.1_ASM1979878v1_genomic.fna	79.0726	694	1832
DAN6.scaffolds.fasta.supercontigs.fna	GCA_019685255.1_ASM1968525v1_genomic.fna	79.0723	613	1832
DAN6.scaffolds.fasta.supercontigs.fna	GCA_019779305.1_ASM1977930v1_genomic.fna	79.0717	667	1832
DAN6.scaffolds.fasta.supercontigs.fna	GCA_004307185.1_ASM430718v1_genomic.fna	79.0716	692	1832
DAN6.scaffolds.fasta.supercontigs.fna	GCA_002948295.1_ASM294829v1_genomic.fna	79.0716	664	1832
DAN6.scaffolds.fasta.supercontigs.fna	GCA_014197975.1_ASM1419797v1_genomic.fna	79.0716	657	1832
DAN6.scaffolds.fasta.supercontigs.fna	GCA_019798995.1_ASM1979899v1_genomic.fna	79.0712	666	1832
DAN6.scaffolds.fasta.supercontigs.fna	GCA_013087615.1_ASM1308761v1_genomic.fna	79.0711	681	1832
DAN6.scaffolds.fasta.supercontigs.fna	GCA_004330535.1_ASM433053v1_genomic.fna	79.0707	660	1832
DAN6.scaffolds.fasta.supercontigs.fna	GCA_014206965.1_ASM1420696v1_genomic.fna	79.0707	652	1832
DAN6.scaffolds.fasta.supercontigs.fna	GCA_003985155.1_ASM398515v1_genomic.fna	79.0703	648	1832
DAN6.scaffolds.fasta.supercontigs.fna	GCA_008919455.1_ASM891945v1_genomic.fna	79.0703	672	1832
DAN6.scaffolds.fasta.supercontigs.fna	GCA_019798225.1_ASM1979822v1_genomic.fna	79.0703	687	1832
DAN6.scaffolds.fasta.supercontigs.fna	GCA_014189635.1_ASM1418963v1_genomic.fna	79.0693	654	1832
DAN6.scaffolds.fasta.supercontigs.fna	GCA_004330515.1_ASM433051v1_genomic.fna	79.069	654	1832
DAN6.scaffolds.fasta.supercontigs.fna	GCA_021391655.1_ASM2139165v1_genomic.fna	79.0688	660	1832
DAN6.scaffolds.fasta.supercontigs.fna	GCA_004330205.1_ASM433020v1_genomic.fna	79.0681	655	1832
DAN6.scaffolds.fasta.supercontigs.fna	GCA_019799765.1_ASM1979976v1_genomic.fna	79.0681	676	1832
DAN6.scaffolds.fasta.supercontigs.fna	GCA_019798745.1_ASM1979874v1_genomic.fna	79.0677	661	1832
DAN6.scaffolds.fasta.supercontigs.fna	GCA_019779285.1_ASM1977928v1_genomic.fna	79.0677	645	1832
DAN6.scaffolds.fasta.supercontigs.fna	GCA_004306885.1_ASM430688v1_genomic.fna	79.0677	709	1832
DAN6.scaffolds.fasta.supercontigs.fna	GCA_004330015.1_ASM433001v1_genomic.fna	79.0674	663	1832
DAN6.scaffolds.fasta.supercontigs.fna	GCA_002204185.1_ASM220418v1_genomic.fna	79.0668	636	1832
DAN6.scaffolds.fasta.supercontigs.fna	GCA_014198735.1_ASM1419873v1_genomic.fna	79.0664	664	1832
DAN6.scaffolds.fasta.supercontigs.fna	GCA_002355115.1_ASM235511v1_genomic.fna	79.0663	669	1832
DAN6.scaffolds.fasta.supercontigs.fna	GCA_012241485.1_ASM1224148v1_genomic.fna	79.0661	680	1832
DAN6.scaffolds.fasta.supercontigs.fna	GCA_000009265.1_ASM926v1_genomic.fna	79.066	698	1832
DAN6.scaffolds.fasta.supercontigs.fna	GCA_019798605.1_ASM1979860v1_genomic.fna	79.0657	663	1832
DAN6.scaffolds.fasta.supercontigs.fna	GCA_019779525.1_ASM1977952v1_genomic.fna	79.0652	668	1832
DAN6.scaffolds.fasta.supercontigs.fna	GCA_004303985.1_ASM430398v1_genomic.fna	79.0652	661	1832
DAN6.scaffolds.fasta.supercontigs.fna	GCA_000427765.1_ASM42776v1_genomic.fna	79.0642	680	1832
DAN6.scaffolds.fasta.supercontigs.fna	GCA_004305455.1_ASM430545v1_genomic.fna	79.064	670	1832
DAN6.scaffolds.fasta.supercontigs.fna	GCA_035927805.1_ASM3592780v1_genomic.fna	79.0638	677	1832
DAN6.scaffolds.fasta.supercontigs.fna	GCA_002008365.1_ASM200836v1_genomic.fna	79.0633	660	1832
DAN6.scaffolds.fasta.supercontigs.fna	GCA_019685215.1_ASM1968521v1_genomic.fna	79.0632	621	1832
DAN6.scaffolds.fasta.supercontigs.fna	GCA_034554815.1_ASM3455481v1_genomic.fna	79.0628	682	1832
DAN6.scaffolds.fasta.supercontigs.fna	GCA_025941605.1_ASM2594160v1_genomic.fna	79.0623	676	1832
DAN6.scaffolds.fasta.supercontigs.fna	GCA_004330185.1_ASM433018v1_genomic.fna	79.0618	655	1832
DAN6.scaffolds.fasta.supercontigs.fna	GCA_014200235.1_ASM1420023v1_genomic.fna	79.0616	593	1832
DAN6.scaffolds.fasta.supercontigs.fna	GCA_002406495.1_L101_genomic.fna	79.0611	664	1832
DAN6.scaffolds.fasta.supercontigs.fna	GCA_004306605.1_ASM430660v1_genomic.fna	79.0611	713	1832
DAN6.scaffolds.fasta.supercontigs.fna	GCA_012276455.1_ASM1227645v1_genomic.fna	79.0606	673	1832
DAN6.scaffolds.fasta.supercontigs.fna	GCA_019779635.1_ASM1977963v1_genomic.fna	79.0606	668	1832
DAN6.scaffolds.fasta.supercontigs.fna	GCA_006335145.1_ASM633514v1_genomic.fna	79.0603	634	1832
DAN6.scaffolds.fasta.supercontigs.fna	GCA_004307135.1_ASM430713v1_genomic.fna	79.0595	703	1832
DAN6.scaffolds.fasta.supercontigs.fna	GCA_039534505.1_ASM3953450v1_genomic.fna	79.0595	602	1832
DAN6.scaffolds.fasta.supercontigs.fna	GCA_011604485.1_ASM1160448v1_genomic.fna	79.0592	656	1832
DAN6.scaffolds.fasta.supercontigs.fna	GCA_004305825.1_ASM430582v1_genomic.fna	79.0591	678	1832
DAN6.scaffolds.fasta.supercontigs.fna	GCA_004330225.1_ASM433022v1_genomic.fna	79.0589	660	1832
DAN6.scaffolds.fasta.supercontigs.fna	GCA_019798095.1_ASM1979809v1_genomic.fna	79.0588	705	1832
DAN6.scaffolds.fasta.supercontigs.fna	GCA_001927265.3_ASM192726v3_genomic.fna	79.0583	662	1832
DAN6.scaffolds.fasta.supercontigs.fna	GCA_035963955.1_ASM3596395v1_genomic.fna	79.0575	678	1832
DAN6.scaffolds.fasta.supercontigs.fna	GCA_010668925.1_ASM1066892v1_genomic.fna	79.0575	703	1832
DAN6.scaffolds.fasta.supercontigs.fna	GCA_019798595.1_ASM1979859v1_genomic.fna	79.0574	652	1832
DAN6.scaffolds.fasta.supercontigs.fna	GCA_033842645.1_ASM3384264v1_genomic.fna	79.0571	667	1832
DAN6.scaffolds.fasta.supercontigs.fna	GCA_943372805.1_JJ-MO7B3-363-6-mx-bin703_genomic.fna	79.0569	483	1832
DAN6.scaffolds.fasta.supercontigs.fna	GCA_012276585.1_ASM1227658v1_genomic.fna	79.0569	664	1832
DAN6.scaffolds.fasta.supercontigs.fna	GCA_004303845.1_ASM430384v1_genomic.fna	79.0569	674	1832
DAN6.scaffolds.fasta.supercontigs.fna	GCA_004305295.1_ASM430529v1_genomic.fna	79.0567	676	1832
DAN6.scaffolds.fasta.supercontigs.fna	GCA_019798085.1_ASM1979808v1_genomic.fna	79.0566	703	1832
DAN6.scaffolds.fasta.supercontigs.fna	GCA_902706285.1_n18055v0.1_genomic.fna	79.0564	578	1832
DAN6.scaffolds.fasta.supercontigs.fna	GCA_004306715.1_ASM430671v1_genomic.fna	79.0562	693	1832
DAN6.scaffolds.fasta.supercontigs.fna	GCA_019779435.1_ASM1977943v1_genomic.fna	79.0561	673	1832
DAN6.scaffolds.fasta.supercontigs.fna	GCA_029194025.1_ASM2919402v1_genomic.fna	79.0561	661	1832
DAN6.scaffolds.fasta.supercontigs.fna	GCA_036914655.1_ASM3691465v1_genomic.fna	79.0559	669	1832
DAN6.scaffolds.fasta.supercontigs.fna	GCA_021391695.1_ASM2139169v1_genomic.fna	79.0556	659	1832
DAN6.scaffolds.fasta.supercontigs.fna	GCA_019779465.1_ASM1977946v1_genomic.fna	79.0551	685	1832
DAN6.scaffolds.fasta.supercontigs.fna	GCA_035923665.1_ASM3592366v1_genomic.fna	79.0551	689	1832
DAN6.scaffolds.fasta.supercontigs.fna	GCA_019779535.1_ASM1977953v1_genomic.fna	79.0547	672	1832
DAN6.scaffolds.fasta.supercontigs.fna	GCA_000515375.1_ASM51537v1_genomic.fna	79.0541	670	1832
DAN6.scaffolds.fasta.supercontigs.fna	GCA_004306925.1_ASM430692v1_genomic.fna	79.0538	699	1832
DAN6.scaffolds.fasta.supercontigs.fna	GCA_019684355.1_ASM1968435v1_genomic.fna	79.0537	644	1832
DAN6.scaffolds.fasta.supercontigs.fna	GCA_019779155.1_ASM1977915v1_genomic.fna	79.0536	683	1832
DAN6.scaffolds.fasta.supercontigs.fna	GCA_001662105.1_ASM166210v1_genomic.fna	79.0535	635	1832
DAN6.scaffolds.fasta.supercontigs.fna	GCA_014198095.1_ASM1419809v1_genomic.fna	79.0534	660	1832
DAN6.scaffolds.fasta.supercontigs.fna	GCA_019779705.1_ASM1977970v1_genomic.fna	79.053	682	1832
DAN6.scaffolds.fasta.supercontigs.fna	GCA_030053175.1_ASM3005317v1_genomic.fna	79.0527	674	1832
DAN6.scaffolds.fasta.supercontigs.fna	GCA_019799085.1_ASM1979908v1_genomic.fna	79.0525	684	1832
DAN6.scaffolds.fasta.supercontigs.fna	GCA_010668635.1_ASM1066863v1_genomic.fna	79.0522	679	1832
DAN6.scaffolds.fasta.supercontigs.fna	GCA_004304535.1_ASM430453v1_genomic.fna	79.0522	654	1832
DAN6.scaffolds.fasta.supercontigs.fna	GCA_014194285.1_ASM1419428v1_genomic.fna	79.0521	666	1832
DAN6.scaffolds.fasta.supercontigs.fna	GCA_010668865.1_ASM1066886v1_genomic.fna	79.052	668	1832
DAN6.scaffolds.fasta.supercontigs.fna	GCA_035925625.1_ASM3592562v1_genomic.fna	79.052	679	1832
DAN6.scaffolds.fasta.supercontigs.fna	GCA_019779385.1_ASM1977938v1_genomic.fna	79.0515	673	1832
DAN6.scaffolds.fasta.supercontigs.fna	GCA_017741865.1_ASM1774186v1_genomic.fna	79.0512	641	1832
DAN6.scaffolds.fasta.supercontigs.fna	GCA_014198155.1_ASM1419815v1_genomic.fna	79.0507	623	1832
DAN6.scaffolds.fasta.supercontigs.fna	GCA_004303545.1_ASM430354v1_genomic.fna	79.0506	677	1832
DAN6.scaffolds.fasta.supercontigs.fna	GCA_012275885.1_ASM1227588v1_genomic.fna	79.0501	671	1832
DAN6.scaffolds.fasta.supercontigs.fna	GCA_000023185.1_ASM2318v1_genomic.fna	79.0499	657	1832
DAN6.scaffolds.fasta.supercontigs.fna	GCA_019798305.1_ASM1979830v1_genomic.fna	79.0498	627	1832
DAN6.scaffolds.fasta.supercontigs.fna	GCA_014194575.1_ASM1419457v1_genomic.fna	79.0493	671	1832
DAN6.scaffolds.fasta.supercontigs.fna	GCA_012275945.1_ASM1227594v1_genomic.fna	79.049	699	1832
DAN6.scaffolds.fasta.supercontigs.fna	GCA_037002845.1_ASM3700284v1_genomic.fna	79.0489	676	1832
DAN6.scaffolds.fasta.supercontigs.fna	GCA_023006465.1_ASM2300646v1_genomic.fna	79.0488	655	1832
DAN6.scaffolds.fasta.supercontigs.fna	GCA_004306415.1_ASM430641v1_genomic.fna	79.0486	685	1832
DAN6.scaffolds.fasta.supercontigs.fna	GCA_004303415.1_ASM430341v1_genomic.fna	79.0486	692	1832
DAN6.scaffolds.fasta.supercontigs.fna	GCA_019798555.1_ASM1979855v1_genomic.fna	79.0485	655	1832
DAN6.scaffolds.fasta.supercontigs.fna	GCA_000172695.2_ASM17269v2_genomic.fna	79.0484	681	1832
DAN6.scaffolds.fasta.supercontigs.fna	GCA_003058385.1_ASM305838v1_genomic.fna	79.0483	655	1832
DAN6.scaffolds.fasta.supercontigs.fna	GCA_000359745.1_Rhizobium_sp._genomic.fna	79.048	574	1832
DAN6.scaffolds.fasta.supercontigs.fna	GCA_019685155.1_ASM1968515v1_genomic.fna	79.0478	638	1832
DAN6.scaffolds.fasta.supercontigs.fna	GCA_029714245.1_ASM2971424v1_genomic.fna	79.0477	668	1832
DAN6.scaffolds.fasta.supercontigs.fna	GCA_037002925.1_ASM3700292v1_genomic.fna	79.0476	676	1832
DAN6.scaffolds.fasta.supercontigs.fna	GCA_004303875.1_ASM430387v1_genomic.fna	79.0469	662	1832
DAN6.scaffolds.fasta.supercontigs.fna	GCA_019799245.1_ASM1979924v1_genomic.fna	79.0467	687	1832
DAN6.scaffolds.fasta.supercontigs.fna	GCA_019798705.1_ASM1979870v1_genomic.fna	79.0465	664	1832
DAN6.scaffolds.fasta.supercontigs.fna	GCA_019779595.1_ASM1977959v1_genomic.fna	79.0464	671	1832
DAN6.scaffolds.fasta.supercontigs.fna	GCA_004304835.1_ASM430483v1_genomic.fna	79.0464	676	1832
DAN6.scaffolds.fasta.supercontigs.fna	GCA_014194385.1_ASM1419438v1_genomic.fna	79.0462	668	1832
DAN6.scaffolds.fasta.supercontigs.fna	GCA_019798865.1_ASM1979886v1_genomic.fna	79.046	684	1832
DAN6.scaffolds.fasta.supercontigs.fna	GCA_019779725.1_ASM1977972v1_genomic.fna	79.0459	670	1832
DAN6.scaffolds.fasta.supercontigs.fna	GCA_003013335.1_ASM301333v1_genomic.fna	79.0452	663	1832
DAN6.scaffolds.fasta.supercontigs.fna	GCA_017876825.1_ASM1787682v1_genomic.fna	79.0448	665	1832
DAN6.scaffolds.fasta.supercontigs.fna	GCA_014198195.1_ASM1419819v1_genomic.fna	79.0447	660	1832
DAN6.scaffolds.fasta.supercontigs.fna	GCA_019779485.1_ASM1977948v1_genomic.fna	79.0446	688	1832
DAN6.scaffolds.fasta.supercontigs.fna	GCA_004306755.1_ASM430675v1_genomic.fna	79.0442	705	1832
DAN6.scaffolds.fasta.supercontigs.fna	GCA_013004195.1_ASM1300419v1_genomic.fna	79.0439	665	1832
DAN6.scaffolds.fasta.supercontigs.fna	GCA_004307165.1_ASM430716v1_genomic.fna	79.0436	711	1832
DAN6.scaffolds.fasta.supercontigs.fna	GCA_004306495.1_ASM430649v1_genomic.fna	79.0434	663	1832
DAN6.scaffolds.fasta.supercontigs.fna	GCA_019799645.1_ASM1979964v1_genomic.fna	79.0433	694	1832
DAN6.scaffolds.fasta.supercontigs.fna	GCA_000292525.1_ASM29252v1_genomic.fna	79.0428	650	1832
DAN6.scaffolds.fasta.supercontigs.fna	GCA_019798235.1_ASM1979823v1_genomic.fna	79.0428	682	1832
DAN6.scaffolds.fasta.supercontigs.fna	GCA_004330615.1_ASM433061v1_genomic.fna	79.0426	647	1832
DAN6.scaffolds.fasta.supercontigs.fna	GCA_014198545.1_ASM1419854v1_genomic.fna	79.0423	658	1832
DAN6.scaffolds.fasta.supercontigs.fna	GCA_004304735.1_ASM430473v1_genomic.fna	79.042	672	1832
DAN6.scaffolds.fasta.supercontigs.fna	GCA_004305075.1_ASM430507v1_genomic.fna	79.0419	674	1832
DAN6.scaffolds.fasta.supercontigs.fna	GCA_004028185.1_WSM448_genomic.fna	79.0418	680	1832
DAN6.scaffolds.fasta.supercontigs.fna	GCA_021729845.1_ASM2172984v1_genomic.fna	79.0418	539	1832
DAN6.scaffolds.fasta.supercontigs.fna	GCA_002119845.1_ASM211984v1_genomic.fna	79.0415	632	1832
DAN6.scaffolds.fasta.supercontigs.fna	GCA_000373325.1_ASM37332v1_genomic.fna	79.0408	678	1832
DAN6.scaffolds.fasta.supercontigs.fna	GCA_902706095.1_n18065v0.1_genomic.fna	79.0403	579	1832
DAN6.scaffolds.fasta.supercontigs.fna	GCA_021052325.1_ASM2105232v1_genomic.fna	79.0401	673	1832
DAN6.scaffolds.fasta.supercontigs.fna	GCA_004306015.1_ASM430601v1_genomic.fna	79.0401	690	1832
DAN6.scaffolds.fasta.supercontigs.fna	GCA_019779265.1_ASM1977926v1_genomic.fna	79.0392	683	1832
DAN6.scaffolds.fasta.supercontigs.fna	GCA_017741815.1_ASM1774181v1_genomic.fna	79.0387	645	1832
DAN6.scaffolds.fasta.supercontigs.fna	GCA_010668625.1_ASM1066862v1_genomic.fna	79.0386	677	1832
DAN6.scaffolds.fasta.supercontigs.fna	GCA_019799845.1_ASM1979984v1_genomic.fna	79.0381	669	1832
DAN6.scaffolds.fasta.supercontigs.fna	GCA_014198835.1_ASM1419883v1_genomic.fna	79.038	644	1832
DAN6.scaffolds.fasta.supercontigs.fna	GCA_019798645.1_ASM1979864v1_genomic.fna	79.0377	668	1832
DAN6.scaffolds.fasta.supercontigs.fna	GCA_035920505.1_ASM3592050v1_genomic.fna	79.0374	680	1832
DAN6.scaffolds.fasta.supercontigs.fna	GCA_012276365.1_ASM1227636v1_genomic.fna	79.0372	665	1832
DAN6.scaffolds.fasta.supercontigs.fna	GCA_000373425.1_ASM37342v1_genomic.fna	79.0371	660	1832
DAN6.scaffolds.fasta.supercontigs.fna	GCA_014198105.1_ASM1419810v1_genomic.fna	79.0359	629	1832
DAN6.scaffolds.fasta.supercontigs.fna	GCA_019779935.1_ASM1977993v1_genomic.fna	79.0356	664	1832
DAN6.scaffolds.fasta.supercontigs.fna	GCA_019779425.1_ASM1977942v1_genomic.fna	79.0354	670	1832
DAN6.scaffolds.fasta.supercontigs.fna	GCA_004330235.1_ASM433023v1_genomic.fna	79.0351	663	1832
DAN6.scaffolds.fasta.supercontigs.fna	GCA_004305175.1_ASM430517v1_genomic.fna	79.0347	671	1832
DAN6.scaffolds.fasta.supercontigs.fna	GCA_035965735.1_ASM3596573v1_genomic.fna	79.0344	690	1832
DAN6.scaffolds.fasta.supercontigs.fna	GCA_025152745.1_ASM2515274v1_genomic.fna	79.0344	636	1832
DAN6.scaffolds.fasta.supercontigs.fna	GCA_032918405.1_ASM3291840v1_genomic.fna	79.0339	655	1832
DAN6.scaffolds.fasta.supercontigs.fna	GCA_029894085.1_ASM2989408v1_genomic.fna	79.0337	639	1832
DAN6.scaffolds.fasta.supercontigs.fna	GCA_010668555.1_ASM1066855v1_genomic.fna	79.0336	656	1832
DAN6.scaffolds.fasta.supercontigs.fna	GCA_004330265.1_ASM433026v1_genomic.fna	79.0336	661	1832
DAN6.scaffolds.fasta.supercontigs.fna	GCA_019799325.1_ASM1979932v1_genomic.fna	79.0329	684	1832
DAN6.scaffolds.fasta.supercontigs.fna	GCA_014207075.1_ASM1420707v1_genomic.fna	79.0325	556	1832
DAN6.scaffolds.fasta.supercontigs.fna	GCA_004306225.1_ASM430622v1_genomic.fna	79.0324	691	1832
DAN6.scaffolds.fasta.supercontigs.fna	GCA_019684325.1_ASM1968432v1_genomic.fna	79.0323	633	1832
DAN6.scaffolds.fasta.supercontigs.fna	GCA_004303525.1_ASM430352v1_genomic.fna	79.0322	666	1832
DAN6.scaffolds.fasta.supercontigs.fna	GCA_014851585.1_ASM1485158v1_genomic.fna	79.032	621	1832
DAN6.scaffolds.fasta.supercontigs.fna	GCA_021397605.1_ASM2139760v1_genomic.fna	79.032	654	1832
DAN6.scaffolds.fasta.supercontigs.fna	GCA_004306305.1_ASM430630v1_genomic.fna	79.0318	676	1832
DAN6.scaffolds.fasta.supercontigs.fna	GCA_019779365.1_ASM1977936v1_genomic.fna	79.0317	681	1832
DAN6.scaffolds.fasta.supercontigs.fna	GCA_000816125.1_ASM81612v1_genomic.fna	79.0313	678	1832
DAN6.scaffolds.fasta.supercontigs.fna	GCA_014193695.1_ASM1419369v1_genomic.fna	79.0307	603	1832
DAN6.scaffolds.fasta.supercontigs.fna	GCA_019779185.1_ASM1977918v1_genomic.fna	79.0301	672	1832
DAN6.scaffolds.fasta.supercontigs.fna	GCA_019684245.1_ASM1968424v1_genomic.fna	79.0299	653	1832
DAN6.scaffolds.fasta.supercontigs.fna	GCA_002531885.1_ASM253188v1_genomic.fna	79.0295	612	1832
DAN6.scaffolds.fasta.supercontigs.fna	GCA_001664185.1_ASM166418v1_genomic.fna	79.0285	668	1832
DAN6.scaffolds.fasta.supercontigs.fna	GCA_004305265.1_ASM430526v1_genomic.fna	79.0284	676	1832
DAN6.scaffolds.fasta.supercontigs.fna	GCA_030182545.1_ASM3018254v1_genomic.fna	79.0282	683	1832
DAN6.scaffolds.fasta.supercontigs.fna	GCA_012276035.1_ASM1227603v1_genomic.fna	79.0281	665	1832
DAN6.scaffolds.fasta.supercontigs.fna	GCA_010668165.1_ASM1066816v1_genomic.fna	79.028	692	1832
DAN6.scaffolds.fasta.supercontigs.fna	GCA_037002865.1_ASM3700286v1_genomic.fna	79.0279	672	1832
DAN6.scaffolds.fasta.supercontigs.fna	GCA_004306355.1_ASM430635v1_genomic.fna	79.0277	703	1832
DAN6.scaffolds.fasta.supercontigs.fna	GCA_012276535.1_ASM1227653v1_genomic.fna	79.0277	694	1832
DAN6.scaffolds.fasta.supercontigs.fna	GCA_019684295.1_ASM1968429v1_genomic.fna	79.027	654	1832
DAN6.scaffolds.fasta.supercontigs.fna	GCA_014198445.1_ASM1419844v1_genomic.fna	79.0265	628	1832
DAN6.scaffolds.fasta.supercontigs.fna	GCA_014198415.1_ASM1419841v1_genomic.fna	79.0265	651	1832
DAN6.scaffolds.fasta.supercontigs.fna	GCA_009650195.1_ASM965019v1_genomic.fna	79.0261	508	1832
DAN6.scaffolds.fasta.supercontigs.fna	GCA_019778925.1_ASM1977892v1_genomic.fna	79.0251	668	1832
DAN6.scaffolds.fasta.supercontigs.fna	GCA_019798385.1_ASM1979838v1_genomic.fna	79.0249	640	1832
DAN6.scaffolds.fasta.supercontigs.fna	GCA_004304175.1_ASM430417v1_genomic.fna	79.0247	686	1832
DAN6.scaffolds.fasta.supercontigs.fna	GCA_036964785.1_ASM3696478v1_genomic.fna	79.0246	668	1832
DAN6.scaffolds.fasta.supercontigs.fna	GCA_019799805.1_ASM1979980v1_genomic.fna	79.0243	678	1832
DAN6.scaffolds.fasta.supercontigs.fna	GCA_022884065.1_ASM2288406v1_genomic.fna	79.024	598	1832
DAN6.scaffolds.fasta.supercontigs.fna	GCA_004306325.1_ASM430632v1_genomic.fna	79.024	682	1832
DAN6.scaffolds.fasta.supercontigs.fna	GCA_010668445.1_ASM1066844v1_genomic.fna	79.0239	674	1832
DAN6.scaffolds.fasta.supercontigs.fna	GCA_010668425.1_ASM1066842v1_genomic.fna	79.0235	661	1832
DAN6.scaffolds.fasta.supercontigs.fna	GCA_019799725.1_ASM1979972v1_genomic.fna	79.0231	690	1832
DAN6.scaffolds.fasta.supercontigs.fna	GCA_004305055.1_ASM430505v1_genomic.fna	79.0227	682	1832
DAN6.scaffolds.fasta.supercontigs.fna	GCA_019778785.1_ASM1977878v1_genomic.fna	79.0226	706	1832
DAN6.scaffolds.fasta.supercontigs.fna	GCA_012276015.1_ASM1227601v1_genomic.fna	79.0222	678	1832
DAN6.scaffolds.fasta.supercontigs.fna	GCA_004330915.1_ASM433091v1_genomic.fna	79.0219	663	1832
DAN6.scaffolds.fasta.supercontigs.fna	GCA_014193135.1_ASM1419313v1_genomic.fna	79.0215	606	1832
DAN6.scaffolds.fasta.supercontigs.fna	GCA_019779885.1_ASM1977988v1_genomic.fna	79.0213	672	1832
DAN6.scaffolds.fasta.supercontigs.fna	GCA_004305195.1_ASM430519v1_genomic.fna	79.0213	676	1832
DAN6.scaffolds.fasta.supercontigs.fna	GCA_030182485.1_ASM3018248v1_genomic.fna	79.021	617	1832
DAN6.scaffolds.fasta.supercontigs.fna	GCA_004304335.1_ASM430433v1_genomic.fna	79.0209	666	1832
DAN6.scaffolds.fasta.supercontigs.fna	GCA_004305365.1_ASM430536v1_genomic.fna	79.0208	669	1832
DAN6.scaffolds.fasta.supercontigs.fna	GCA_030815125.1_ASM3081512v1_genomic.fna	79.0198	594	1832
DAN6.scaffolds.fasta.supercontigs.fna	GCA_004303425.1_ASM430342v1_genomic.fna	79.0195	663	1832
DAN6.scaffolds.fasta.supercontigs.fna	GCA_004305685.1_ASM430568v1_genomic.fna	79.0192	681	1832
DAN6.scaffolds.fasta.supercontigs.fna	GCA_004303715.1_ASM430371v1_genomic.fna	79.0191	655	1832
DAN6.scaffolds.fasta.supercontigs.fna	GCA_004304495.1_ASM430449v1_genomic.fna	79.0188	655	1832
DAN6.scaffolds.fasta.supercontigs.fna	GCA_004329875.1_ASM432987v1_genomic.fna	79.0186	637	1832
DAN6.scaffolds.fasta.supercontigs.fna	GCA_019779685.1_ASM1977968v1_genomic.fna	79.0185	671	1832
DAN6.scaffolds.fasta.supercontigs.fna	GCA_002243365.1_ASM224336v1_genomic.fna	79.0183	676	1832
DAN6.scaffolds.fasta.supercontigs.fna	GCA_019798545.1_ASM1979854v1_genomic.fna	79.0179	687	1832
DAN6.scaffolds.fasta.supercontigs.fna	GCA_021391615.1_ASM2139161v1_genomic.fna	79.0177	671	1832
DAN6.scaffolds.fasta.supercontigs.fna	GCA_004330005.1_ASM433000v1_genomic.fna	79.0177	692	1832
DAN6.scaffolds.fasta.supercontigs.fna	GCA_004306485.1_ASM430648v1_genomic.fna	79.0177	673	1832
DAN6.scaffolds.fasta.supercontigs.fna	GCA_004303385.1_ASM430338v1_genomic.fna	79.0174	664	1832
DAN6.scaffolds.fasta.supercontigs.fna	GCA_004028075.1_ASM402807v1_genomic.fna	79.017	659	1832
DAN6.scaffolds.fasta.supercontigs.fna	GCA_004329905.1_ASM432990v1_genomic.fna	79.0164	642	1832
DAN6.scaffolds.fasta.supercontigs.fna	GCA_012276315.1_ASM1227631v1_genomic.fna	79.0161	663	1832
DAN6.scaffolds.fasta.supercontigs.fna	GCA_035971255.1_ASM3597125v1_genomic.fna	79.0157	688	1832
DAN6.scaffolds.fasta.supercontigs.fna	GCA_012275785.1_ASM1227578v1_genomic.fna	79.0153	662	1832
DAN6.scaffolds.fasta.supercontigs.fna	GCA_009755765.1_ASM975576v1_genomic.fna	79.0149	670	1832
DAN6.scaffolds.fasta.supercontigs.fna	GCA_003939025.1_ASM393902v1_genomic.fna	79.0148	676	1832
DAN6.scaffolds.fasta.supercontigs.fna	GCA_004304845.1_ASM430484v1_genomic.fna	79.0143	685	1832
DAN6.scaffolds.fasta.supercontigs.fna	GCA_019778625.1_ASM1977862v1_genomic.fna	79.0129	670	1832
DAN6.scaffolds.fasta.supercontigs.fna	GCA_004304885.1_ASM430488v1_genomic.fna	79.0129	675	1832
DAN6.scaffolds.fasta.supercontigs.fna	GCA_004330625.1_ASM433062v1_genomic.fna	79.0128	638	1832
DAN6.scaffolds.fasta.supercontigs.fna	GCA_012276615.1_ASM1227661v1_genomic.fna	79.0126	685	1832
DAN6.scaffolds.fasta.supercontigs.fna	GCA_004305595.1_ASM430559v1_genomic.fna	79.0125	672	1832
DAN6.scaffolds.fasta.supercontigs.fna	GCA_012275875.1_ASM1227587v1_genomic.fna	79.0124	679	1832
DAN6.scaffolds.fasta.supercontigs.fna	GCA_001662075.1_ASM166207v1_genomic.fna	79.0124	664	1832
DAN6.scaffolds.fasta.supercontigs.fna	GCA_004303155.1_ASM430315v1_genomic.fna	79.0122	681	1832
DAN6.scaffolds.fasta.supercontigs.fna	GCA_004322915.1_ASM432291v1_genomic.fna	79.0122	703	1832
DAN6.scaffolds.fasta.supercontigs.fna	GCA_002855515.1_ASM285551v1_genomic.fna	79.0119	527	1832
DAN6.scaffolds.fasta.supercontigs.fna	GCA_019684275.1_ASM1968427v1_genomic.fna	79.0118	632	1832
DAN6.scaffolds.fasta.supercontigs.fna	GCA_014193155.1_ASM1419315v1_genomic.fna	79.0117	562	1832
DAN6.scaffolds.fasta.supercontigs.fna	GCA_019684315.1_ASM1968431v1_genomic.fna	79.0117	654	1832
DAN6.scaffolds.fasta.supercontigs.fna	GCA_019798725.1_ASM1979872v1_genomic.fna	79.0107	656	1832
DAN6.scaffolds.fasta.supercontigs.fna	GCA_002008165.1_ASM200816v1_genomic.fna	79.0102	662	1832
DAN6.scaffolds.fasta.supercontigs.fna	GCA_019779245.1_ASM1977924v1_genomic.fna	79.0101	677	1832
DAN6.scaffolds.fasta.supercontigs.fna	GCA_013004185.1_ASM1300418v1_genomic.fna	79.0098	646	1832
DAN6.scaffolds.fasta.supercontigs.fna	GCA_014138565.1_ASM1413856v1_genomic.fna	79.0097	669	1832
DAN6.scaffolds.fasta.supercontigs.fna	GCA_009498525.1_ASM949852v1_genomic.fna	79.0097	648	1832
DAN6.scaffolds.fasta.supercontigs.fna	GCA_021484745.1_ASM2148474v1_genomic.fna	79.0096	665	1832
DAN6.scaffolds.fasta.supercontigs.fna	GCA_019779765.1_ASM1977976v1_genomic.fna	79.0093	668	1832
DAN6.scaffolds.fasta.supercontigs.fna	GCA_004330865.1_ASM433086v1_genomic.fna	79.0081	656	1832
DAN6.scaffolds.fasta.supercontigs.fna	GCA_004306515.1_ASM430651v1_genomic.fna	79.0077	682	1832
DAN6.scaffolds.fasta.supercontigs.fna	GCA_004305795.1_ASM430579v1_genomic.fna	79.0077	672	1832
DAN6.scaffolds.fasta.supercontigs.fna	GCA_004303945.1_ASM430394v1_genomic.fna	79.0075	662	1832
DAN6.scaffolds.fasta.supercontigs.fna	GCA_019799285.1_ASM1979928v1_genomic.fna	79.0075	682	1832
DAN6.scaffolds.fasta.supercontigs.fna	GCA_004054145.1_ASM405414v1_genomic.fna	79.0072	659	1832
DAN6.scaffolds.fasta.supercontigs.fna	GCA_004304465.1_ASM430446v1_genomic.fna	79.0071	687	1832
DAN6.scaffolds.fasta.supercontigs.fna	GCA_014193555.1_ASM1419355v1_genomic.fna	79.007	614	1832
DAN6.scaffolds.fasta.supercontigs.fna	GCA_004330855.1_ASM433085v1_genomic.fna	79.0068	649	1832
DAN6.scaffolds.fasta.supercontigs.fna	GCA_017315145.1_ASM1731514v1_genomic.fna	79.0058	680	1832
DAN6.scaffolds.fasta.supercontigs.fna	GCA_000373025.1_ASM37302v1_genomic.fna	79.0049	668	1832
DAN6.scaffolds.fasta.supercontigs.fna	GCA_004303245.1_ASM430324v1_genomic.fna	79.0047	681	1832
DAN6.scaffolds.fasta.supercontigs.fna	GCA_001713475.1_ASM171347v1_genomic.fna	79.0046	495	1832
DAN6.scaffolds.fasta.supercontigs.fna	GCA_030010195.1_ASM3001019v1_genomic.fna	79.0044	677	1832
DAN6.scaffolds.fasta.supercontigs.fna	GCA_019779735.1_ASM1977973v1_genomic.fna	79.0041	674	1832
DAN6.scaffolds.fasta.supercontigs.fna	GCA_000281145.1_Rhizobium.strCF142_v1.0_genomic.fna	79.0039	625	1832
DAN6.scaffolds.fasta.supercontigs.fna	GCA_004304455.1_ASM430445v1_genomic.fna	79.0036	660	1832
DAN6.scaffolds.fasta.supercontigs.fna	GCA_003205195.1_ASM320519v1_genomic.fna	79.0032	556	1832
DAN6.scaffolds.fasta.supercontigs.fna	GCA_019779815.1_ASM1977981v1_genomic.fna	79.0031	679	1832
DAN6.scaffolds.fasta.supercontigs.fna	GCA_019799145.1_ASM1979914v1_genomic.fna	79.0013	698	1832
DAN6.scaffolds.fasta.supercontigs.fna	GCA_004304745.1_ASM430474v1_genomic.fna	79.0007	686	1832
DAN6.scaffolds.fasta.supercontigs.fna	GCA_035969035.1_ASM3596903v1_genomic.fna	79.0004	659	1832
DAN6.scaffolds.fasta.supercontigs.fna	GCA_017357225.1_ASM1735722v1_genomic.fna	78.9999	667	1832
DAN6.scaffolds.fasta.supercontigs.fna	GCA_004330105.1_ASM433010v1_genomic.fna	78.9998	686	1832
DAN6.scaffolds.fasta.supercontigs.fna	GCA_004329885.1_ASM432988v1_genomic.fna	78.9998	664	1832
DAN6.scaffolds.fasta.supercontigs.fna	GCA_011128975.2_ASM1112897v2_genomic.fna	78.9995	666	1832
DAN6.scaffolds.fasta.supercontigs.fna	GCA_004303615.1_ASM430361v1_genomic.fna	78.9994	687	1832
DAN6.scaffolds.fasta.supercontigs.fna	GCA_004303515.1_ASM430351v1_genomic.fna	78.9991	661	1832
DAN6.scaffolds.fasta.supercontigs.fna	GCA_017876855.1_ASM1787685v1_genomic.fna	78.9989	555	1832
DAN6.scaffolds.fasta.supercontigs.fna	GCA_019684455.1_ASM1968445v1_genomic.fna	78.9988	661	1832
DAN6.scaffolds.fasta.supercontigs.fna	GCA_004304085.1_ASM430408v1_genomic.fna	78.9987	687	1832
DAN6.scaffolds.fasta.supercontigs.fna	GCA_012275995.1_ASM1227599v1_genomic.fna	78.9986	669	1832
DAN6.scaffolds.fasta.supercontigs.fna	GCA_000092045.1_ASM9204v1_genomic.fna	78.9983	629	1832
DAN6.scaffolds.fasta.supercontigs.fna	GCA_014195175.1_ASM1419517v1_genomic.fna	78.9972	563	1832
DAN6.scaffolds.fasta.supercontigs.fna	GCA_004306615.1_ASM430661v1_genomic.fna	78.9972	677	1832
DAN6.scaffolds.fasta.supercontigs.fna	GCA_012349115.1_ASM1234911v1_genomic.fna	78.997	668	1832
DAN6.scaffolds.fasta.supercontigs.fna	GCA_004304965.1_ASM430496v1_genomic.fna	78.9968	669	1832
DAN6.scaffolds.fasta.supercontigs.fna	GCA_010668055.1_ASM1066805v1_genomic.fna	78.9968	676	1832
DAN6.scaffolds.fasta.supercontigs.fna	GCA_014202125.1_ASM1420212v1_genomic.fna	78.9966	664	1832
DAN6.scaffolds.fasta.supercontigs.fna	GCA_004304255.1_ASM430425v1_genomic.fna	78.9966	697	1832
DAN6.scaffolds.fasta.supercontigs.fna	GCA_021026315.1_ASM2102631v1_genomic.fna	78.996	493	1832
DAN6.scaffolds.fasta.supercontigs.fna	GCA_001692185.1_ASM169218v1_genomic.fna	78.9958	503	1832
DAN6.scaffolds.fasta.supercontigs.fna	GCA_029892905.1_ASM2989290v1_genomic.fna	78.9955	674	1832
DAN6.scaffolds.fasta.supercontigs.fna	GCA_004305095.1_ASM430509v1_genomic.fna	78.9954	686	1832
DAN6.scaffolds.fasta.supercontigs.fna	GCA_011604465.1_ASM1160446v1_genomic.fna	78.9951	668	1832
DAN6.scaffolds.fasta.supercontigs.fna	GCA_019778525.1_ASM1977852v1_genomic.fna	78.9949	688	1832
DAN6.scaffolds.fasta.supercontigs.fna	GCA_004306675.1_ASM430667v1_genomic.fna	78.9948	676	1832
DAN6.scaffolds.fasta.supercontigs.fna	GCA_004303755.1_ASM430375v1_genomic.fna	78.9948	669	1832
DAN6.scaffolds.fasta.supercontigs.fna	GCA_004306475.1_ASM430647v1_genomic.fna	78.9948	676	1832
DAN6.scaffolds.fasta.supercontigs.fna	GCA_004303735.1_ASM430373v1_genomic.fna	78.9947	680	1832
DAN6.scaffolds.fasta.supercontigs.fna	GCA_031456945.1_ASM3145694v1_genomic.fna	78.9946	543	1832
DAN6.scaffolds.fasta.supercontigs.fna	GCA_011604545.1_ASM1160454v1_genomic.fna	78.9944	651	1832
DAN6.scaffolds.fasta.supercontigs.fna	GCA_010668825.1_ASM1066882v1_genomic.fna	78.9936	655	1832
DAN6.scaffolds.fasta.supercontigs.fna	GCA_004306075.1_ASM430607v1_genomic.fna	78.9936	665	1832
DAN6.scaffolds.fasta.supercontigs.fna	GCA_010668385.1_ASM1066838v1_genomic.fna	78.993	645	1832
DAN6.scaffolds.fasta.supercontigs.fna	GCA_004303635.1_ASM430363v1_genomic.fna	78.9929	680	1832
DAN6.scaffolds.fasta.supercontigs.fna	GCA_019684005.1_ASM1968400v1_genomic.fna	78.9927	704	1832
DAN6.scaffolds.fasta.supercontigs.fna	GCA_014192445.1_ASM1419244v1_genomic.fna	78.9922	671	1832
DAN6.scaffolds.fasta.supercontigs.fna	GCA_022884085.1_ASM2288408v1_genomic.fna	78.9921	596	1832
DAN6.scaffolds.fasta.supercontigs.fna	GCA_012275595.1_ASM1227559v1_genomic.fna	78.992	672	1832
DAN6.scaffolds.fasta.supercontigs.fna	GCA_004303655.1_ASM430365v1_genomic.fna	78.9918	673	1832
DAN6.scaffolds.fasta.supercontigs.fna	GCA_019685115.1_ASM1968511v1_genomic.fna	78.9905	653	1832
DAN6.scaffolds.fasta.supercontigs.fna	GCA_900094625.1_IMG-taxon_2615840624_annotated_assembly_genomic.fna	78.9905	645	1832
DAN6.scaffolds.fasta.supercontigs.fna	GCA_001657485.1_ASM165748v1_genomic.fna	78.9898	682	1832
DAN6.scaffolds.fasta.supercontigs.fna	GCA_000769405.2_CC275e2020_genomic.fna	78.9896	663	1832
DAN6.scaffolds.fasta.supercontigs.fna	GCA_019798485.1_ASM1979848v1_genomic.fna	78.9893	646	1832
DAN6.scaffolds.fasta.supercontigs.fna	GCA_019779865.1_ASM1977986v1_genomic.fna	78.9887	691	1832
DAN6.scaffolds.fasta.supercontigs.fna	GCA_003985135.1_ASM398513v1_genomic.fna	78.9886	645	1832
DAN6.scaffolds.fasta.supercontigs.fna	GCA_004330525.1_ASM433052v1_genomic.fna	78.9882	674	1832
DAN6.scaffolds.fasta.supercontigs.fna	GCA_025780115.1_ASM2578011v1_genomic.fna	78.9881	536	1832
DAN6.scaffolds.fasta.supercontigs.fna	GCA_010668355.1_ASM1066835v1_genomic.fna	78.988	648	1832
DAN6.scaffolds.fasta.supercontigs.fna	GCA_019798955.1_ASM1979895v1_genomic.fna	78.9879	691	1832
DAN6.scaffolds.fasta.supercontigs.fna	GCA_004305145.1_ASM430514v1_genomic.fna	78.9879	671	1832
DAN6.scaffolds.fasta.supercontigs.fna	GCA_019779625.1_ASM1977962v1_genomic.fna	78.9878	690	1832
DAN6.scaffolds.fasta.supercontigs.fna	GCA_019798765.1_ASM1979876v1_genomic.fna	78.9873	658	1832
DAN6.scaffolds.fasta.supercontigs.fna	GCA_021391715.1_ASM2139171v1_genomic.fna	78.9867	688	1832
DAN6.scaffolds.fasta.supercontigs.fna	GCA_004306245.1_ASM430624v1_genomic.fna	78.9859	671	1832
DAN6.scaffolds.fasta.supercontigs.fna	GCA_013087515.1_ASM1308751v1_genomic.fna	78.9858	701	1832
DAN6.scaffolds.fasta.supercontigs.fna	GCA_004303995.1_ASM430399v1_genomic.fna	78.9852	661	1832
DAN6.scaffolds.fasta.supercontigs.fna	GCA_017357285.1_ASM1735728v1_genomic.fna	78.9852	680	1832
DAN6.scaffolds.fasta.supercontigs.fna	GCA_004306775.1_ASM430677v1_genomic.fna	78.9851	680	1832
DAN6.scaffolds.fasta.supercontigs.fna	GCA_004305605.1_ASM430560v1_genomic.fna	78.9842	675	1832
DAN6.scaffolds.fasta.supercontigs.fna	GCA_004305185.1_ASM430518v1_genomic.fna	78.9842	674	1832
DAN6.scaffolds.fasta.supercontigs.fna	GCA_025200775.1_ASM2520077v1_genomic.fna	78.9841	641	1832
DAN6.scaffolds.fasta.supercontigs.fna	GCA_019798685.1_ASM1979868v1_genomic.fna	78.984	658	1832
DAN6.scaffolds.fasta.supercontigs.fna	GCA_004303465.1_ASM430346v1_genomic.fna	78.984	656	1832
DAN6.scaffolds.fasta.supercontigs.fna	GCA_025779975.1_ASM2577997v1_genomic.fna	78.9839	551	1832
DAN6.scaffolds.fasta.supercontigs.fna	GCA_004304575.1_ASM430457v1_genomic.fna	78.9838	670	1832
DAN6.scaffolds.fasta.supercontigs.fna	GCA_012276215.1_ASM1227621v1_genomic.fna	78.9836	682	1832
DAN6.scaffolds.fasta.supercontigs.fna	GCA_004330745.1_ASM433074v1_genomic.fna	78.9834	643	1832
DAN6.scaffolds.fasta.supercontigs.fna	GCA_000373285.1_ASM37328v1_genomic.fna	78.9832	693	1832
DAN6.scaffolds.fasta.supercontigs.fna	GCA_004304065.1_ASM430406v1_genomic.fna	78.983	662	1832
DAN6.scaffolds.fasta.supercontigs.fna	GCA_011604505.1_ASM1160450v1_genomic.fna	78.9826	682	1832
DAN6.scaffolds.fasta.supercontigs.fna	GCA_004304815.1_ASM430481v1_genomic.fna	78.9826	660	1832
DAN6.scaffolds.fasta.supercontigs.fna	GCA_004305915.1_ASM430591v1_genomic.fna	78.9813	673	1832
DAN6.scaffolds.fasta.supercontigs.fna	GCA_019778445.1_ASM1977844v1_genomic.fna	78.9812	682	1832
DAN6.scaffolds.fasta.supercontigs.fna	GCA_020871915.1_ASM2087191v1_genomic.fna	78.9812	592	1832
DAN6.scaffolds.fasta.supercontigs.fna	GCA_000799715.1_ASM79971v1_genomic.fna	78.9801	622	1832
DAN6.scaffolds.fasta.supercontigs.fna	GCA_004303745.1_ASM430374v1_genomic.fna	78.9782	682	1832
DAN6.scaffolds.fasta.supercontigs.fna	GCA_019684195.1_ASM1968419v1_genomic.fna	78.9779	634	1832
DAN6.scaffolds.fasta.supercontigs.fna	GCA_003938655.1_ASM393865v1_genomic.fna	78.9779	634	1832
DAN6.scaffolds.fasta.supercontigs.fna	GCA_937997565.1_SRR3330211_bin.104_CONCOCT_v1.1_MAG_genomic.fna	78.9776	247	1832
DAN6.scaffolds.fasta.supercontigs.fna	GCA_019799345.1_ASM1979934v1_genomic.fna	78.9769	688	1832
DAN6.scaffolds.fasta.supercontigs.fna	GCA_021391595.1_ASM2139159v1_genomic.fna	78.9765	687	1832
DAN6.scaffolds.fasta.supercontigs.fna	GCA_019798205.1_ASM1979820v1_genomic.fna	78.9765	712	1832
DAN6.scaffolds.fasta.supercontigs.fna	GCA_004304385.1_ASM430438v1_genomic.fna	78.9761	675	1832
DAN6.scaffolds.fasta.supercontigs.fna	GCA_000427705.1_ASM42770v1_genomic.fna	78.9746	673	1832
DAN6.scaffolds.fasta.supercontigs.fna	GCA_900094585.1_IMG-taxon_2615840698_annotated_assembly_genomic.fna	78.974	604	1832
DAN6.scaffolds.fasta.supercontigs.fna	GCA_004303815.1_ASM430381v1_genomic.fna	78.9739	673	1832
DAN6.scaffolds.fasta.supercontigs.fna	GCA_031457185.1_ASM3145718v1_genomic.fna	78.9736	548	1832
DAN6.scaffolds.fasta.supercontigs.fna	GCA_035966825.1_ASM3596682v1_genomic.fna	78.9735	680	1832
DAN6.scaffolds.fasta.supercontigs.fna	GCA_004306365.1_ASM430636v1_genomic.fna	78.9726	683	1832
DAN6.scaffolds.fasta.supercontigs.fna	GCA_036571605.1_ASM3657160v1_genomic.fna	78.9719	689	1832
DAN6.scaffolds.fasta.supercontigs.fna	GCA_004304245.1_ASM430424v1_genomic.fna	78.9718	660	1832
DAN6.scaffolds.fasta.supercontigs.fna	GCA_019778425.1_ASM1977842v1_genomic.fna	78.9718	679	1832
DAN6.scaffolds.fasta.supercontigs.fna	GCA_004303275.1_ASM430327v1_genomic.fna	78.9717	643	1832
DAN6.scaffolds.fasta.supercontigs.fna	GCA_032464655.1_ASM3246465v1_genomic.fna	78.9712	692	1832
DAN6.scaffolds.fasta.supercontigs.fna	GCA_019779165.1_ASM1977916v1_genomic.fna	78.9711	677	1832
DAN6.scaffolds.fasta.supercontigs.fna	GCA_004303575.1_ASM430357v1_genomic.fna	78.9705	675	1832
DAN6.scaffolds.fasta.supercontigs.fna	GCA_004304595.1_ASM430459v1_genomic.fna	78.9704	695	1832
DAN6.scaffolds.fasta.supercontigs.fna	GCA_003290405.1_ASM329040v1_genomic.fna	78.9703	685	1832
DAN6.scaffolds.fasta.supercontigs.fna	GCA_004304375.1_ASM430437v1_genomic.fna	78.9702	682	1832
DAN6.scaffolds.fasta.supercontigs.fna	GCA_004305105.1_ASM430510v1_genomic.fna	78.9699	672	1832
DAN6.scaffolds.fasta.supercontigs.fna	GCA_004304125.1_ASM430412v1_genomic.fna	78.9697	689	1832
DAN6.scaffolds.fasta.supercontigs.fna	GCA_003610655.1_ASM361065v1_genomic.fna	78.9694	549	1832
DAN6.scaffolds.fasta.supercontigs.fna	GCA_002117485.1_ASM211748v1_genomic.fna	78.9691	627	1832
DAN6.scaffolds.fasta.supercontigs.fna	GCA_019799825.1_ASM1979982v1_genomic.fna	78.9684	673	1832
DAN6.scaffolds.fasta.supercontigs.fna	GCA_000371905.1_ASM37190v1_genomic.fna	78.9683	647	1832
DAN6.scaffolds.fasta.supercontigs.fna	GCA_014191925.1_ASM1419192v1_genomic.fna	78.9682	639	1832
DAN6.scaffolds.fasta.supercontigs.fna	GCA_014138515.1_ASM1413851v1_genomic.fna	78.9682	669	1832
DAN6.scaffolds.fasta.supercontigs.fna	GCA_032918375.1_ASM3291837v1_genomic.fna	78.9675	663	1832
DAN6.scaffolds.fasta.supercontigs.fna	GCA_014195115.1_ASM1419511v1_genomic.fna	78.9671	561	1832
DAN6.scaffolds.fasta.supercontigs.fna	GCA_019799885.1_ASM1979988v1_genomic.fna	78.9667	675	1832
DAN6.scaffolds.fasta.supercontigs.fna	GCA_004304105.1_ASM430410v1_genomic.fna	78.9664	677	1832
DAN6.scaffolds.fasta.supercontigs.fna	GCA_019357455.1_ASM1935745v1_genomic.fna	78.966	590	1832
DAN6.scaffolds.fasta.supercontigs.fna	GCA_019685025.1_ASM1968502v1_genomic.fna	78.966	661	1832
DAN6.scaffolds.fasta.supercontigs.fna	GCA_019799745.1_ASM1979974v1_genomic.fna	78.9657	688	1832
DAN6.scaffolds.fasta.supercontigs.fna	GCA_014198365.1_ASM1419836v1_genomic.fna	78.9651	663	1832
DAN6.scaffolds.fasta.supercontigs.fna	GCA_017876955.1_ASM1787695v1_genomic.fna	78.9651	554	1832
DAN6.scaffolds.fasta.supercontigs.fna	GCA_011604565.1_ASM1160456v1_genomic.fna	78.965	658	1832
DAN6.scaffolds.fasta.supercontigs.fna	GCA_011045155.1_ASM1104515v1_genomic.fna	78.965	553	1832
DAN6.scaffolds.fasta.supercontigs.fna	GCA_001295785.1_ASM129578v1_genomic.fna	78.9642	490	1832
DAN6.scaffolds.fasta.supercontigs.fna	GCA_004054165.1_ASM405416v1_genomic.fna	78.9641	667	1832
DAN6.scaffolds.fasta.supercontigs.fna	GCA_002008155.1_ASM200815v1_genomic.fna	78.9638	677	1832
DAN6.scaffolds.fasta.supercontigs.fna	GCA_004306385.1_ASM430638v1_genomic.fna	78.9635	667	1832
DAN6.scaffolds.fasta.supercontigs.fna	GCA_004330975.1_ASM433097v1_genomic.fna	78.9635	655	1832
DAN6.scaffolds.fasta.supercontigs.fna	GCA_019778015.1_ASM1977801v1_genomic.fna	78.9633	684	1832
DAN6.scaffolds.fasta.supercontigs.fna	GCA_019778145.1_ASM1977814v1_genomic.fna	78.9633	673	1832
DAN6.scaffolds.fasta.supercontigs.fna	GCA_004303625.1_ASM430362v1_genomic.fna	78.9632	664	1832
DAN6.scaffolds.fasta.supercontigs.fna	GCA_004306285.1_ASM430628v1_genomic.fna	78.963	667	1832
DAN6.scaffolds.fasta.supercontigs.fna	GCA_004304755.1_ASM430475v1_genomic.fna	78.9626	671	1832
DAN6.scaffolds.fasta.supercontigs.fna	GCA_012275975.1_ASM1227597v1_genomic.fna	78.962	665	1832
DAN6.scaffolds.fasta.supercontigs.fna	GCA_019510285.1_ASM1951028v1_genomic.fna	78.9615	490	1832
DAN6.scaffolds.fasta.supercontigs.fna	GCA_010668315.1_ASM1066831v1_genomic.fna	78.9614	681	1832
DAN6.scaffolds.fasta.supercontigs.fna	GCA_010668085.1_ASM1066808v1_genomic.fna	78.961	659	1832
DAN6.scaffolds.fasta.supercontigs.fna	GCA_013322055.1_ASM1332205v1_genomic.fna	78.9604	574	1832
DAN6.scaffolds.fasta.supercontigs.fna	GCA_000698845.1_ASM69884v1_genomic.fna	78.9598	687	1832
DAN6.scaffolds.fasta.supercontigs.fna	GCA_019778365.1_ASM1977836v1_genomic.fna	78.9597	666	1832
DAN6.scaffolds.fasta.supercontigs.fna	GCA_012276575.1_ASM1227657v1_genomic.fna	78.9589	658	1832
DAN6.scaffolds.fasta.supercontigs.fna	GCA_019799865.1_ASM1979986v1_genomic.fna	78.9586	686	1832
DAN6.scaffolds.fasta.supercontigs.fna	GCA_014207055.1_ASM1420705v1_genomic.fna	78.9585	581	1832
DAN6.scaffolds.fasta.supercontigs.fna	GCA_019778205.1_ASM1977820v1_genomic.fna	78.9583	670	1832
DAN6.scaffolds.fasta.supercontigs.fna	GCA_019798355.1_ASM1979835v1_genomic.fna	78.9581	631	1832
DAN6.scaffolds.fasta.supercontigs.fna	GCA_004306555.1_ASM430655v1_genomic.fna	78.9579	685	1832
DAN6.scaffolds.fasta.supercontigs.fna	GCA_001425145.1_Root1240_genomic.fna	78.9578	518	1832
DAN6.scaffolds.fasta.supercontigs.fna	GCA_012276375.1_ASM1227637v1_genomic.fna	78.9576	674	1832
DAN6.scaffolds.fasta.supercontigs.fna	GCA_004304555.1_ASM430455v1_genomic.fna	78.9575	676	1832
DAN6.scaffolds.fasta.supercontigs.fna	GCA_019778285.1_ASM1977828v1_genomic.fna	78.9572	669	1832
DAN6.scaffolds.fasta.supercontigs.fna	GCA_004303135.1_ASM430313v1_genomic.fna	78.9571	666	1832
DAN6.scaffolds.fasta.supercontigs.fna	GCA_004306695.1_ASM430669v1_genomic.fna	78.9569	681	1832
DAN6.scaffolds.fasta.supercontigs.fna	GCA_014237835.1_ASM1423783v1_genomic.fna	78.9566	528	1832
DAN6.scaffolds.fasta.supercontigs.fna	GCA_004330715.1_ASM433071v1_genomic.fna	78.9562	688	1832
DAN6.scaffolds.fasta.supercontigs.fna	GCA_004304285.1_ASM430428v1_genomic.fna	78.9559	679	1832
DAN6.scaffolds.fasta.supercontigs.fna	GCA_004303685.1_ASM430368v1_genomic.fna	78.9557	693	1832
DAN6.scaffolds.fasta.supercontigs.fna	GCA_004304955.1_ASM430495v1_genomic.fna	78.9556	684	1832
DAN6.scaffolds.fasta.supercontigs.fna	GCA_013004155.1_ASM1300415v1_genomic.fna	78.9552	643	1832
DAN6.scaffolds.fasta.supercontigs.fna	GCA_004329975.1_ASM432997v1_genomic.fna	78.9547	670	1832
DAN6.scaffolds.fasta.supercontigs.fna	GCA_004303775.1_ASM430377v1_genomic.fna	78.9546	692	1832
DAN6.scaffolds.fasta.supercontigs.fna	GCA_004306165.1_ASM430616v1_genomic.fna	78.9541	666	1832
DAN6.scaffolds.fasta.supercontigs.fna	GCA_019778125.1_ASM1977812v1_genomic.fna	78.9536	678	1832
DAN6.scaffolds.fasta.supercontigs.fna	GCA_012276395.1_ASM1227639v1_genomic.fna	78.9532	655	1832
DAN6.scaffolds.fasta.supercontigs.fna	GCA_004303925.1_ASM430392v1_genomic.fna	78.9523	663	1832
DAN6.scaffolds.fasta.supercontigs.fna	GCA_012275345.1_ASM1227534v1_genomic.fna	78.952	592	1832
DAN6.scaffolds.fasta.supercontigs.fna	GCA_004305495.1_ASM430549v1_genomic.fna	78.952	679	1832
DAN6.scaffolds.fasta.supercontigs.fna	GCA_004303455.1_ASM430345v1_genomic.fna	78.9517	673	1832
DAN6.scaffolds.fasta.supercontigs.fna	GCA_012276295.1_ASM1227629v1_genomic.fna	78.9509	682	1832
DAN6.scaffolds.fasta.supercontigs.fna	GCA_010668215.1_ASM1066821v1_genomic.fna	78.9508	681	1832
DAN6.scaffolds.fasta.supercontigs.fna	GCA_012275745.1_ASM1227574v1_genomic.fna	78.9508	666	1832
DAN6.scaffolds.fasta.supercontigs.fna	GCA_000442435.1_ASM44243v1_genomic.fna	78.9504	628	1832
DAN6.scaffolds.fasta.supercontigs.fna	GCA_014189655.1_ASM1418965v1_genomic.fna	78.9502	675	1832
DAN6.scaffolds.fasta.supercontigs.fna	GCA_004304365.1_ASM430436v1_genomic.fna	78.9499	667	1832
DAN6.scaffolds.fasta.supercontigs.fna	GCA_014194915.1_ASM1419491v1_genomic.fna	78.9486	611	1832
DAN6.scaffolds.fasta.supercontigs.fna	GCA_004330835.1_ASM433083v1_genomic.fna	78.9486	664	1832
DAN6.scaffolds.fasta.supercontigs.fna	GCA_004305865.1_ASM430586v1_genomic.fna	78.9485	672	1832
DAN6.scaffolds.fasta.supercontigs.fna	GCA_001652265.1_ASM165226v1_genomic.fna	78.9471	664	1832
DAN6.scaffolds.fasta.supercontigs.fna	GCA_032918275.1_ASM3291827v1_genomic.fna	78.9469	662	1832
DAN6.scaffolds.fasta.supercontigs.fna	GCA_004304685.1_ASM430468v1_genomic.fna	78.9469	676	1832
DAN6.scaffolds.fasta.supercontigs.fna	GCA_004303915.1_ASM430391v1_genomic.fna	78.9468	677	1832
DAN6.scaffolds.fasta.supercontigs.fna	GCA_004766535.1_ASM476653v1_genomic.fna	78.9467	580	1832
DAN6.scaffolds.fasta.supercontigs.fna	GCA_019798525.1_ASM1979852v1_genomic.fna	78.9466	632	1832
DAN6.scaffolds.fasta.supercontigs.fna	GCA_032918395.1_ASM3291839v1_genomic.fna	78.9466	670	1832
DAN6.scaffolds.fasta.supercontigs.fna	GCA_025152725.1_ASM2515272v1_genomic.fna	78.9464	650	1832
DAN6.scaffolds.fasta.supercontigs.fna	GCA_014196235.1_ASM1419623v1_genomic.fna	78.9459	662	1832
DAN6.scaffolds.fasta.supercontigs.fna	GCA_013321855.1_ASM1332185v1_genomic.fna	78.9459	642	1832
DAN6.scaffolds.fasta.supercontigs.fna	GCA_003627775.1_ASM362777v1_genomic.fna	78.9457	595	1832
DAN6.scaffolds.fasta.supercontigs.fna	GCA_004304055.1_ASM430405v1_genomic.fna	78.9455	689	1832
DAN6.scaffolds.fasta.supercontigs.fna	GCA_010668685.1_ASM1066868v1_genomic.fna	78.9449	675	1832
DAN6.scaffolds.fasta.supercontigs.fna	GCA_002406505.1_JJW1_genomic.fna	78.9447	658	1832
DAN6.scaffolds.fasta.supercontigs.fna	GCA_019798505.1_ASM1979850v1_genomic.fna	78.944	658	1832
DAN6.scaffolds.fasta.supercontigs.fna	GCA_004306275.1_ASM430627v1_genomic.fna	78.944	662	1832
DAN6.scaffolds.fasta.supercontigs.fna	GCA_004322935.1_ASM432293v1_genomic.fna	78.9432	673	1832
DAN6.scaffolds.fasta.supercontigs.fna	GCA_010668125.1_ASM1066812v1_genomic.fna	78.9432	696	1832
DAN6.scaffolds.fasta.supercontigs.fna	GCA_010668785.1_ASM1066878v1_genomic.fna	78.943	671	1832
DAN6.scaffolds.fasta.supercontigs.fna	GCA_019511375.1_ASM1951137v1_genomic.fna	78.9418	501	1832
DAN6.scaffolds.fasta.supercontigs.fna	GCA_004330645.1_ASM433064v1_genomic.fna	78.9418	668	1832
DAN6.scaffolds.fasta.supercontigs.fna	GCA_020447285.1_ASM2044728v1_genomic.fna	78.9414	678	1832
DAN6.scaffolds.fasta.supercontigs.fna	GCA_017873095.1_ASM1787309v1_genomic.fna	78.9411	563	1832
DAN6.scaffolds.fasta.supercontigs.fna	GCA_001729315.1_ASM172931v1_genomic.fna	78.9405	588	1832
DAN6.scaffolds.fasta.supercontigs.fna	GCA_004330725.1_ASM433072v1_genomic.fna	78.9405	678	1832
DAN6.scaffolds.fasta.supercontigs.fna	GCA_004305395.1_ASM430539v1_genomic.fna	78.9403	675	1832
DAN6.scaffolds.fasta.supercontigs.fna	GCA_001429245.1_Root274_genomic.fna	78.9403	520	1832
DAN6.scaffolds.fasta.supercontigs.fna	GCA_019778105.1_ASM1977810v1_genomic.fna	78.9402	689	1832
DAN6.scaffolds.fasta.supercontigs.fna	GCA_004303975.1_ASM430397v1_genomic.fna	78.9401	662	1832
DAN6.scaffolds.fasta.supercontigs.fna	GCA_004306095.1_ASM430609v1_genomic.fna	78.9401	679	1832
DAN6.scaffolds.fasta.supercontigs.fna	GCA_004304705.1_ASM430470v1_genomic.fna	78.94	673	1832
DAN6.scaffolds.fasta.supercontigs.fna	GCA_019778485.1_ASM1977848v1_genomic.fna	78.9398	688	1832
DAN6.scaffolds.fasta.supercontigs.fna	GCA_022953395.1_ASM2295339v1_genomic.fna	78.9396	495	1832
DAN6.scaffolds.fasta.supercontigs.fna	GCA_019684175.1_ASM1968417v1_genomic.fna	78.9389	603	1832
DAN6.scaffolds.fasta.supercontigs.fna	GCA_019799465.1_ASM1979946v1_genomic.fna	78.9386	664	1832
DAN6.scaffolds.fasta.supercontigs.fna	GCA_013322165.1_ASM1332216v1_genomic.fna	78.938	613	1832
DAN6.scaffolds.fasta.supercontigs.fna	GCA_032918285.1_ASM3291828v1_genomic.fna	78.9377	658	1832
DAN6.scaffolds.fasta.supercontigs.fna	GCA_004306705.1_ASM430670v1_genomic.fna	78.9376	674	1832
DAN6.scaffolds.fasta.supercontigs.fna	GCA_004305715.1_ASM430571v1_genomic.fna	78.9373	691	1832
DAN6.scaffolds.fasta.supercontigs.fna	GCA_019799785.1_ASM1979978v1_genomic.fna	78.9368	679	1832
DAN6.scaffolds.fasta.supercontigs.fna	GCA_014197585.1_ASM1419758v1_genomic.fna	78.9361	576	1832
DAN6.scaffolds.fasta.supercontigs.fna	GCA_012412905.2_ASM1241290v2_genomic.fna	78.9358	686	1832
DAN6.scaffolds.fasta.supercontigs.fna	GCA_019778165.1_ASM1977816v1_genomic.fna	78.9358	679	1832
DAN6.scaffolds.fasta.supercontigs.fna	GCA_004305765.1_ASM430576v1_genomic.fna	78.9357	676	1832
DAN6.scaffolds.fasta.supercontigs.fna	GCA_019778265.1_ASM1977826v1_genomic.fna	78.9354	667	1832
DAN6.scaffolds.fasta.supercontigs.fna	GCA_013322215.1_ASM1332221v1_genomic.fna	78.9351	613	1832
DAN6.scaffolds.fasta.supercontigs.fna	GCA_004304635.1_ASM430463v1_genomic.fna	78.9344	661	1832
DAN6.scaffolds.fasta.supercontigs.fna	GCA_010668735.1_ASM1066873v1_genomic.fna	78.9341	671	1832
DAN6.scaffolds.fasta.supercontigs.fna	GCA_004305675.1_ASM430567v1_genomic.fna	78.934	671	1832
DAN6.scaffolds.fasta.supercontigs.fna	GCA_019779795.1_ASM1977979v1_genomic.fna	78.9337	683	1832
DAN6.scaffolds.fasta.supercontigs.fna	GCA_004028055.1_ASM402805v1_genomic.fna	78.9335	678	1832
DAN6.scaffolds.fasta.supercontigs.fna	GCA_000375705.1_ASM37570v1_genomic.fna	78.933	678	1832
DAN6.scaffolds.fasta.supercontigs.fna	GCA_004054135.1_ASM405413v1_genomic.fna	78.933	660	1832
DAN6.scaffolds.fasta.supercontigs.fna	GCA_004305895.1_ASM430589v1_genomic.fna	78.9329	680	1832
DAN6.scaffolds.fasta.supercontigs.fna	GCA_003287875.1_ASM328787v1_genomic.fna	78.9326	595	1832
DAN6.scaffolds.fasta.supercontigs.fna	GCA_012275835.1_ASM1227583v1_genomic.fna	78.9326	668	1832
DAN6.scaffolds.fasta.supercontigs.fna	GCA_013321575.1_ASM1332157v1_genomic.fna	78.9325	644	1832
DAN6.scaffolds.fasta.supercontigs.fna	GCA_014193265.1_ASM1419326v1_genomic.fna	78.9325	601	1832
DAN6.scaffolds.fasta.supercontigs.fna	GCA_004304265.1_ASM430426v1_genomic.fna	78.9317	662	1832
DAN6.scaffolds.fasta.supercontigs.fna	GCA_004303885.1_ASM430388v1_genomic.fna	78.9311	683	1832
DAN6.scaffolds.fasta.supercontigs.fna	GCA_004304215.1_ASM430421v1_genomic.fna	78.9308	679	1832
DAN6.scaffolds.fasta.supercontigs.fna	GCA_001692155.1_ASM169215v1_genomic.fna	78.9305	637	1832
DAN6.scaffolds.fasta.supercontigs.fna	GCA_029892545.1_ASM2989254v1_genomic.fna	78.9297	667	1832
DAN6.scaffolds.fasta.supercontigs.fna	GCA_019799255.1_ASM1979925v1_genomic.fna	78.9297	690	1832
DAN6.scaffolds.fasta.supercontigs.fna	GCA_918741265.1_Rhizobium_sp_CECT_9324_HGAP4_Prokka_genomic.fna	78.9286	585	1832
DAN6.scaffolds.fasta.supercontigs.fna	GCA_024721175.1_ASM2472117v1_genomic.fna	78.9279	647	1832
DAN6.scaffolds.fasta.supercontigs.fna	GCA_004303315.1_ASM430331v1_genomic.fna	78.9276	697	1832
DAN6.scaffolds.fasta.supercontigs.fna	GCA_014873945.1_ASM1487394v1_genomic.fna	78.9266	615	1832
DAN6.scaffolds.fasta.supercontigs.fna	GCA_004304035.1_ASM430403v1_genomic.fna	78.9264	676	1832
DAN6.scaffolds.fasta.supercontigs.fna	GCA_900094565.1_IMG-taxon_2615840626_annotated_assembly_genomic.fna	78.9263	598	1832
DAN6.scaffolds.fasta.supercontigs.fna	GCA_012349105.1_ASM1234910v1_genomic.fna	78.9263	667	1832
DAN6.scaffolds.fasta.supercontigs.fna	GCA_004303535.1_ASM430353v1_genomic.fna	78.9257	674	1832
DAN6.scaffolds.fasta.supercontigs.fna	GCA_014193565.1_ASM1419356v1_genomic.fna	78.9255	604	1832
DAN6.scaffolds.fasta.supercontigs.fna	GCA_004303225.1_ASM430322v1_genomic.fna	78.925	677	1832
DAN6.scaffolds.fasta.supercontigs.fna	GCA_004329995.1_ASM432999v1_genomic.fna	78.9249	673	1832
DAN6.scaffolds.fasta.supercontigs.fna	GCA_021052425.1_ASM2105242v1_genomic.fna	78.9248	693	1832
DAN6.scaffolds.fasta.supercontigs.fna	GCA_024385575.1_ASM2438557v1_genomic.fna	78.9243	541	1832
DAN6.scaffolds.fasta.supercontigs.fna	GCA_035921845.1_ASM3592184v1_genomic.fna	78.9243	678	1832
DAN6.scaffolds.fasta.supercontigs.fna	GCA_019798465.1_ASM1979846v1_genomic.fna	78.9242	650	1832
DAN6.scaffolds.fasta.supercontigs.fna	GCA_019780065.1_ASM1978006v1_genomic.fna	78.9241	608	1832
DAN6.scaffolds.fasta.supercontigs.fna	GCA_004304235.1_ASM430423v1_genomic.fna	78.9238	699	1832
DAN6.scaffolds.fasta.supercontigs.fna	GCA_000419745.1_ASM41974v1_genomic.fna	78.9238	664	1832
DAN6.scaffolds.fasta.supercontigs.fna	GCA_004304475.1_ASM430447v1_genomic.fna	78.9225	671	1832
DAN6.scaffolds.fasta.supercontigs.fna	GCA_010815565.1_ASM1081556v1_genomic.fna	78.9225	577	1832
DAN6.scaffolds.fasta.supercontigs.fna	GCA_014193605.1_ASM1419360v1_genomic.fna	78.9224	566	1832
DAN6.scaffolds.fasta.supercontigs.fna	GCA_004304645.1_ASM430464v1_genomic.fna	78.9216	680	1832
DAN6.scaffolds.fasta.supercontigs.fna	GCA_019778185.1_ASM1977818v1_genomic.fna	78.9216	672	1832
DAN6.scaffolds.fasta.supercontigs.fna	GCA_010668665.1_ASM1066866v1_genomic.fna	78.921	678	1832
DAN6.scaffolds.fasta.supercontigs.fna	GCA_014280875.1_ASM1428087v1_genomic.fna	78.9209	554	1832
DAN6.scaffolds.fasta.supercontigs.fna	GCA_004330635.1_ASM433063v1_genomic.fna	78.9209	667	1832
DAN6.scaffolds.fasta.supercontigs.fna	GCA_004303335.1_ASM430333v1_genomic.fna	78.9206	691	1832
DAN6.scaffolds.fasta.supercontigs.fna	GCA_010668765.1_ASM1066876v1_genomic.fna	78.9205	672	1832
DAN6.scaffolds.fasta.supercontigs.fna	GCA_017305405.1_ASM1730540v1_genomic.fna	78.9189	565	1832
DAN6.scaffolds.fasta.supercontigs.fna	GCA_013004165.1_ASM1300416v1_genomic.fna	78.9187	665	1832
DAN6.scaffolds.fasta.supercontigs.fna	GCA_004306575.1_ASM430657v1_genomic.fna	78.918	671	1832
DAN6.scaffolds.fasta.supercontigs.fna	GCA_004306185.1_ASM430618v1_genomic.fna	78.9175	681	1832
DAN6.scaffolds.fasta.supercontigs.fna	GCA_000372105.1_ASM37210v1_genomic.fna	78.9175	684	1832
DAN6.scaffolds.fasta.supercontigs.fna	GCA_936919715.1_ERR2144882_bin.0_CONCOCT_v1.1_MAG_genomic.fna	78.9171	548	1832
DAN6.scaffolds.fasta.supercontigs.fna	GCA_014189575.1_ASM1418957v1_genomic.fna	78.9164	652	1832
DAN6.scaffolds.fasta.supercontigs.fna	GCA_014193575.1_ASM1419357v1_genomic.fna	78.9155	608	1832
DAN6.scaffolds.fasta.supercontigs.fna	GCA_012349085.1_ASM1234908v1_genomic.fna	78.9154	668	1832
DAN6.scaffolds.fasta.supercontigs.fna	GCA_013321105.1_ASM1332110v1_genomic.fna	78.9152	651	1832
DAN6.scaffolds.fasta.supercontigs.fna	GCA_010668835.1_ASM1066883v1_genomic.fna	78.9144	671	1832
DAN6.scaffolds.fasta.supercontigs.fna	GCA_012276545.1_ASM1227654v1_genomic.fna	78.9143	683	1832
DAN6.scaffolds.fasta.supercontigs.fna	GCA_004342335.1_ASM434233v1_genomic.fna	78.9143	554	1832
DAN6.scaffolds.fasta.supercontigs.fna	GCA_019779395.1_ASM1977939v1_genomic.fna	78.9129	700	1832
DAN6.scaffolds.fasta.supercontigs.fna	GCA_018138105.1_ASM1813810v1_genomic.fna	78.9128	645	1832
DAN6.scaffolds.fasta.supercontigs.fna	GCA_013321145.1_ASM1332114v1_genomic.fna	78.9124	662	1832
DAN6.scaffolds.fasta.supercontigs.fna	GCA_003627795.1_ASM362779v1_genomic.fna	78.9124	602	1832
DAN6.scaffolds.fasta.supercontigs.fna	GCA_010668145.1_ASM1066814v1_genomic.fna	78.912	674	1832
DAN6.scaffolds.fasta.supercontigs.fna	GCA_019778245.1_ASM1977824v1_genomic.fna	78.9117	682	1832
DAN6.scaffolds.fasta.supercontigs.fna	GCA_004305815.1_ASM430581v1_genomic.fna	78.9104	671	1832
DAN6.scaffolds.fasta.supercontigs.fna	GCA_019684725.1_ASM1968472v1_genomic.fna	78.9096	627	1832
DAN6.scaffolds.fasta.supercontigs.fna	GCA_001426565.1_Root482_genomic.fna	78.9095	555	1832
DAN6.scaffolds.fasta.supercontigs.fna	GCA_001692325.1_ASM169232v1_genomic.fna	78.9095	583	1832
DAN6.scaffolds.fasta.supercontigs.fna	GCA_014193815.1_ASM1419381v1_genomic.fna	78.9091	607	1832
DAN6.scaffolds.fasta.supercontigs.fna	GCA_019684115.1_ASM1968411v1_genomic.fna	78.909	593	1832
DAN6.scaffolds.fasta.supercontigs.fna	GCA_019684685.1_ASM1968468v1_genomic.fna	78.9088	625	1832
DAN6.scaffolds.fasta.supercontigs.fna	GCA_010668465.1_ASM1066846v1_genomic.fna	78.9084	692	1832
DAN6.scaffolds.fasta.supercontigs.fna	GCA_004304355.1_ASM430435v1_genomic.fna	78.9068	649	1832
DAN6.scaffolds.fasta.supercontigs.fna	GCA_937907675.1_SRR3901701_bin.43_CONCOCT_v1.1_MAG_genomic.fna	78.9066	502	1832
DAN6.scaffolds.fasta.supercontigs.fna	GCA_000247475.2_ASM24747v2_genomic.fna	78.9064	559	1832
DAN6.scaffolds.fasta.supercontigs.fna	GCA_013321305.1_ASM1332130v1_genomic.fna	78.9063	644	1832
DAN6.scaffolds.fasta.supercontigs.fna	GCA_019798425.1_ASM1979842v1_genomic.fna	78.9059	665	1832
DAN6.scaffolds.fasta.supercontigs.fna	GCA_004304155.1_ASM430415v1_genomic.fna	78.9053	681	1832
DAN6.scaffolds.fasta.supercontigs.fna	GCA_019778065.1_ASM1977806v1_genomic.fna	78.9045	672	1832
DAN6.scaffolds.fasta.supercontigs.fna	GCA_014200185.1_ASM1420018v1_genomic.fna	78.9028	583	1832
DAN6.scaffolds.fasta.supercontigs.fna	GCA_004306595.1_ASM430659v1_genomic.fna	78.9021	674	1832
DAN6.scaffolds.fasta.supercontigs.fna	GCA_019778045.1_ASM1977804v1_genomic.fna	78.9016	677	1832
DAN6.scaffolds.fasta.supercontigs.fna	GCA_000330885.1_ASM33088v1_genomic.fna	78.9015	585	1832
DAN6.scaffolds.fasta.supercontigs.fna	GCA_943914655.1_EF2K2tUHTW_bin.7.MAG_genomic.fna	78.9004	156	1832
DAN6.scaffolds.fasta.supercontigs.fna	GCA_016806065.1_ASM1680606v1_genomic.fna	78.9002	531	1832
DAN6.scaffolds.fasta.supercontigs.fna	GCA_004303835.1_ASM430383v1_genomic.fna	78.8996	660	1832
DAN6.scaffolds.fasta.supercontigs.fna	GCA_019798405.1_ASM1979840v1_genomic.fna	78.8995	647	1832
DAN6.scaffolds.fasta.supercontigs.fna	GCA_005222845.1_ASM522284v1_genomic.fna	78.8995	603	1832
DAN6.scaffolds.fasta.supercontigs.fna	GCA_000696095.1_ASM69609v1_genomic.fna	78.8995	648	1832
DAN6.scaffolds.fasta.supercontigs.fna	GCA_013321275.1_ASM1332127v1_genomic.fna	78.8994	630	1832
DAN6.scaffolds.fasta.supercontigs.fna	GCA_014189555.1_ASM1418955v1_genomic.fna	78.8992	645	1832
DAN6.scaffolds.fasta.supercontigs.fna	GCA_010668345.1_ASM1066834v1_genomic.fna	78.8982	681	1832
DAN6.scaffolds.fasta.supercontigs.fna	GCA_004303345.1_ASM430334v1_genomic.fna	78.8977	660	1832
DAN6.scaffolds.fasta.supercontigs.fna	GCA_012276435.1_ASM1227643v1_genomic.fna	78.8975	676	1832
DAN6.scaffolds.fasta.supercontigs.fna	GCA_013321745.1_ASM1332174v1_genomic.fna	78.8975	652	1832
DAN6.scaffolds.fasta.supercontigs.fna	GCA_013321375.1_ASM1332137v1_genomic.fna	78.8969	643	1832
DAN6.scaffolds.fasta.supercontigs.fna	GCA_007002795.1_ASM700279v1_genomic.fna	78.8966	635	1832
DAN6.scaffolds.fasta.supercontigs.fna	GCA_013321255.1_ASM1332125v1_genomic.fna	78.8959	642	1832
DAN6.scaffolds.fasta.supercontigs.fna	GCA_013321875.1_ASM1332187v1_genomic.fna	78.8958	648	1832
DAN6.scaffolds.fasta.supercontigs.fna	GCA_004305545.1_ASM430554v1_genomic.fna	78.8958	687	1832
DAN6.scaffolds.fasta.supercontigs.fna	GCA_010119525.1_ASM1011952v1_genomic.fna	78.8957	642	1832
DAN6.scaffolds.fasta.supercontigs.fna	GCA_000757525.1_RRTA_genomic.fna	78.8956	616	1832
DAN6.scaffolds.fasta.supercontigs.fna	GCA_031456395.1_ASM3145639v1_genomic.fna	78.8954	560	1832
DAN6.scaffolds.fasta.supercontigs.fna	GCA_030382195.1_ASM3038219v1_genomic.fna	78.895	524	1832
DAN6.scaffolds.fasta.supercontigs.fna	GCA_013321355.1_ASM1332135v1_genomic.fna	78.895	651	1832
DAN6.scaffolds.fasta.supercontigs.fna	GCA_004330955.1_ASM433095v1_genomic.fna	78.8948	676	1832
DAN6.scaffolds.fasta.supercontigs.fna	GCA_013321295.1_ASM1332129v1_genomic.fna	78.8947	650	1832
DAN6.scaffolds.fasta.supercontigs.fna	GCA_017352135.1_ASM1735213v1_genomic.fna	78.8946	636	1832
DAN6.scaffolds.fasta.supercontigs.fna	GCA_019778085.1_ASM1977808v1_genomic.fna	78.8944	667	1832
DAN6.scaffolds.fasta.supercontigs.fna	GCA_004305845.1_ASM430584v1_genomic.fna	78.8942	677	1832
DAN6.scaffolds.fasta.supercontigs.fna	GCA_019684535.1_ASM1968453v1_genomic.fna	78.8941	628	1832
DAN6.scaffolds.fasta.supercontigs.fna	GCA_010668585.1_ASM1066858v1_genomic.fna	78.8938	678	1832
DAN6.scaffolds.fasta.supercontigs.fna	GCA_013321615.1_ASM1332161v1_genomic.fna	78.8933	649	1832
DAN6.scaffolds.fasta.supercontigs.fna	GCA_005862215.1_ASM586221v1_genomic.fna	78.8932	609	1832
DAN6.scaffolds.fasta.supercontigs.fna	GCA_012275645.1_ASM1227564v1_genomic.fna	78.8932	675	1832
DAN6.scaffolds.fasta.supercontigs.fna	GCA_016864595.1_ASM1686459v1_genomic.fna	78.8932	618	1832
DAN6.scaffolds.fasta.supercontigs.fna	GCA_004305515.1_ASM430551v1_genomic.fna	78.8926	686	1832
DAN6.scaffolds.fasta.supercontigs.fna	GCA_013321805.1_ASM1332180v1_genomic.fna	78.8922	647	1832
DAN6.scaffolds.fasta.supercontigs.fna	GCA_004330945.1_ASM433094v1_genomic.fna	78.8917	671	1832
DAN6.scaffolds.fasta.supercontigs.fna	GCA_001692285.1_ASM169228v1_genomic.fna	78.8888	640	1832
DAN6.scaffolds.fasta.supercontigs.fna	GCA_001679565.1_ASM167956v1_genomic.fna	78.8886	683	1832
DAN6.scaffolds.fasta.supercontigs.fna	GCA_014202175.1_ASM1420217v1_genomic.fna	78.8886	549	1832
DAN6.scaffolds.fasta.supercontigs.fna	GCA_013320965.1_ASM1332096v1_genomic.fna	78.8883	596	1832
DAN6.scaffolds.fasta.supercontigs.fna	GCA_010668275.1_ASM1066827v1_genomic.fna	78.8881	690	1832
DAN6.scaffolds.fasta.supercontigs.fna	GCA_000281735.1_ASM28173v1_genomic.fna	78.8876	636	1832
DAN6.scaffolds.fasta.supercontigs.fna	GCA_012641405.1_ASM1264140v1_genomic.fna	78.8875	605	1832
DAN6.scaffolds.fasta.supercontigs.fna	GCA_004330815.1_ASM433081v1_genomic.fna	78.8872	665	1832
DAN6.scaffolds.fasta.supercontigs.fna	GCA_024810055.1_ASM2481005v1_genomic.fna	78.8871	639	1832
DAN6.scaffolds.fasta.supercontigs.fna	GCA_019684095.1_ASM1968409v1_genomic.fna	78.8863	590	1832
DAN6.scaffolds.fasta.supercontigs.fna	GCA_004303255.1_ASM430325v1_genomic.fna	78.8862	671	1832
DAN6.scaffolds.fasta.supercontigs.fna	GCA_007002985.1_ASM700298v1_genomic.fna	78.8857	649	1832
DAN6.scaffolds.fasta.supercontigs.fna	GCA_010450895.1_ASM1045089v1_genomic.fna	78.8849	558	1832
DAN6.scaffolds.fasta.supercontigs.fna	GCA_900094555.1_IMG-taxon_2615840609_annotated_assembly_genomic.fna	78.8841	599	1832
DAN6.scaffolds.fasta.supercontigs.fna	GCA_013322075.1_ASM1332207v1_genomic.fna	78.8841	650	1832
DAN6.scaffolds.fasta.supercontigs.fna	GCA_013321045.1_ASM1332104v1_genomic.fna	78.8841	651	1832
DAN6.scaffolds.fasta.supercontigs.fna	GCA_009498505.1_ASM949850v1_genomic.fna	78.8834	649	1832
DAN6.scaffolds.fasta.supercontigs.fna	GCA_019684215.1_ASM1968421v1_genomic.fna	78.8824	615	1832
DAN6.scaffolds.fasta.supercontigs.fna	GCA_014194925.1_ASM1419492v1_genomic.fna	78.8818	560	1832
DAN6.scaffolds.fasta.supercontigs.fna	GCA_013321955.1_ASM1332195v1_genomic.fna	78.8817	650	1832
DAN6.scaffolds.fasta.supercontigs.fna	GCA_025200735.1_ASM2520073v1_genomic.fna	78.8814	571	1832
DAN6.scaffolds.fasta.supercontigs.fna	GCA_019778005.1_ASM1977800v1_genomic.fna	78.8813	669	1832
DAN6.scaffolds.fasta.supercontigs.fna	GCA_019684795.1_ASM1968479v1_genomic.fna	78.8804	632	1832
DAN6.scaffolds.fasta.supercontigs.fna	GCA_013321775.1_ASM1332177v1_genomic.fna	78.8785	650	1832
DAN6.scaffolds.fasta.supercontigs.fna	GCA_013321505.1_ASM1332150v1_genomic.fna	78.8783	648	1832
DAN6.scaffolds.fasta.supercontigs.fna	GCA_013322155.1_ASM1332215v1_genomic.fna	78.8777	656	1832
DAN6.scaffolds.fasta.supercontigs.fna	GCA_013321695.1_ASM1332169v1_genomic.fna	78.8773	650	1832
DAN6.scaffolds.fasta.supercontigs.fna	GCA_007002955.1_ASM700295v1_genomic.fna	78.8772	648	1832
DAN6.scaffolds.fasta.supercontigs.fna	GCA_000016265.1_ASM1626v1_genomic.fna	78.8768	664	1832
DAN6.scaffolds.fasta.supercontigs.fna	GCA_019684495.1_ASM1968449v1_genomic.fna	78.8763	621	1832
DAN6.scaffolds.fasta.supercontigs.fna	GCA_006802085.1_ASM680208v1_genomic.fna	78.875	650	1832
DAN6.scaffolds.fasta.supercontigs.fna	GCA_013322085.1_ASM1332208v1_genomic.fna	78.8743	651	1832
DAN6.scaffolds.fasta.supercontigs.fna	GCA_000300855.1_ASM30085v1_genomic.fna	78.8742	541	1832
DAN6.scaffolds.fasta.supercontigs.fna	GCA_019684905.1_ASM1968490v1_genomic.fna	78.8738	637	1832
DAN6.scaffolds.fasta.supercontigs.fna	GCA_013321555.1_ASM1332155v1_genomic.fna	78.8737	641	1832
DAN6.scaffolds.fasta.supercontigs.fna	GCA_004912145.1_ASM491214v1_genomic.fna	78.8725	535	1832
DAN6.scaffolds.fasta.supercontigs.fna	GCA_007002995.1_ASM700299v1_genomic.fna	78.8716	644	1832
DAN6.scaffolds.fasta.supercontigs.fna	GCA_019684235.1_ASM1968423v1_genomic.fna	78.8715	610	1832
DAN6.scaffolds.fasta.supercontigs.fna	GCA_001424505.1_Leaf391_genomic.fna	78.8711	595	1832
DAN6.scaffolds.fasta.supercontigs.fna	GCA_019780035.1_ASM1978003v1_genomic.fna	78.8708	612	1832
DAN6.scaffolds.fasta.supercontigs.fna	GCA_000430465.3_TA12020_genomic.fna	78.8691	688	1832
DAN6.scaffolds.fasta.supercontigs.fna	GCA_001425605.1_Leaf453_genomic.fna	78.8686	582	1832
DAN6.scaffolds.fasta.supercontigs.fna	GCA_001426685.1_Root483D2_genomic.fna	78.8682	571	1832
DAN6.scaffolds.fasta.supercontigs.fna	GCA_013321735.1_ASM1332173v1_genomic.fna	78.8673	649	1832
DAN6.scaffolds.fasta.supercontigs.fna	GCA_019684615.1_ASM1968461v1_genomic.fna	78.8673	631	1832
DAN6.scaffolds.fasta.supercontigs.fna	GCA_023006545.1_ASM2300654v1_genomic.fna	78.8663	639	1832
DAN6.scaffolds.fasta.supercontigs.fna	GCA_013321495.1_ASM1332149v1_genomic.fna	78.866	641	1832
DAN6.scaffolds.fasta.supercontigs.fna	GCA_013321005.1_ASM1332100v1_genomic.fna	78.8658	643	1832
DAN6.scaffolds.fasta.supercontigs.fna	GCA_017357245.1_ASM1735724v1_genomic.fna	78.8654	617	1832
DAN6.scaffolds.fasta.supercontigs.fna	GCA_007828675.1_ASM782867v1_genomic.fna	78.8651	598	1832
DAN6.scaffolds.fasta.supercontigs.fna	GCA_023006555.1_ASM2300655v1_genomic.fna	78.8649	635	1832
DAN6.scaffolds.fasta.supercontigs.fna	GCA_026622875.1_ASM2662287v1_genomic.fna	78.8649	642	1832
DAN6.scaffolds.fasta.supercontigs.fna	GCA_019780025.1_ASM1978002v1_genomic.fna	78.8644	608	1832
DAN6.scaffolds.fasta.supercontigs.fna	GCA_019780005.1_ASM1978000v1_genomic.fna	78.8627	608	1832
DAN6.scaffolds.fasta.supercontigs.fna	GCA_002944315.1_ASM294431v1_genomic.fna	78.8626	569	1832
DAN6.scaffolds.fasta.supercontigs.fna	GCA_019684835.1_ASM1968483v1_genomic.fna	78.8619	614	1832
DAN6.scaffolds.fasta.supercontigs.fna	GCA_004912135.1_ASM491213v1_genomic.fna	78.86	547	1832
DAN6.scaffolds.fasta.supercontigs.fna	GCA_013321655.1_ASM1332165v1_genomic.fna	78.8596	647	1832
DAN6.scaffolds.fasta.supercontigs.fna	GCA_014193955.1_ASM1419395v1_genomic.fna	78.8593	599	1832
DAN6.scaffolds.fasta.supercontigs.fna	GCA_017873135.1_ASM1787313v1_genomic.fna	78.8584	599	1832
DAN6.scaffolds.fasta.supercontigs.fna	GCA_013321315.1_ASM1332131v1_genomic.fna	78.8573	647	1832
DAN6.scaffolds.fasta.supercontigs.fna	GCA_019799685.1_ASM1979968v1_genomic.fna	78.8573	584	1832
DAN6.scaffolds.fasta.supercontigs.fna	GCA_019798585.1_ASM1979858v1_genomic.fna	78.8568	689	1832
DAN6.scaffolds.fasta.supercontigs.fna	GCA_040215715.1_ASM4021571v1_genomic.fna	78.8536	624	1832
DAN6.scaffolds.fasta.supercontigs.fna	GCA_013322025.1_ASM1332202v1_genomic.fna	78.8534	646	1832
DAN6.scaffolds.fasta.supercontigs.fna	GCA_030070225.1_ASM3007022v1_genomic.fna	78.8532	657	1832
DAN6.scaffolds.fasta.supercontigs.fna	GCA_013321785.1_ASM1332178v1_genomic.fna	78.8528	655	1832
DAN6.scaffolds.fasta.supercontigs.fna	GCA_013321135.1_ASM1332113v1_genomic.fna	78.8526	650	1832
DAN6.scaffolds.fasta.supercontigs.fna	GCA_012275925.1_ASM1227592v1_genomic.fna	78.8521	674	1832
DAN6.scaffolds.fasta.supercontigs.fna	GCA_013321975.1_ASM1332197v1_genomic.fna	78.8514	661	1832
DAN6.scaffolds.fasta.supercontigs.fna	GCA_013321035.1_ASM1332103v1_genomic.fna	78.8503	653	1832
DAN6.scaffolds.fasta.supercontigs.fna	GCA_001424085.1_Leaf386_genomic.fna	78.8501	581	1832
DAN6.scaffolds.fasta.supercontigs.fna	GCA_036528795.1_ASM3652879v1_genomic.fna	78.8496	274	1832
DAN6.scaffolds.fasta.supercontigs.fna	GCA_019684755.1_ASM1968475v1_genomic.fna	78.8489	646	1832
DAN6.scaffolds.fasta.supercontigs.fna	GCA_019684515.1_ASM1968451v1_genomic.fna	78.8488	639	1832
DAN6.scaffolds.fasta.supercontigs.fna	GCA_019778225.1_ASM1977822v1_genomic.fna	78.8487	692	1832
DAN6.scaffolds.fasta.supercontigs.fna	GCA_031455475.1_ASM3145547v1_genomic.fna	78.8481	652	1832
DAN6.scaffolds.fasta.supercontigs.fna	GCA_013321635.1_ASM1332163v1_genomic.fna	78.8478	651	1832
DAN6.scaffolds.fasta.supercontigs.fna	GCA_012641385.1_ASM1264138v1_genomic.fna	78.8478	593	1832
DAN6.scaffolds.fasta.supercontigs.fna	GCA_001724035.1_ASM172403v1_genomic.fna	78.8477	506	1832
DAN6.scaffolds.fasta.supercontigs.fna	GCA_021168455.1_ASM2116845v1_genomic.fna	78.8474	556	1832
DAN6.scaffolds.fasta.supercontigs.fna	GCA_001692215.1_ASM169221v1_genomic.fna	78.8466	651	1832
DAN6.scaffolds.fasta.supercontigs.fna	GCA_000799755.1_ASM79975v1_genomic.fna	78.8464	600	1832
DAN6.scaffolds.fasta.supercontigs.fna	GCA_000705135.2_Draft_genome_assembly_of_Agrobacterium_rhizogenes_ATCC15834_genomic.fna	78.8456	652	1832
DAN6.scaffolds.fasta.supercontigs.fna	GCA_001675175.1_ASM167517v1_genomic.fna	78.8452	558	1832
DAN6.scaffolds.fasta.supercontigs.fna	GCA_013322065.1_ASM1332206v1_genomic.fna	78.844	651	1832
DAN6.scaffolds.fasta.supercontigs.fna	GCA_013321665.1_ASM1332166v1_genomic.fna	78.8435	645	1832
DAN6.scaffolds.fasta.supercontigs.fna	GCA_013321185.1_ASM1332118v1_genomic.fna	78.843	648	1832
DAN6.scaffolds.fasta.supercontigs.fna	GCA_004303365.1_ASM430336v1_genomic.fna	78.843	683	1832
DAN6.scaffolds.fasta.supercontigs.fna	GCA_009176305.1_ASM917630v1_genomic.fna	78.8429	587	1832
DAN6.scaffolds.fasta.supercontigs.fna	GCA_017357265.1_ASM1735726v1_genomic.fna	78.8423	599	1832
DAN6.scaffolds.fasta.supercontigs.fna	GCA_013320955.1_ASM1332095v1_genomic.fna	78.842	646	1832
DAN6.scaffolds.fasta.supercontigs.fna	GCA_013321905.1_ASM1332190v1_genomic.fna	78.8409	644	1832
DAN6.scaffolds.fasta.supercontigs.fna	GCA_013322135.1_ASM1332213v1_genomic.fna	78.8407	657	1832
DAN6.scaffolds.fasta.supercontigs.fna	GCA_040215725.1_ASM4021572v1_genomic.fna	78.8399	621	1832
DAN6.scaffolds.fasta.supercontigs.fna	GCA_013321865.1_ASM1332186v1_genomic.fna	78.8397	659	1832
DAN6.scaffolds.fasta.supercontigs.fna	GCA_019778295.1_ASM1977829v1_genomic.fna	78.8391	673	1832
DAN6.scaffolds.fasta.supercontigs.fna	GCA_013321715.1_ASM1332171v1_genomic.fna	78.839	661	1832
DAN6.scaffolds.fasta.supercontigs.fna	GCA_013321565.1_ASM1332156v1_genomic.fna	78.8379	657	1832
DAN6.scaffolds.fasta.supercontigs.fna	GCA_019684135.1_ASM1968413v1_genomic.fna	78.8375	609	1832
DAN6.scaffolds.fasta.supercontigs.fna	GCA_013321075.1_ASM1332107v1_genomic.fna	78.8372	655	1832
DAN6.scaffolds.fasta.supercontigs.fna	GCA_013321425.1_ASM1332142v1_genomic.fna	78.8361	646	1832
DAN6.scaffolds.fasta.supercontigs.fna	GCA_013321455.1_ASM1332145v1_genomic.fna	78.8359	649	1832
DAN6.scaffolds.fasta.supercontigs.fna	GCA_019684815.1_ASM1968481v1_genomic.fna	78.8358	649	1832
DAN6.scaffolds.fasta.supercontigs.fna	GCA_013321985.1_ASM1332198v1_genomic.fna	78.8357	647	1832
DAN6.scaffolds.fasta.supercontigs.fna	GCA_013321935.1_ASM1332193v1_genomic.fna	78.8356	659	1832
DAN6.scaffolds.fasta.supercontigs.fna	GCA_017584205.1_ASM1758420v1_genomic.fna	78.8348	649	1832
DAN6.scaffolds.fasta.supercontigs.fna	GCA_014207015.1_ASM1420701v1_genomic.fna	78.834	555	1832
DAN6.scaffolds.fasta.supercontigs.fna	GCA_013322015.1_ASM1332201v1_genomic.fna	78.8322	653	1832
DAN6.scaffolds.fasta.supercontigs.fna	GCA_030369675.1_ASM3036967v1_genomic.fna	78.8317	499	1832
DAN6.scaffolds.fasta.supercontigs.fna	GCA_013321475.1_ASM1332147v1_genomic.fna	78.8315	652	1832
DAN6.scaffolds.fasta.supercontigs.fna	GCA_001424045.1_Leaf371_genomic.fna	78.8315	541	1832
DAN6.scaffolds.fasta.supercontigs.fna	GCA_019684715.1_ASM1968471v1_genomic.fna	78.8296	633	1832
DAN6.scaffolds.fasta.supercontigs.fna	GCA_000295895.1_ASM29589v1_genomic.fna	78.8292	483	1832
DAN6.scaffolds.fasta.supercontigs.fna	GCA_013321835.1_ASM1332183v1_genomic.fna	78.8292	664	1832
DAN6.scaffolds.fasta.supercontigs.fna	GCA_013321225.1_ASM1332122v1_genomic.fna	78.8285	651	1832
DAN6.scaffolds.fasta.supercontigs.fna	GCA_019684545.1_ASM1968454v1_genomic.fna	78.8278	622	1832
DAN6.scaffolds.fasta.supercontigs.fna	GCA_019683995.1_ASM1968399v1_genomic.fna	78.8265	609	1832
DAN6.scaffolds.fasta.supercontigs.fna	GCA_003610155.1_ASM361015v1_genomic.fna	78.8262	605	1832
DAN6.scaffolds.fasta.supercontigs.fna	GCA_013320995.1_ASM1332099v1_genomic.fna	78.8248	656	1832
DAN6.scaffolds.fasta.supercontigs.fna	GCA_013321365.1_ASM1332136v1_genomic.fna	78.8236	652	1832
DAN6.scaffolds.fasta.supercontigs.fna	GCA_008370325.1_ASM837032v1_genomic.fna	78.8234	591	1832
DAN6.scaffolds.fasta.supercontigs.fna	GCA_001899545.1_ASM189954v1_genomic.fna	78.8225	597	1832
DAN6.scaffolds.fasta.supercontigs.fna	GCA_013321215.1_ASM1332121v1_genomic.fna	78.8224	650	1832
DAN6.scaffolds.fasta.supercontigs.fna	GCA_019684075.1_ASM1968407v1_genomic.fna	78.8222	625	1832
DAN6.scaffolds.fasta.supercontigs.fna	GCA_019684055.1_ASM1968405v1_genomic.fna	78.8212	602	1832
DAN6.scaffolds.fasta.supercontigs.fna	GCA_013321485.1_ASM1332148v1_genomic.fna	78.8178	657	1832
DAN6.scaffolds.fasta.supercontigs.fna	GCA_019684775.1_ASM1968477v1_genomic.fna	78.8174	642	1832
DAN6.scaffolds.fasta.supercontigs.fna	GCA_014200295.1_ASM1420029v1_genomic.fna	78.8163	573	1832
DAN6.scaffolds.fasta.supercontigs.fna	GCA_019684595.1_ASM1968459v1_genomic.fna	78.813	638	1832
DAN6.scaffolds.fasta.supercontigs.fna	GCA_030182495.1_ASM3018249v1_genomic.fna	78.8119	596	1832
DAN6.scaffolds.fasta.supercontigs.fna	GCA_026622855.1_ASM2662285v1_genomic.fna	78.8102	574	1832
DAN6.scaffolds.fasta.supercontigs.fna	GCA_007002785.1_ASM700278v1_genomic.fna	78.8095	666	1832
DAN6.scaffolds.fasta.supercontigs.fna	GCA_019684875.1_ASM1968487v1_genomic.fna	78.809	632	1832
DAN6.scaffolds.fasta.supercontigs.fna	GCA_013322175.1_ASM1332217v1_genomic.fna	78.8077	658	1832
DAN6.scaffolds.fasta.supercontigs.fna	GCA_013321175.1_ASM1332117v1_genomic.fna	78.8074	658	1832
DAN6.scaffolds.fasta.supercontigs.fna	GCA_013321095.1_ASM1332109v1_genomic.fna	78.805	648	1832
DAN6.scaffolds.fasta.supercontigs.fna	GCA_019684635.1_ASM1968463v1_genomic.fna	78.802	633	1832
DAN6.scaffolds.fasta.supercontigs.fna	GCA_030268365.1_ASM3026836v1_genomic.fna	78.8	595	1832
DAN6.scaffolds.fasta.supercontigs.fna	GCA_019684415.1_ASM1968441v1_genomic.fna	78.7984	639	1832
DAN6.scaffolds.fasta.supercontigs.fna	GCA_027109195.1_ASM2710919v1_genomic.fna	78.7978	585	1832
DAN6.scaffolds.fasta.supercontigs.fna	GCA_013321415.1_ASM1332141v1_genomic.fna	78.7954	655	1832
DAN6.scaffolds.fasta.supercontigs.fna	GCA_030182455.1_ASM3018245v1_genomic.fna	78.7931	574	1832
DAN6.scaffolds.fasta.supercontigs.fna	GCA_014198775.1_ASM1419877v1_genomic.fna	78.7921	558	1832
DAN6.scaffolds.fasta.supercontigs.fna	GCA_019684425.1_ASM1968442v1_genomic.fna	78.7886	636	1832
DAN6.scaffolds.fasta.supercontigs.fna	GCA_027863495.1_ASM2786349v1_genomic.fna	78.7867	604	1832
DAN6.scaffolds.fasta.supercontigs.fna	GCA_019684475.1_ASM1968447v1_genomic.fna	78.7859	646	1832
DAN6.scaffolds.fasta.supercontigs.fna	GCA_019684855.1_ASM1968485v1_genomic.fna	78.7792	639	1832
DAN6.scaffolds.fasta.supercontigs.fna	GCA_019684665.1_ASM1968466v1_genomic.fna	78.7792	646	1832
DAN6.scaffolds.fasta.supercontigs.fna	GCA_000379605.1_ASM37960v1_genomic.fna	78.7775	576	1832
DAN6.scaffolds.fasta.supercontigs.fna	GCA_019684385.1_ASM1968438v1_genomic.fna	78.7773	639	1832
DAN6.scaffolds.fasta.supercontigs.fna	GCA_019684575.1_ASM1968457v1_genomic.fna	78.777	638	1832
DAN6.scaffolds.fasta.supercontigs.fna	GCA_007827995.1_ASM782799v1_genomic.fna	78.7745	594	1832
DAN6.scaffolds.fasta.supercontigs.fna	GCA_000426285.1_ASM42628v1_genomic.fna	78.7743	562	1832
DAN6.scaffolds.fasta.supercontigs.fna	GCA_010668395.1_ASM1066839v1_genomic.fna	78.7702	598	1832
DAN6.scaffolds.fasta.supercontigs.fna	GCA_001999485.2_ASM199948v2_genomic.fna	78.7696	587	1832
DAN6.scaffolds.fasta.supercontigs.fna	GCA_003217115.1_ASM321711v1_genomic.fna	78.7693	537	1832
DAN6.scaffolds.fasta.supercontigs.fna	GCA_900156055.1_IMG-taxon_2708742397_annotated_assembly_genomic.fna	78.7688	530	1832
DAN6.scaffolds.fasta.supercontigs.fna	GCA_002277895.1_ASM227789v1_genomic.fna	78.7681	581	1832
DAN6.scaffolds.fasta.supercontigs.fna	GCA_900176345.1_IMG-taxon_2716884867_annotated_assembly_genomic.fna	78.7673	584	1832
DAN6.scaffolds.fasta.supercontigs.fna	GCA_001662125.1_ASM166212v1_genomic.fna	78.763	620	1832
DAN6.scaffolds.fasta.supercontigs.fna	GCA_036528765.1_ASM3652876v1_genomic.fna	78.7611	481	1832
DAN6.scaffolds.fasta.supercontigs.fna	GCA_014194105.1_ASM1419410v1_genomic.fna	78.7606	576	1832
DAN6.scaffolds.fasta.supercontigs.fna	GCA_007828395.1_ASM782839v1_genomic.fna	78.7582	597	1832
DAN6.scaffolds.fasta.supercontigs.fna	GCA_019684655.1_ASM1968465v1_genomic.fna	78.758	635	1832
DAN6.scaffolds.fasta.supercontigs.fna	GCA_019684375.1_ASM1968437v1_genomic.fna	78.7571	640	1832
DAN6.scaffolds.fasta.supercontigs.fna	GCA_021026345.1_ASM2102634v1_genomic.fna	78.7542	554	1832
DAN6.scaffolds.fasta.supercontigs.fna	GCA_016901135.1_ASM1690113v1_genomic.fna	78.7541	609	1832
DAN6.scaffolds.fasta.supercontigs.fna	GCA_009498215.1_ASM949821v1_genomic.fna	78.7511	506	1832
DAN6.scaffolds.fasta.supercontigs.fna	GCA_030182565.1_ASM3018256v1_genomic.fna	78.7505	578	1832
DAN6.scaffolds.fasta.supercontigs.fna	GCA_004341105.1_ASM434110v1_genomic.fna	78.7478	563	1832
DAN6.scaffolds.fasta.supercontigs.fna	GCA_030504645.1_ASM3050464v1_genomic.fna	78.7447	583	1832
DAN6.scaffolds.fasta.supercontigs.fna	GCA_009176325.1_ASM917632v1_genomic.fna	78.7436	571	1832
DAN6.scaffolds.fasta.supercontigs.fna	GCA_938008855.1_SRR3901701_bin.3_CONCOCT_v1.1_MAG_genomic.fna	78.7403	587	1832
DAN6.scaffolds.fasta.supercontigs.fna	GCA_016429255.1_ASM1642925v1_genomic.fna	78.738	531	1832
DAN6.scaffolds.fasta.supercontigs.fna	GCA_020889605.1_ASM2088960v1_genomic.fna	78.7375	491	1832
DAN6.scaffolds.fasta.supercontigs.fna	GCA_016864535.1_ASM1686453v1_genomic.fna	78.7316	510	1832
DAN6.scaffolds.fasta.supercontigs.fna	GCA_030272705.1_ASM3027270v1_genomic.fna	78.7305	520	1832
DAN6.scaffolds.fasta.supercontigs.fna	GCA_008682375.1_ASM868237v1_genomic.fna	78.7294	662	1832
DAN6.scaffolds.fasta.supercontigs.fna	GCA_943373015.1_JJ-MO2C5C5-342-4-m1-bin364_genomic.fna	78.7247	239	1832
DAN6.scaffolds.fasta.supercontigs.fna	GCA_024426085.1_ASM2442608v1_genomic.fna	78.7245	587	1832
DAN6.scaffolds.fasta.supercontigs.fna	GCA_029537235.1_ASM2953723v1_genomic.fna	78.7231	500	1832
DAN6.scaffolds.fasta.supercontigs.fna	GCA_001662055.1_ASM166205v1_genomic.fna	78.721	621	1832
DAN6.scaffolds.fasta.supercontigs.fna	GCA_014189535.1_ASM1418953v1_genomic.fna	78.7179	641	1832
DAN6.scaffolds.fasta.supercontigs.fna	GCA_001424965.1_Root1204_genomic.fna	78.7176	542	1832
DAN6.scaffolds.fasta.supercontigs.fna	GCA_001429075.1_Root73_genomic.fna	78.7169	527	1832
DAN6.scaffolds.fasta.supercontigs.fna	GCA_006443685.1_ASM644368v1_genomic.fna	78.7147	527	1832
DAN6.scaffolds.fasta.supercontigs.fna	GCA_003217305.1_ASM321730v1_genomic.fna	78.7116	537	1832
DAN6.scaffolds.fasta.supercontigs.fna	GCA_014193255.1_ASM1419325v1_genomic.fna	78.7109	579	1832
DAN6.scaffolds.fasta.supercontigs.fna	GCA_029714265.1_ASM2971426v1_genomic.fna	78.7062	584	1832
DAN6.scaffolds.fasta.supercontigs.fna	GCA_000376185.1_ASM37618v1_genomic.fna	78.7036	120	1832
DAN6.scaffolds.fasta.supercontigs.fna	GCA_014193935.1_ASM1419393v1_genomic.fna	78.6996	571	1832
DAN6.scaffolds.fasta.supercontigs.fna	GCA_001429725.1_Root708_genomic.fna	78.6995	521	1832
DAN6.scaffolds.fasta.supercontigs.fna	GCA_014727215.1_ASM1472721v1_genomic.fna	78.6962	563	1832
DAN6.scaffolds.fasta.supercontigs.fna	GCA_021555155.1_ASM2155515v1_genomic.fna	78.6962	549	1832
DAN6.scaffolds.fasta.supercontigs.fna	GCA_004343445.1_ASM434344v1_genomic.fna	78.6929	568	1832
DAN6.scaffolds.fasta.supercontigs.fna	GCA_004341955.1_ASM434195v1_genomic.fna	78.692	556	1832
DAN6.scaffolds.fasta.supercontigs.fna	GCA_001426665.1_Root1334_genomic.fna	78.6898	526	1832
DAN6.scaffolds.fasta.supercontigs.fna	GCA_945952315.1_SRR9109406_bin.7_metaWRAP_v1.3_MAG_genomic.fna	78.6896	417	1832
DAN6.scaffolds.fasta.supercontigs.fna	GCA_008000915.1_ASM800091v1_genomic.fna	78.6847	560	1832
DAN6.scaffolds.fasta.supercontigs.fna	GCA_019511345.1_ASM1951134v1_genomic.fna	78.6789	593	1832
DAN6.scaffolds.fasta.supercontigs.fna	GCA_034720595.1_ASM3472059v1_genomic.fna	78.6733	518	1832
DAN6.scaffolds.fasta.supercontigs.fna	GCA_001908615.1_ASM190861v1_genomic.fna	78.6689	576	1832
DAN6.scaffolds.fasta.supercontigs.fna	GCA_004341455.1_ASM434145v1_genomic.fna	78.6665	565	1832
DAN6.scaffolds.fasta.supercontigs.fna	GCA_013378445.1_ASM1337844v1_genomic.fna	78.6586	509	1832
DAN6.scaffolds.fasta.supercontigs.fna	GCA_014197875.1_ASM1419787v1_genomic.fna	78.6556	596	1832
DAN6.scaffolds.fasta.supercontigs.fna	GCA_012641435.1_ASM1264143v1_genomic.fna	78.6524	519	1832
DAN6.scaffolds.fasta.supercontigs.fna	GCA_004358025.1_ASM435802v1_genomic.fna	78.6523	509	1832
DAN6.scaffolds.fasta.supercontigs.fna	GCA_000483325.1_ASM48332v1_genomic.fna	78.6451	103	1832
DAN6.scaffolds.fasta.supercontigs.fna	GCA_945952415.1_SRR9109407_bin.14_metaWRAP_v1.3_MAG_genomic.fna	78.6451	500	1832
DAN6.scaffolds.fasta.supercontigs.fna	GCA_003217135.1_ASM321713v1_genomic.fna	78.6423	568	1832
DAN6.scaffolds.fasta.supercontigs.fna	GCA_014207095.1_ASM1420709v1_genomic.fna	78.6374	559	1832
DAN6.scaffolds.fasta.supercontigs.fna	GCA_001885575.1_ASM188557v1_genomic.fna	78.6335	506	1832
DAN6.scaffolds.fasta.supercontigs.fna	GCA_000438905.2_ASM43890v2_genomic.fna	78.6322	125	1832
DAN6.scaffolds.fasta.supercontigs.fna	GCA_029714285.1_ASM2971428v1_genomic.fna	78.6283	563	1832
DAN6.scaffolds.fasta.supercontigs.fna	GCA_030182525.1_ASM3018252v1_genomic.fna	78.6272	606	1832
DAN6.scaffolds.fasta.supercontigs.fna	GCA_000483385.1_ASM48338v1_genomic.fna	78.6207	147	1832
DAN6.scaffolds.fasta.supercontigs.fna	GCA_900094545.1_IMG-taxon_2617270742_annotated_assembly_genomic.fna	78.6186	570	1832
DAN6.scaffolds.fasta.supercontigs.fna	GCA_030811315.1_ASM3081131v1_genomic.fna	78.5948	516	1832
DAN6.scaffolds.fasta.supercontigs.fna	GCA_001296045.1_ASM129604v1_genomic.fna	78.5939	481	1832
DAN6.scaffolds.fasta.supercontigs.fna	GCA_004341625.1_ASM434162v1_genomic.fna	78.5914	558	1832
DAN6.scaffolds.fasta.supercontigs.fna	GCA_014193655.1_ASM1419365v1_genomic.fna	78.5909	543	1832
DAN6.scaffolds.fasta.supercontigs.fna	GCA_902153285.2_B03_1.v3_genomic.fna	78.585	528	1832
DAN6.scaffolds.fasta.supercontigs.fna	GCA_029714385.1_ASM2971438v1_genomic.fna	78.5843	572	1832
DAN6.scaffolds.fasta.supercontigs.fna	GCA_003627755.1_ASM362775v1_genomic.fna	78.5822	546	1832
DAN6.scaffolds.fasta.supercontigs.fna	GCA_030435705.1_ASM3043570v1_genomic.fna	78.5797	600	1832
DAN6.scaffolds.fasta.supercontigs.fna	GCA_033447125.1_ASM3344712v1_genomic.fna	78.5732	509	1832
DAN6.scaffolds.fasta.supercontigs.fna	GCA_014196605.1_ASM1419660v1_genomic.fna	78.5716	440	1832
DAN6.scaffolds.fasta.supercontigs.fna	GCA_015353075.1_ASM1535307v1_genomic.fna	78.5697	571	1832
DAN6.scaffolds.fasta.supercontigs.fna	GCA_021026335.1_ASM2102633v1_genomic.fna	78.5673	475	1832
DAN6.scaffolds.fasta.supercontigs.fna	GCA_900067135.1_IMG-taxon_2602042090_annotated_assembly_genomic.fna	78.5671	534	1832
DAN6.scaffolds.fasta.supercontigs.fna	GCA_016429015.1_ASM1642901v1_genomic.fna	78.5655	527	1832
DAN6.scaffolds.fasta.supercontigs.fna	GCA_024808825.1_ASM2480882v1_genomic.fna	78.5611	468	1832
DAN6.scaffolds.fasta.supercontigs.fna	GCA_001542405.1_ASM154240v1_genomic.fna	78.5604	497	1832
DAN6.scaffolds.fasta.supercontigs.fna	GCA_014158035.1_ASM1415803v1_genomic.fna	78.5563	485	1832
DAN6.scaffolds.fasta.supercontigs.fna	GCA_014193305.1_ASM1419330v1_genomic.fna	78.5458	476	1832
DAN6.scaffolds.fasta.supercontigs.fna	GCA_022354485.1_ASM2235448v1_genomic.fna	78.5453	571	1832
DAN6.scaffolds.fasta.supercontigs.fna	GCA_005222915.1_ASM522291v1_genomic.fna	78.5433	495	1832
DAN6.scaffolds.fasta.supercontigs.fna	GCA_000577275.2_LPU83_genomic.fna	78.5431	520	1832
DAN6.scaffolds.fasta.supercontigs.fna	GCA_014851675.1_ASM1485167v1_genomic.fna	78.5423	438	1832
DAN6.scaffolds.fasta.supercontigs.fna	GCA_003217095.1_ASM321709v1_genomic.fna	78.5416	565	1832
DAN6.scaffolds.fasta.supercontigs.fna	GCA_014195325.1_ASM1419532v1_genomic.fna	78.5389	571	1832
DAN6.scaffolds.fasta.supercontigs.fna	GCA_900220975.1_IMG-taxon_2740891857_annotated_assembly_genomic.fna	78.5387	517	1832
DAN6.scaffolds.fasta.supercontigs.fna	GCA_037994485.1_ASM3799448v1_genomic.fna	78.5381	322	1832
DAN6.scaffolds.fasta.supercontigs.fna	GCA_024748835.1_ASM2474883v1_genomic.fna	78.5368	500	1832
DAN6.scaffolds.fasta.supercontigs.fna	GCA_037994545.1_ASM3799454v1_genomic.fna	78.5356	428	1832
DAN6.scaffolds.fasta.supercontigs.fna	GCA_012641395.1_ASM1264139v1_genomic.fna	78.5328	514	1832
DAN6.scaffolds.fasta.supercontigs.fna	GCA_020075785.1_ASM2007578v1_genomic.fna	78.5289	468	1832
DAN6.scaffolds.fasta.supercontigs.fna	GCA_021044665.1_ASM2104466v1_genomic.fna	78.5256	519	1832
DAN6.scaffolds.fasta.supercontigs.fna	GCA_004341765.1_ASM434176v1_genomic.fna	78.5256	547	1832
DAN6.scaffolds.fasta.supercontigs.fna	GCA_020075865.1_ASM2007586v1_genomic.fna	78.5244	465	1832
DAN6.scaffolds.fasta.supercontigs.fna	GCA_014194695.1_ASM1419469v1_genomic.fna	78.524	477	1832
DAN6.scaffolds.fasta.supercontigs.fna	GCA_900111275.1_IMG-taxon_2599185156_annotated_assembly_genomic.fna	78.5171	532	1832
DAN6.scaffolds.fasta.supercontigs.fna	GCA_902502775.2_D03_1.v3_genomic.fna	78.5169	461	1832
DAN6.scaffolds.fasta.supercontigs.fna	GCA_024808055.1_ASM2480805v1_genomic.fna	78.5124	482	1832
DAN6.scaffolds.fasta.supercontigs.fna	GCA_900169785.1_ASM90016978v1_genomic.fna	78.5115	572	1832
DAN6.scaffolds.fasta.supercontigs.fna	GCA_011046895.1_ASM1104689v1_genomic.fna	78.5114	436	1832
DAN6.scaffolds.fasta.supercontigs.fna	GCA_000510625.1_ASM51062v1_genomic.fna	78.5111	475	1832
DAN6.scaffolds.fasta.supercontigs.fna	GCA_002211385.1_ASM221138v1_genomic.fna	78.5103	475	1832
DAN6.scaffolds.fasta.supercontigs.fna	GCA_020075825.1_ASM2007582v1_genomic.fna	78.5089	467	1832
DAN6.scaffolds.fasta.supercontigs.fna	GCA_003351175.1_ASM335117v1_genomic.fna	78.5078	487	1832
DAN6.scaffolds.fasta.supercontigs.fna	GCA_002211315.1_ASM221131v1_genomic.fna	78.5055	498	1832
DAN6.scaffolds.fasta.supercontigs.fna	GCA_000377185.1_ASM37718v1_genomic.fna	78.5031	487	1832
DAN6.scaffolds.fasta.supercontigs.fna	GCA_002211365.1_ASM221136v1_genomic.fna	78.502	476	1832
DAN6.scaffolds.fasta.supercontigs.fna	GCA_037994525.1_ASM3799452v1_genomic.fna	78.4889	415	1832
DAN6.scaffolds.fasta.supercontigs.fna	GCA_002200935.1_ASM220093v1_genomic.fna	78.4852	546	1832
DAN6.scaffolds.fasta.supercontigs.fna	GCA_000419725.1_ASM41972v1_genomic.fna	78.4838	520	1832
DAN6.scaffolds.fasta.supercontigs.fna	GCA_945956955.1_SRR12456164_bin.12_metaWRAP_v1.3_MAG_genomic.fna	78.481	396	1832
DAN6.scaffolds.fasta.supercontigs.fna	GCA_031984865.1_ASM3198486v1_genomic.fna	78.4775	454	1832
DAN6.scaffolds.fasta.supercontigs.fna	GCA_007000315.1_ASM700031v1_genomic.fna	78.472	466	1832
DAN6.scaffolds.fasta.supercontigs.fna	GCA_017571635.3_ASM1757163v3_genomic.fna	78.4708	513	1832
DAN6.scaffolds.fasta.supercontigs.fna	GCA_024007765.1_ASM2400776v1_genomic.fna	78.4703	607	1832
DAN6.scaffolds.fasta.supercontigs.fna	GCA_001427345.1_Root149_genomic.fna	78.4691	454	1832
DAN6.scaffolds.fasta.supercontigs.fna	GCA_020075725.1_ASM2007572v1_genomic.fna	78.4686	467	1832
DAN6.scaffolds.fasta.supercontigs.fna	GCA_004345245.1_ASM434524v1_genomic.fna	78.4667	537	1832
DAN6.scaffolds.fasta.supercontigs.fna	GCA_032073445.1_ASM3207344v1_genomic.fna	78.4661	443	1832
DAN6.scaffolds.fasta.supercontigs.fna	GCA_020075805.1_ASM2007580v1_genomic.fna	78.4652	476	1832
DAN6.scaffolds.fasta.supercontigs.fna	GCA_900099775.1_IMG-taxon_2596583570_annotated_assembly_genomic.fna	78.463	579	1832
DAN6.scaffolds.fasta.supercontigs.fna	GCA_014851575.1_ASM1485157v1_genomic.fna	78.4613	489	1832
DAN6.scaffolds.fasta.supercontigs.fna	GCA_007000305.1_ASM700030v1_genomic.fna	78.4606	472	1832
DAN6.scaffolds.fasta.supercontigs.fna	GCA_007000325.2_ASM700032v2_genomic.fna	78.4592	479	1832
DAN6.scaffolds.fasta.supercontigs.fna	GCA_021559735.1_ASM2155973v1_genomic.fna	78.4589	471	1832
DAN6.scaffolds.fasta.supercontigs.fna	GCA_020075745.1_ASM2007574v1_genomic.fna	78.4583	474	1832
DAN6.scaffolds.fasta.supercontigs.fna	GCA_019511525.1_ASM1951152v1_genomic.fna	78.4578	488	1832
DAN6.scaffolds.fasta.supercontigs.fna	GCA_001426265.1_Root1220_genomic.fna	78.4539	461	1832
DAN6.scaffolds.fasta.supercontigs.fna	GCA_020075835.1_ASM2007583v1_genomic.fna	78.4527	470	1832
DAN6.scaffolds.fasta.supercontigs.fna	GCA_012932765.1_ASM1293276v1_genomic.fna	78.4473	483	1832
DAN6.scaffolds.fasta.supercontigs.fna	GCA_902502895.2_F03_1.v3_genomic.fna	78.4416	456	1832
DAN6.scaffolds.fasta.supercontigs.fna	GCA_004345405.1_ASM434540v1_genomic.fna	78.4414	494	1832
DAN6.scaffolds.fasta.supercontigs.fna	GCA_001908375.1_ASM190837v1_genomic.fna	78.4369	541	1832
DAN6.scaffolds.fasta.supercontigs.fna	GCA_009744225.1_ASM974422v1_genomic.fna	78.4316	474	1832
DAN6.scaffolds.fasta.supercontigs.fna	GCA_020075765.1_ASM2007576v1_genomic.fna	78.4312	476	1832
DAN6.scaffolds.fasta.supercontigs.fna	GCA_000298315.2_ASM29831v2_genomic.fna	78.4297	493	1832
DAN6.scaffolds.fasta.supercontigs.fna	GCA_004342325.1_ASM434232v1_genomic.fna	78.4291	533	1832
DAN6.scaffolds.fasta.supercontigs.fna	GCA_001424945.1_Root1203_genomic.fna	78.4241	508	1832
DAN6.scaffolds.fasta.supercontigs.fna	GCA_019355555.1_ASM1935555v1_genomic.fna	78.4218	471	1832
DAN6.scaffolds.fasta.supercontigs.fna	GCA_017741895.1_ASM1774189v1_genomic.fna	78.4163	484	1832
DAN6.scaffolds.fasta.supercontigs.fna	GCA_009744335.1_ASM974433v1_genomic.fna	78.4153	466	1832
DAN6.scaffolds.fasta.supercontigs.fna	GCA_019355815.1_ASM1935581v1_genomic.fna	78.4131	496	1832
DAN6.scaffolds.fasta.supercontigs.fna	GCA_019355615.1_ASM1935561v1_genomic.fna	78.4085	485	1832
DAN6.scaffolds.fasta.supercontigs.fna	GCA_017741745.1_ASM1774174v1_genomic.fna	78.4076	479	1832
DAN6.scaffolds.fasta.supercontigs.fna	GCA_019355575.1_ASM1935557v1_genomic.fna	78.407	486	1832
DAN6.scaffolds.fasta.supercontigs.fna	GCA_001541345.2_ASM154134v2_genomic.fna	78.4066	481	1832
DAN6.scaffolds.fasta.supercontigs.fna	GCA_002812325.1_ASM281232v1_genomic.fna	78.4066	599	1832
DAN6.scaffolds.fasta.supercontigs.fna	GCA_025200715.1_ASM2520071v1_genomic.fna	78.4032	588	1832
DAN6.scaffolds.fasta.supercontigs.fna	GCA_004342945.1_ASM434294v1_genomic.fna	78.3993	590	1832
DAN6.scaffolds.fasta.supercontigs.fna	GCA_013317435.1_ASM1331743v1_genomic.fna	78.3982	496	1832
DAN6.scaffolds.fasta.supercontigs.fna	GCA_000427985.1_ASM42798v1_genomic.fna	78.392	589	1832
DAN6.scaffolds.fasta.supercontigs.fna	GCA_014197575.1_ASM1419757v1_genomic.fna	78.3869	493	1832
DAN6.scaffolds.fasta.supercontigs.fna	GCA_000282035.1_CF122.fsa_genomic.fna	78.3868	500	1832
DAN6.scaffolds.fasta.supercontigs.fna	GCA_000816845.1_ASM81684v1_genomic.fna	78.3864	554	1832
DAN6.scaffolds.fasta.supercontigs.fna	GCA_014851595.1_ASM1485159v1_genomic.fna	78.3858	491	1832
DAN6.scaffolds.fasta.supercontigs.fna	GCA_007827505.1_ASM782750v1_genomic.fna	78.3853	567	1832
DAN6.scaffolds.fasta.supercontigs.fna	GCA_008502005.1_ASM850200v1_genomic.fna	78.3834	486	1832
DAN6.scaffolds.fasta.supercontigs.fna	GCA_900108425.1_Tibet_genomic.fna	78.3812	518	1832
DAN6.scaffolds.fasta.supercontigs.fna	GCA_014193145.1_ASM1419314v1_genomic.fna	78.38	495	1832
DAN6.scaffolds.fasta.supercontigs.fna	GCA_013317415.1_ASM1331741v1_genomic.fna	78.3785	479	1832
DAN6.scaffolds.fasta.supercontigs.fna	GCA_021462655.1_ASM2146265v1_genomic.fna	78.3768	479	1832
DAN6.scaffolds.fasta.supercontigs.fna	GCA_014197625.1_ASM1419762v1_genomic.fna	78.3745	562	1832
DAN6.scaffolds.fasta.supercontigs.fna	GCA_013004495.1_ASM1300449v1_genomic.fna	78.3743	463	1832
DAN6.scaffolds.fasta.supercontigs.fna	GCA_017741825.1_ASM1774182v1_genomic.fna	78.3738	483	1832
DAN6.scaffolds.fasta.supercontigs.fna	GCA_013114765.1_ASM1311476v1_genomic.fna	78.3678	485	1832
DAN6.scaffolds.fasta.supercontigs.fna	GCA_017741845.1_ASM1774184v1_genomic.fna	78.3642	485	1832
DAN6.scaffolds.fasta.supercontigs.fna	GCA_008501865.1_ASM850186v1_genomic.fna	78.3625	476	1832
DAN6.scaffolds.fasta.supercontigs.fna	GCA_020166565.1_ASM2016656v1_genomic.fna	78.3597	478	1832
DAN6.scaffolds.fasta.supercontigs.fna	GCA_000419765.1_ASM41976v1_genomic.fna	78.3597	564	1832
DAN6.scaffolds.fasta.supercontigs.fna	GCA_009744005.1_ASM974400v1_genomic.fna	78.3576	491	1832
DAN6.scaffolds.fasta.supercontigs.fna	GCA_000427925.1_ASM42792v1_genomic.fna	78.357	423	1832
DAN6.scaffolds.fasta.supercontigs.fna	GCA_019355735.1_ASM1935573v1_genomic.fna	78.3559	489	1832
DAN6.scaffolds.fasta.supercontigs.fna	GCA_004342645.1_ASM434264v1_genomic.fna	78.3543	526	1832
DAN6.scaffolds.fasta.supercontigs.fna	GCA_023702015.1_ASM2370201v1_genomic.fna	78.3492	486	1832
DAN6.scaffolds.fasta.supercontigs.fna	GCA_030272695.1_ASM3027269v1_genomic.fna	78.3487	502	1832
DAN6.scaffolds.fasta.supercontigs.fna	GCA_900110205.1_IMG-taxon_2671180023_annotated_assembly_genomic.fna	78.3438	516	1832
DAN6.scaffolds.fasta.supercontigs.fna	GCA_003240565.2_ASM324056v2_genomic.fna	78.3418	476	1832
DAN6.scaffolds.fasta.supercontigs.fna	GCA_029892285.1_ASM2989228v1_genomic.fna	78.316	449	1832
DAN6.scaffolds.fasta.supercontigs.fna	GCA_021462725.1_ASM2146272v1_genomic.fna	78.3149	489	1832
DAN6.scaffolds.fasta.supercontigs.fna	GCA_009743925.1_ASM974392v1_genomic.fna	78.3116	498	1832
DAN6.scaffolds.fasta.supercontigs.fna	GCA_021648825.1_ASM2164882v1_genomic.fna	78.3116	408	1832
DAN6.scaffolds.fasta.supercontigs.fna	GCA_009744095.1_ASM974409v1_genomic.fna	78.3108	503	1832
DAN6.scaffolds.fasta.supercontigs.fna	GCA_037039395.1_CG957_Flye_genomic.fna	78.3101	527	1832
DAN6.scaffolds.fasta.supercontigs.fna	GCA_021387325.1_ASM2138732v1_genomic.fna	78.3074	499	1832
DAN6.scaffolds.fasta.supercontigs.fna	GCA_014926405.2_ASM1492640v2_genomic.fna	78.3065	504	1832
DAN6.scaffolds.fasta.supercontigs.fna	GCA_025779995.1_ASM2577999v1_genomic.fna	78.306	490	1832
DAN6.scaffolds.fasta.supercontigs.fna	GCA_001424065.1_Leaf384_genomic.fna	78.3009	451	1832
DAN6.scaffolds.fasta.supercontigs.fna	GCA_001425345.1_Leaf383_genomic.fna	78.2953	457	1832
DAN6.scaffolds.fasta.supercontigs.fna	GCA_009744115.1_ASM974411v1_genomic.fna	78.2951	519	1832
DAN6.scaffolds.fasta.supercontigs.fna	GCA_009744025.1_ASM974402v1_genomic.fna	78.2941	502	1832
DAN6.scaffolds.fasta.supercontigs.fna	GCA_004365425.1_ASM436542v1_genomic.fna	78.2931	559	1832
DAN6.scaffolds.fasta.supercontigs.fna	GCA_001860085.2_Rr4_v2_genomic.fna	78.2892	500	1832
DAN6.scaffolds.fasta.supercontigs.fna	GCA_000172755.1_ASM17275v1_genomic.fna	78.2892	130	1832
DAN6.scaffolds.fasta.supercontigs.fna	GCA_013337045.2_ASM1333704v2_genomic.fna	78.2873	494	1832
DAN6.scaffolds.fasta.supercontigs.fna	GCA_009744135.1_ASM974413v1_genomic.fna	78.2845	504	1832
DAN6.scaffolds.fasta.supercontigs.fna	GCA_013426715.1_ASM1342671v1_genomic.fna	78.2834	502	1832
DAN6.scaffolds.fasta.supercontigs.fna	GCA_001860165.2_AT6_v2_genomic.fna	78.2833	504	1832
DAN6.scaffolds.fasta.supercontigs.fna	GCA_009744195.1_ASM974419v1_genomic.fna	78.2746	501	1832
DAN6.scaffolds.fasta.supercontigs.fna	GCA_001860205.2_RF2-1_v2_genomic.fna	78.2721	481	1832
DAN6.scaffolds.fasta.supercontigs.fna	GCA_023701995.1_ASM2370199v1_genomic.fna	78.2654	487	1832
DAN6.scaffolds.fasta.supercontigs.fna	GCA_016722925.1_ASM1672292v1_genomic.fna	78.2616	349	1832
DAN6.scaffolds.fasta.supercontigs.fna	GCA_009744315.1_ASM974431v1_genomic.fna	78.2593	510	1832
DAN6.scaffolds.fasta.supercontigs.fna	GCA_009744295.1_ASM974429v1_genomic.fna	78.2588	496	1832
DAN6.scaffolds.fasta.supercontigs.fna	GCA_009744125.1_ASM974412v1_genomic.fna	78.2584	502	1832
DAN6.scaffolds.fasta.supercontigs.fna	GCA_009743995.1_ASM974399v1_genomic.fna	78.2554	489	1832
DAN6.scaffolds.fasta.supercontigs.fna	GCA_001860215.2_T1-7_v2_genomic.fna	78.2523	498	1832
DAN6.scaffolds.fasta.supercontigs.fna	GCA_009744325.1_ASM974432v1_genomic.fna	78.246	490	1832
DAN6.scaffolds.fasta.supercontigs.fna	GCA_021462745.1_ASM2146274v1_genomic.fna	78.245	496	1832
DAN6.scaffolds.fasta.supercontigs.fna	GCA_013317345.1_ASM1331734v1_genomic.fna	78.2445	511	1832
DAN6.scaffolds.fasta.supercontigs.fna	GCA_009744155.1_ASM974415v1_genomic.fna	78.2438	492	1832
DAN6.scaffolds.fasta.supercontigs.fna	GCA_022968395.1_ASM2296839v1_genomic.fna	78.2425	428	1832
DAN6.scaffolds.fasta.supercontigs.fna	GCA_000312665.1_ASM31266v1_genomic.fna	78.2405	431	1832
DAN6.scaffolds.fasta.supercontigs.fna	GCA_013317325.1_ASM1331732v1_genomic.fna	78.2382	508	1832
DAN6.scaffolds.fasta.supercontigs.fna	GCA_001758305.2_AB3_v2_genomic.fna	78.2348	511	1832
DAN6.scaffolds.fasta.supercontigs.fna	GCA_013426735.1_ASM1342673v1_genomic.fna	78.2311	488	1832
DAN6.scaffolds.fasta.supercontigs.fna	GCA_001424325.1_Leaf341_genomic.fna	78.2299	454	1832
DAN6.scaffolds.fasta.supercontigs.fna	GCA_013317445.1_ASM1331744v1_genomic.fna	78.2276	489	1832
DAN6.scaffolds.fasta.supercontigs.fna	GCA_001758275.2_AB4_v2_genomic.fna	78.2252	507	1832
DAN6.scaffolds.fasta.supercontigs.fna	GCA_009744345.1_ASM974434v1_genomic.fna	78.2208	503	1832
DAN6.scaffolds.fasta.supercontigs.fna	GCA_009743975.1_ASM974397v1_genomic.fna	78.2196	494	1832
DAN6.scaffolds.fasta.supercontigs.fna	GCA_029691985.1_ASM2969198v1_genomic.fna	78.2182	475	1832
DAN6.scaffolds.fasta.supercontigs.fna	GCA_009744065.1_ASM974406v1_genomic.fna	78.2157	502	1832
DAN6.scaffolds.fasta.supercontigs.fna	GCA_019797885.1_ASM1979788v1_genomic.fna	78.2126	500	1832
DAN6.scaffolds.fasta.supercontigs.fna	GCA_021559795.1_ASM2155979v1_genomic.fna	78.2115	501	1832
DAN6.scaffolds.fasta.supercontigs.fna	GCA_030551875.1_ASM3055187v1_genomic.fna	78.2102	402	1832
DAN6.scaffolds.fasta.supercontigs.fna	GCA_013317315.1_ASM1331731v1_genomic.fna	78.2085	492	1832
DAN6.scaffolds.fasta.supercontigs.fna	GCA_001860135.2_SF93_v2_genomic.fna	78.2082	502	1832
DAN6.scaffolds.fasta.supercontigs.fna	GCA_009744235.1_ASM974423v1_genomic.fna	78.2066	498	1832
DAN6.scaffolds.fasta.supercontigs.fna	GCA_023701975.1_ASM2370197v1_genomic.fna	78.202	513	1832
DAN6.scaffolds.fasta.supercontigs.fna	GCA_013317425.1_ASM1331742v1_genomic.fna	78.2012	491	1832
DAN6.scaffolds.fasta.supercontigs.fna	GCA_013317355.1_ASM1331735v1_genomic.fna	78.2	504	1832
DAN6.scaffolds.fasta.supercontigs.fna	GCA_001860125.2_Ni1_v2_genomic.fna	78.1956	500	1832
DAN6.scaffolds.fasta.supercontigs.fna	GCA_001860185.2_NW221_v2_genomic.fna	78.1939	488	1832
DAN6.scaffolds.fasta.supercontigs.fna	GCA_009744215.1_ASM974421v1_genomic.fna	78.1903	496	1832
DAN6.scaffolds.fasta.supercontigs.fna	GCA_009744055.1_ASM974405v1_genomic.fna	78.1897	509	1832
DAN6.scaffolds.fasta.supercontigs.fna	GCA_005222835.1_ASM522283v1_genomic.fna	78.1884	409	1832
DAN6.scaffolds.fasta.supercontigs.fna	GCA_013427035.1_ASM1342703v1_genomic.fna	78.1843	504	1832
DAN6.scaffolds.fasta.supercontigs.fna	GCA_003240585.1_ASM324058v1_genomic.fna	78.182	481	1832
DAN6.scaffolds.fasta.supercontigs.fna	GCA_036754045.1_ASM3675404v1_genomic.fna	78.1763	402	1832
DAN6.scaffolds.fasta.supercontigs.fna	GCA_021559755.1_ASM2155975v1_genomic.fna	78.1703	497	1832
DAN6.scaffolds.fasta.supercontigs.fna	GCA_001860105.1_ASM186010v1_genomic.fna	78.169	504	1832
DAN6.scaffolds.fasta.supercontigs.fna	GCA_021559775.1_ASM2155977v1_genomic.fna	78.1683	500	1832
DAN6.scaffolds.fasta.supercontigs.fna	GCA_000428185.2_ASM42818v2_genomic.fna	78.1612	72	1832
DAN6.scaffolds.fasta.supercontigs.fna	GCA_030815055.1_ASM3081505v1_genomic.fna	78.1495	428	1832
DAN6.scaffolds.fasta.supercontigs.fna	GCA_009743935.1_ASM974393v1_genomic.fna	78.1432	503	1832
DAN6.scaffolds.fasta.supercontigs.fna	GCA_013317335.1_ASM1331733v1_genomic.fna	78.1161	495	1832
DAN6.scaffolds.fasta.supercontigs.fna	GCA_000172775.1_ASM17277v1_genomic.fna	78.1089	78	1832
DAN6.scaffolds.fasta.supercontigs.fna	GCA_009744255.1_ASM974425v1_genomic.fna	78.097	488	1832
DAN6.scaffolds.fasta.supercontigs.fna	GCA_013317475.1_ASM1331747v1_genomic.fna	78.0941	492	1832
DAN6.scaffolds.fasta.supercontigs.fna	GCA_024707525.1_ASM2470752v1_genomic.fna	78.0492	454	1832
DAN6.scaffolds.fasta.supercontigs.fna	GCA_945952245.1_SRR9109402_bin.13_metaWRAP_v1.3_MAG_genomic.fna	78.0392	312	1832
DAN6.scaffolds.fasta.supercontigs.fna	GCA_024055895.1_ASM2405589v1_genomic.fna	77.9578	300	1832
DAN6.scaffolds.fasta.supercontigs.fna	GCA_007993855.1_ASM799385v1_genomic.fna	77.7419	339	1832
DAN6.scaffolds.fasta.supercontigs.fna	GCA_946480855.1_SRR14536430_bin.8_metawrap_v1.3.0_MAG_genomic.fna	77.7286	217	1832
DAN6.scaffolds.fasta.supercontigs.fna	GCA_902498825.1_RHIZ404_assembly_genomic.fna	77.661	269	1832
DAN6.scaffolds.fasta.supercontigs.fna	GCA_030160035.1_ASM3016003v1_genomic.fna	77.6528	287	1832
DAN6.scaffolds.fasta.supercontigs.fna	GCA_000375385.1_ASM37538v1_genomic.fna	77.6244	79	1832
DAN6.scaffolds.fasta.supercontigs.fna	GCA_001939045.1_ASM193904v1_genomic.fna	77.5787	332	1832
DAN6.scaffolds.fasta.supercontigs.fna	GCA_014873215.1_ASM1487321v1_genomic.fna	77.4345	345	1832
DAN6.scaffolds.fasta.supercontigs.fna	GCA_014841565.1_ASM1484156v1_genomic.fna	77.3588	285	1832
DAN6.scaffolds.fasta.supercontigs.fna	GCA_014204625.1_ASM1420462v1_genomic.fna	77.3303	351	1832
DAN6.scaffolds.fasta.supercontigs.fna	GCA_945952145.1_SRR9109399_bin.6_metaWRAP_v1.3_MAG_genomic.fna	77.3202	216	1832
DAN6.scaffolds.fasta.supercontigs.fna	GCA_936911375.1_ERR2144888_bin.22_CONCOCT_v1.1_MAG_genomic.fna	77.0736	91	1832
DAN6.scaffolds.fasta.supercontigs.fna	GCA_943333705.2_HRSG-H3-bin-178_genomic.fna	76.9608	67	1832
DAN6.scaffolds.fasta.supercontigs.fna	GCA_945878875.1_TE-08apr19-241_genomic.fna	76.4834	87	1832
DAN6.scaffolds.fasta.supercontigs.fna	GCA_945861265.1_LH-05nov19-45_genomic.fna	76.4761	131	1832
DAN6.scaffolds.fasta.supercontigs.fna	GCA_945861545.1_LE-02apr19-183_genomic.fna	76.4447	56	1832
DAN6.scaffolds.fasta.supercontigs.fna	GCA_945875875.1_MsE-30apr19-218_genomic.fna	76.432	82	1832
DAN6.scaffolds.fasta.supercontigs.fna	GCA_945889445.1_MH-09jul19-261_genomic.fna	76.3754	140	1832
DAN6.scaffolds.fasta.supercontigs.fna	GCA_945870035.1_MiH-14oct19-73_genomic.fna	76.3105	134	1832
DAN6.scaffolds.fasta.supercontigs.fna	GCA_945889635.1_MaH-04nov19-53_genomic.fna	76.2861	112	1832
DAN6.scaffolds.fasta.supercontigs.fna	GCA_943372345.1_JJ-MAC1KOLB2-402-3-mx-bin659_genomic.fna	76.2575	191	1832
DAN6.scaffolds.fasta.supercontigs.fna	GCA_943329725.2_HRSG-H13-bin-8_genomic.fna	76.1321	111	1832
DAN6.scaffolds.fasta.supercontigs.fna	GCA_943334285.2_HRSG-H9-bin-29_genomic.fna	76.124	65	1832
DAN6.scaffolds.fasta.supercontigs.fna	GCA_945877775.1_TrE-25oct19-38_genomic.fna	76.0898	72	1832
DAN6.scaffolds.fasta.supercontigs.fna	GCA_945860165.1_AH-24oct19-157_genomic.fna	76.0756	70	1832
DAN6.scaffolds.fasta.supercontigs.fna	GCA_945903655.1_TrE-25oct19-112_genomic.fna	76.0469	98	1832
DAN6.scaffolds.fasta.supercontigs.fna	GCA_945907045.1_TrH-25oct19-79_genomic.fna	76.0425	102	1832
DAN6.scaffolds.fasta.supercontigs.fna	GCA_943373055.1_JJ-MIS3-109-2-m2-bin119_genomic.fna	76.0147	87	1832
DAN6.scaffolds.fasta.supercontigs.fna	GCA_945907245.1_ZE-13nov19-169_genomic.fna	76.0146	97	1832
DAN6.scaffolds.fasta.supercontigs.fna	GCA_945861895.1_MaH-09apr19-191_genomic.fna	75.9947	115	1832
DAN6.scaffolds.fasta.supercontigs.fna	GCA_945888225.1_ME-09jul19-113_genomic.fna	75.9715	69	1832
DAN6.scaffolds.fasta.supercontigs.fna	GCA_945882615.1_MH-09jul19-258_genomic.fna	75.951	60	1832
DAN6.scaffolds.fasta.supercontigs.fna	GCA_945889535.1_MaH-04nov19-7_genomic.fna	75.9433	75	1832
DAN6.scaffolds.fasta.supercontigs.fna	GCA_943334605.2_HRSG-H9-bin-51_genomic.fna	75.8461	63	1832
DAN6.scaffolds.fasta.supercontigs.fna	GCA_945872035.1_GH-07nov19-253_genomic.fna	75.8388	62	1832
DAN6.scaffolds.fasta.supercontigs.fna	GCA_945906855.1_TrE-03may19-262_genomic.fna	75.7366	73	1832
DAN6.scaffolds.fasta.supercontigs.fna	GCA_945874135.1_MiH-16apr19-8_genomic.fna	75.7337	52	1832
DAN6.scaffolds.fasta.supercontigs.fna	GCA_945861615.1_ME-08apr19-148_genomic.fna	75.6726	83	1832
DAN6.scaffolds.fasta.supercontigs.fna	GCA_945860365.1_GE-03apr19-227_genomic.fna	75.6694	51	1832
DAN6.scaffolds.fasta.supercontigs.fna	GCA_945889645.1_MaH-09apr19-152_genomic.fna	75.6646	63	1832
DAN6.scaffolds.fasta.supercontigs.fna	GCA_945871425.1_TH-08apr19-116_genomic.fna	75.6417	68	1832
DAN6.scaffolds.fasta.supercontigs.fna	GCA_945876255.1_ZH-03apr19-283_genomic.fna	75.6179	117	1832
DAN6.scaffolds.fasta.supercontigs.fna	GCA_945863775.1_TH-11nov19-139_genomic.fna	75.6116	50	1832
DAN6.scaffolds.fasta.supercontigs.fna	GCA_945892755.1_MaH-04nov19-276_genomic.fna	75.561	61	1832
DAN6.scaffolds.fasta.supercontigs.fna	GCA_945903635.1_TrH-03may19-24_genomic.fna	75.5461	104	1832
DAN6.scaffolds.fasta.supercontigs.fna	GCA_945904955.1_ZH-13nov19-49_genomic.fna	75.4964	55	1832
DAN6.scaffolds.fasta.supercontigs.fna	GCA_945947575.1_AH-24oct19-21_genomic.fna	75.431	50	1832
DAN6.scaffolds.fasta.supercontigs.fna	GCA_945861155.1_MaH-04nov19-103_genomic.fna	75.3475	67	1832
DAN6.scaffolds.fasta.supercontigs.fna	GCA_945860095.1_AH-24oct19-206_genomic.fna	75.2607	62	1832
NCPPB4602_scaffolds.fasta.supercontigs.fna	NCPPB4602_scaffolds.fasta.supercontigs.fna	100	2079	2084
NCPPB4602_scaffolds.fasta.supercontigs.fna	GCA_000949895.1_ASM94989v1_genomic.fna	99.98	2048	2084
NCPPB4602_scaffolds.fasta.supercontigs.fna	GCA_029909835.1_ASM2990983v1_genomic.fna	96.6974	1594	2084
NCPPB4602_scaffolds.fasta.supercontigs.fna	GCA_030757975.1_ASM3075797v1_genomic.fna	96.6906	1610	2084
NCPPB4602_scaffolds.fasta.supercontigs.fna	GCA_009498535.1_ASM949853v1_genomic.fna	91.3237	1509	2084
NCPPB4602_scaffolds.fasta.supercontigs.fna	GCA_013317895.1_ASM1331789v1_genomic.fna	91.2294	1492	2084
NCPPB4602_scaffolds.fasta.supercontigs.fna	GCA_013317915.1_ASM1331791v1_genomic.fna	91.1915	1504	2084
NCPPB4602_scaffolds.fasta.supercontigs.fna	GCA_001692195.1_ASM169219v1_genomic.fna	91.1822	1502	2084
NCPPB4602_scaffolds.fasta.supercontigs.fna	GCA_900014385.1_AHY_PRJEB12181_v1_genomic.fna	91.1639	1526	2084
NCPPB4602_scaffolds.fasta.supercontigs.fna	GCA_013337085.1_ASM1333708v1_genomic.fna	91.1542	1515	2084
NCPPB4602_scaffolds.fasta.supercontigs.fna	GCA_025559825.1_ASM2555982v1_genomic.fna	91.1496	1520	2084
NCPPB4602_scaffolds.fasta.supercontigs.fna	GCA_025560605.1_ASM2556060v1_genomic.fna	91.1337	1519	2084
NCPPB4602_scaffolds.fasta.supercontigs.fna	GCA_001692275.2_ASM169227v2_genomic.fna	91.1175	1500	2084
NCPPB4602_scaffolds.fasta.supercontigs.fna	GCA_013317575.1_ASM1331757v1_genomic.fna	91.0972	1480	2084
NCPPB4602_scaffolds.fasta.supercontigs.fna	GCA_013317755.1_ASM1331775v1_genomic.fna	91.0888	1495	2084
NCPPB4602_scaffolds.fasta.supercontigs.fna	GCA_013317955.1_ASM1331795v1_genomic.fna	91.0862	1513	2084
NCPPB4602_scaffolds.fasta.supercontigs.fna	GCA_025560705.1_ASM2556070v1_genomic.fna	91.0816	1488	2084
NCPPB4602_scaffolds.fasta.supercontigs.fna	GCA_013318065.1_ASM1331806v1_genomic.fna	91.0807	1518	2084
NCPPB4602_scaffolds.fasta.supercontigs.fna	GCA_900215255.1_IMG-taxon_2617270923_annotated_assembly_genomic.fna	91.067	1449	2084
NCPPB4602_scaffolds.fasta.supercontigs.fna	GCA_900215635.1_IMG-taxon_2619618868_annotated_assembly_genomic.fna	91.0593	1455	2084
NCPPB4602_scaffolds.fasta.supercontigs.fna	GCA_003666425.1_ASM366642v1_genomic.fna	91.0587	1499	2084
NCPPB4602_scaffolds.fasta.supercontigs.fna	GCA_000949865.1_ASM94986v1_genomic.fna	91.053	1410	2084
NCPPB4602_scaffolds.fasta.supercontigs.fna	GCA_030865405.1_ASM3086540v1_genomic.fna	91.0461	1460	2084
NCPPB4602_scaffolds.fasta.supercontigs.fna	GCA_025560265.1_ASM2556026v1_genomic.fna	91.0442	1493	2084
NCPPB4602_scaffolds.fasta.supercontigs.fna	GCA_029909905.1_ASM2990990v1_genomic.fna	91.0437	1449	2084
NCPPB4602_scaffolds.fasta.supercontigs.fna	GCA_013318025.1_ASM1331802v1_genomic.fna	91.0415	1491	2084
NCPPB4602_scaffolds.fasta.supercontigs.fna	GCA_013317965.2_ASM1331796v2_genomic.fna	91.0411	1490	2084
NCPPB4602_scaffolds.fasta.supercontigs.fna	GCA_031323645.1_ASM3132364v1_genomic.fna	91.0402	1473	2084
NCPPB4602_scaffolds.fasta.supercontigs.fna	GCA_030757915.1_ASM3075791v1_genomic.fna	91.0375	1456	2084
NCPPB4602_scaffolds.fasta.supercontigs.fna	GCA_900039255.1_AHY_PRJEB12180_v1_genomic.fna	91.0228	1493	2084
NCPPB4602_scaffolds.fasta.supercontigs.fna	GCA_013318425.1_ASM1331842v1_genomic.fna	91.0071	1496	2084
NCPPB4602_scaffolds.fasta.supercontigs.fna	GCA_013318015.2_ASM1331801v2_genomic.fna	91.0043	1483	2084
NCPPB4602_scaffolds.fasta.supercontigs.fna	GCA_030550875.1_ASM3055087v1_genomic.fna	91.003	1462	2084
NCPPB4602_scaffolds.fasta.supercontigs.fna	GCA_030758015.1_ASM3075801v1_genomic.fna	90.9946	1436	2084
NCPPB4602_scaffolds.fasta.supercontigs.fna	GCA_030757945.1_ASM3075794v1_genomic.fna	90.99	1460	2084
NCPPB4602_scaffolds.fasta.supercontigs.fna	GCA_030758035.1_ASM3075803v1_genomic.fna	90.9486	1433	2084
NCPPB4602_scaffolds.fasta.supercontigs.fna	GCA_013317815.1_ASM1331781v1_genomic.fna	90.948	1437	2084
NCPPB4602_scaffolds.fasta.supercontigs.fna	GCA_006517835.1_ASM651783v1_genomic.fna	90.9477	949	2084
NCPPB4602_scaffolds.fasta.supercontigs.fna	GCA_030757935.1_ASM3075793v1_genomic.fna	90.9448	1443	2084
NCPPB4602_scaffolds.fasta.supercontigs.fna	GCA_030757985.1_ASM3075798v1_genomic.fna	90.9341	1472	2084
NCPPB4602_scaffolds.fasta.supercontigs.fna	GCA_000381165.1_ASM38116v1_genomic.fna	90.9294	1438	2084
NCPPB4602_scaffolds.fasta.supercontigs.fna	GCA_017897985.1_ASM1789798v1_genomic.fna	90.9284	1449	2084
NCPPB4602_scaffolds.fasta.supercontigs.fna	GCA_024170775.1_ASM2417077v1_genomic.fna	90.9139	1452	2084
NCPPB4602_scaffolds.fasta.supercontigs.fna	GCA_001427205.1_Root491_genomic.fna	90.9121	1465	2084
NCPPB4602_scaffolds.fasta.supercontigs.fna	GCA_000192635.1_ASM19263v1_genomic.fna	90.9119	1443	2084
NCPPB4602_scaffolds.fasta.supercontigs.fna	GCA_013318255.2_ASM1331825v2_genomic.fna	90.902	1498	2084
NCPPB4602_scaffolds.fasta.supercontigs.fna	GCA_034651525.1_ASM3465152v1_genomic.fna	90.8951	1428	2084
NCPPB4602_scaffolds.fasta.supercontigs.fna	GCA_000442985.1_AtP4V1.0_genomic.fna	90.8926	1440	2084
NCPPB4602_scaffolds.fasta.supercontigs.fna	GCA_013318155.1_ASM1331815v1_genomic.fna	90.8866	1446	2084
NCPPB4602_scaffolds.fasta.supercontigs.fna	GCA_007828365.1_ASM782836v1_genomic.fna	90.8856	1427	2084
NCPPB4602_scaffolds.fasta.supercontigs.fna	GCA_008501985.1_ASM850198v1_genomic.fna	90.8844	1448	2084
NCPPB4602_scaffolds.fasta.supercontigs.fna	GCA_013318235.1_ASM1331823v1_genomic.fna	90.8836	1478	2084
NCPPB4602_scaffolds.fasta.supercontigs.fna	GCA_000236125.2_ASM23612v2_genomic.fna	90.8777	1455	2084
NCPPB4602_scaffolds.fasta.supercontigs.fna	GCA_004012045.1_ASM401204v1_genomic.fna	90.8774	1435	2084
NCPPB4602_scaffolds.fasta.supercontigs.fna	GCA_007002775.1_ASM700277v1_genomic.fna	90.8739	1441	2084
NCPPB4602_scaffolds.fasta.supercontigs.fna	GCA_030803465.1_ASM3080346v1_genomic.fna	90.8718	1445	2084
NCPPB4602_scaffolds.fasta.supercontigs.fna	GCA_013318215.1_ASM1331821v1_genomic.fna	90.8691	1477	2084
NCPPB4602_scaffolds.fasta.supercontigs.fna	GCA_030804045.1_ASM3080404v1_genomic.fna	90.8573	1465	2084
NCPPB4602_scaffolds.fasta.supercontigs.fna	GCA_008501925.1_ASM850192v1_genomic.fna	90.8512	1449	2084
NCPPB4602_scaffolds.fasta.supercontigs.fna	GCA_000439225.1_AtWRT31V1.0_genomic.fna	90.8457	1454	2084
NCPPB4602_scaffolds.fasta.supercontigs.fna	GCA_017584185.1_ASM1758418v1_genomic.fna	90.8307	1484	2084
NCPPB4602_scaffolds.fasta.supercontigs.fna	GCA_013317625.1_ASM1331762v1_genomic.fna	90.8236	1455	2084
NCPPB4602_scaffolds.fasta.supercontigs.fna	GCA_030818995.1_ASM3081899v1_genomic.fna	90.8228	1452	2084
NCPPB4602_scaffolds.fasta.supercontigs.fna	GCA_036596185.1_ASM3659618v1_genomic.fna	90.8199	1355	2084
NCPPB4602_scaffolds.fasta.supercontigs.fna	GCA_009649785.1_ASM964978v1_genomic.fna	90.817	1420	2084
NCPPB4602_scaffolds.fasta.supercontigs.fna	GCA_013319045.1_ASM1331904v1_genomic.fna	90.8099	1460	2084
NCPPB4602_scaffolds.fasta.supercontigs.fna	GCA_033957665.1_ASM3395766v1_genomic.fna	90.7944	1452	2084
NCPPB4602_scaffolds.fasta.supercontigs.fna	GCA_013318335.2_ASM1331833v2_genomic.fna	90.7877	1472	2084
NCPPB4602_scaffolds.fasta.supercontigs.fna	GCA_001692425.1_ASM169242v1_genomic.fna	90.7845	1473	2084
NCPPB4602_scaffolds.fasta.supercontigs.fna	GCA_013319035.1_ASM1331903v1_genomic.fna	90.7831	1459	2084
NCPPB4602_scaffolds.fasta.supercontigs.fna	GCA_019355535.1_ASM1935553v1_genomic.fna	90.7779	1462	2084
NCPPB4602_scaffolds.fasta.supercontigs.fna	DAN6.scaffolds.fasta.supercontigs.fna	90.7754	1354	2084
NCPPB4602_scaffolds.fasta.supercontigs.fna	GCA_013318185.1_ASM1331818v1_genomic.fna	90.7718	1457	2084
NCPPB4602_scaffolds.fasta.supercontigs.fna	GCA_017741765.1_ASM1774176v1_genomic.fna	90.7638	1446	2084
NCPPB4602_scaffolds.fasta.supercontigs.fna	GCA_900012575.1_AHY_PRJEB12182_v1_genomic.fna	90.7619	1475	2084
NCPPB4602_scaffolds.fasta.supercontigs.fna	GCA_013318315.1_ASM1331831v1_genomic.fna	90.7552	1475	2084
NCPPB4602_scaffolds.fasta.supercontigs.fna	GCA_003667925.1_ASM366792v1_genomic.fna	90.7552	1477	2084
NCPPB4602_scaffolds.fasta.supercontigs.fna	GCA_013317845.1_ASM1331784v1_genomic.fna	90.7455	1466	2084
NCPPB4602_scaffolds.fasta.supercontigs.fna	GCA_003666465.1_ASM366646v1_genomic.fna	90.7452	1474	2084
NCPPB4602_scaffolds.fasta.supercontigs.fna	GCA_013318285.1_ASM1331828v1_genomic.fna	90.7451	1449	2084
NCPPB4602_scaffolds.fasta.supercontigs.fna	GCA_001950375.1_TBD182_assembly01_genomic.fna	90.7367	1450	2084
NCPPB4602_scaffolds.fasta.supercontigs.fna	GCA_032104135.1_ASM3210413v1_genomic.fna	90.733	1240	2084
NCPPB4602_scaffolds.fasta.supercontigs.fna	GCA_016403145.1_ASM1640314v1_genomic.fna	90.7313	1486	2084
NCPPB4602_scaffolds.fasta.supercontigs.fna	GCA_001692265.2_ASM169226v2_genomic.fna	90.7256	1488	2084
NCPPB4602_scaffolds.fasta.supercontigs.fna	GCA_013317525.1_ASM1331752v1_genomic.fna	90.7245	1488	2084
NCPPB4602_scaffolds.fasta.supercontigs.fna	GCA_001975795.1_ASM197579v1_genomic.fna	90.724	1449	2084
NCPPB4602_scaffolds.fasta.supercontigs.fna	GCA_013317515.1_ASM1331751v1_genomic.fna	90.7229	1484	2084
NCPPB4602_scaffolds.fasta.supercontigs.fna	GCA_013317865.2_ASM1331786v2_genomic.fna	90.7218	1464	2084
NCPPB4602_scaffolds.fasta.supercontigs.fna	GCA_013318055.2_ASM1331805v2_genomic.fna	90.7192	1483	2084
NCPPB4602_scaffolds.fasta.supercontigs.fna	GCA_011684035.1_ASM1168403v1_genomic.fna	90.7162	1469	2084
NCPPB4602_scaffolds.fasta.supercontigs.fna	GCA_013320495.1_ASM1332049v1_genomic.fna	90.7148	1470	2084
NCPPB4602_scaffolds.fasta.supercontigs.fna	GCA_013320575.1_ASM1332057v1_genomic.fna	90.7102	1475	2084
NCPPB4602_scaffolds.fasta.supercontigs.fna	GCA_000971565.1_ASM97156v1_genomic.fna	90.7058	1466	2084
NCPPB4602_scaffolds.fasta.supercontigs.fna	GCA_013320465.1_ASM1332046v1_genomic.fna	90.7042	1470	2084
NCPPB4602_scaffolds.fasta.supercontigs.fna	GCA_013320405.1_ASM1332040v1_genomic.fna	90.6988	1468	2084
NCPPB4602_scaffolds.fasta.supercontigs.fna	GCA_013320435.1_ASM1332043v1_genomic.fna	90.6968	1474	2084
NCPPB4602_scaffolds.fasta.supercontigs.fna	GCA_013320455.1_ASM1332045v1_genomic.fna	90.6964	1477	2084
NCPPB4602_scaffolds.fasta.supercontigs.fna	GCA_013319065.1_ASM1331906v1_genomic.fna	90.6905	1476	2084
NCPPB4602_scaffolds.fasta.supercontigs.fna	GCA_013318125.2_ASM1331812v2_genomic.fna	90.6902	1486	2084
NCPPB4602_scaffolds.fasta.supercontigs.fna	GCA_000576515.1_ASM57651v1_genomic.fna	90.687	1480	2084
NCPPB4602_scaffolds.fasta.supercontigs.fna	GCA_013320515.1_ASM1332051v1_genomic.fna	90.687	1475	2084
NCPPB4602_scaffolds.fasta.supercontigs.fna	GCA_013320545.1_ASM1332054v1_genomic.fna	90.6863	1481	2084
NCPPB4602_scaffolds.fasta.supercontigs.fna	GCA_013319225.1_ASM1331922v1_genomic.fna	90.686	1461	2084
NCPPB4602_scaffolds.fasta.supercontigs.fna	GCA_013320305.1_ASM1332030v1_genomic.fna	90.6852	1484	2084
NCPPB4602_scaffolds.fasta.supercontigs.fna	GCA_001692365.1_ASM169236v1_genomic.fna	90.6842	1480	2084
NCPPB4602_scaffolds.fasta.supercontigs.fna	GCA_013320335.1_ASM1332033v1_genomic.fna	90.6808	1485	2084
NCPPB4602_scaffolds.fasta.supercontigs.fna	GCA_013320385.1_ASM1332038v1_genomic.fna	90.6794	1484	2084
NCPPB4602_scaffolds.fasta.supercontigs.fna	GCA_013319115.1_ASM1331911v1_genomic.fna	90.6753	1483	2084
NCPPB4602_scaffolds.fasta.supercontigs.fna	GCA_013320775.1_ASM1332077v1_genomic.fna	90.6739	1481	2084
NCPPB4602_scaffolds.fasta.supercontigs.fna	GCA_013319125.1_ASM1331912v1_genomic.fna	90.6728	1483	2084
NCPPB4602_scaffolds.fasta.supercontigs.fna	GCA_013319245.1_ASM1331924v1_genomic.fna	90.6724	1489	2084
NCPPB4602_scaffolds.fasta.supercontigs.fna	GCA_013320345.1_ASM1332034v1_genomic.fna	90.6711	1487	2084
NCPPB4602_scaffolds.fasta.supercontigs.fna	GCA_013319215.1_ASM1331921v1_genomic.fna	90.6689	1482	2084
NCPPB4602_scaffolds.fasta.supercontigs.fna	GCA_013319155.1_ASM1331915v1_genomic.fna	90.6673	1485	2084
NCPPB4602_scaffolds.fasta.supercontigs.fna	GCA_013319145.1_ASM1331914v1_genomic.fna	90.664	1484	2084
NCPPB4602_scaffolds.fasta.supercontigs.fna	GCA_013320245.1_ASM1332024v1_genomic.fna	90.6636	1488	2084
NCPPB4602_scaffolds.fasta.supercontigs.fna	GCA_013319235.1_ASM1331923v1_genomic.fna	90.6582	1489	2084
NCPPB4602_scaffolds.fasta.supercontigs.fna	GCA_013305205.1_ASM1330520v1_genomic.fna	90.6562	1489	2084
NCPPB4602_scaffolds.fasta.supercontigs.fna	GCA_013320375.1_ASM1332037v1_genomic.fna	90.6552	1490	2084
NCPPB4602_scaffolds.fasta.supercontigs.fna	GCA_013320795.1_ASM1332079v1_genomic.fna	90.6469	1482	2084
NCPPB4602_scaffolds.fasta.supercontigs.fna	GCA_013319165.1_ASM1331916v1_genomic.fna	90.6456	1490	2084
NCPPB4602_scaffolds.fasta.supercontigs.fna	GCA_013320295.1_ASM1332029v1_genomic.fna	90.6452	1494	2084
NCPPB4602_scaffolds.fasta.supercontigs.fna	GCA_013318965.1_ASM1331896v1_genomic.fna	90.5707	1468	2084
NCPPB4602_scaffolds.fasta.supercontigs.fna	GCA_013318975.1_ASM1331897v1_genomic.fna	90.5608	1491	2084
NCPPB4602_scaffolds.fasta.supercontigs.fna	GCA_013318955.1_ASM1331895v1_genomic.fna	90.5521	1484	2084
NCPPB4602_scaffolds.fasta.supercontigs.fna	GCA_003541435.1_ASM354143v1_genomic.fna	90.4376	1175	2084
NCPPB4602_scaffolds.fasta.supercontigs.fna	GCA_963525105.1_ERR9968974_bin.13_MetaWRAP_v1.3_MAG_genomic.fna	90.1105	1338	2084
NCPPB4602_scaffolds.fasta.supercontigs.fna	GCA_025910175.1_ASM2591017v1_genomic.fna	89.9392	1396	2084
NCPPB4602_scaffolds.fasta.supercontigs.fna	GCA_030505215.1_ASM3050521v1_genomic.fna	89.9351	1367	2084
NCPPB4602_scaffolds.fasta.supercontigs.fna	GCA_034519725.1_ASM3451972v1_genomic.fna	89.9221	900	2084
NCPPB4602_scaffolds.fasta.supercontigs.fna	GCA_005221465.1_ASM522146v1_genomic.fna	89.9189	1382	2084
NCPPB4602_scaffolds.fasta.supercontigs.fna	GCA_002454155.1_ASM245415v1_genomic.fna	89.9169	1257	2084
NCPPB4602_scaffolds.fasta.supercontigs.fna	GCA_018873185.1_ASM1887318v1_genomic.fna	89.9017	1387	2084
NCPPB4602_scaffolds.fasta.supercontigs.fna	GCA_005221445.1_ASM522144v1_genomic.fna	89.8972	1381	2084
NCPPB4602_scaffolds.fasta.supercontigs.fna	GCA_900012595.1_AHY_PRJEB12189_v1_genomic.fna	89.8645	1395	2084
NCPPB4602_scaffolds.fasta.supercontigs.fna	GCA_000219665.2_ASM21966v2_genomic.fna	89.8564	1377	2084
NCPPB4602_scaffolds.fasta.supercontigs.fna	GCA_010669145.1_ASM1066914v1_genomic.fna	89.8553	1391	2084
NCPPB4602_scaffolds.fasta.supercontigs.fna	GCA_002453905.1_ASM245390v1_genomic.fna	89.8276	1328	2084
NCPPB4602_scaffolds.fasta.supercontigs.fna	GCA_025560025.1_ASM2556002v1_genomic.fna	89.3544	1438	2084
NCPPB4602_scaffolds.fasta.supercontigs.fna	GCA_005221405.1_ASM522140v1_genomic.fna	89.333	1571	2084
NCPPB4602_scaffolds.fasta.supercontigs.fna	GCA_013317615.2_ASM1331761v2_genomic.fna	89.3263	1468	2084
NCPPB4602_scaffolds.fasta.supercontigs.fna	GCA_003509855.1_ASM350985v1_genomic.fna	89.2872	970	2084
NCPPB4602_scaffolds.fasta.supercontigs.fna	GCA_003517425.1_ASM351742v1_genomic.fna	89.2753	700	2084
NCPPB4602_scaffolds.fasta.supercontigs.fna	GCA_025560245.1_ASM2556024v1_genomic.fna	89.1145	1457	2084
NCPPB4602_scaffolds.fasta.supercontigs.fna	GCA_013401495.1_ASM1340149v1_genomic.fna	89.108	1458	2084
NCPPB4602_scaffolds.fasta.supercontigs.fna	GCA_013318385.1_ASM1331838v1_genomic.fna	89.1018	1441	2084
NCPPB4602_scaffolds.fasta.supercontigs.fna	GCA_025560005.1_ASM2556000v1_genomic.fna	89.0973	1413	2084
NCPPB4602_scaffolds.fasta.supercontigs.fna	GCA_003666445.1_ASM366644v1_genomic.fna	89.0938	1460	2084
NCPPB4602_scaffolds.fasta.supercontigs.fna	GCA_025560225.1_ASM2556022v1_genomic.fna	89.0621	1449	2084
NCPPB4602_scaffolds.fasta.supercontigs.fna	GCA_900012615.1_AHY_PRJEB12196_v1_genomic.fna	89.048	1390	2084
NCPPB4602_scaffolds.fasta.supercontigs.fna	GCA_025560305.1_ASM2556030v1_genomic.fna	89.0389	1428	2084
NCPPB4602_scaffolds.fasta.supercontigs.fna	GCA_025560165.1_ASM2556016v1_genomic.fna	89.0383	1451	2084
NCPPB4602_scaffolds.fasta.supercontigs.fna	GCA_025559945.1_ASM2555994v1_genomic.fna	89.0341	1412	2084
NCPPB4602_scaffolds.fasta.supercontigs.fna	GCA_025559885.1_ASM2555988v1_genomic.fna	89.0307	1407	2084
NCPPB4602_scaffolds.fasta.supercontigs.fna	GCA_025560205.1_ASM2556020v1_genomic.fna	89.0283	1455	2084
NCPPB4602_scaffolds.fasta.supercontigs.fna	GCA_013317925.1_ASM1331792v1_genomic.fna	89.0045	1430	2084
NCPPB4602_scaffolds.fasta.supercontigs.fna	GCA_013317715.2_ASM1331771v2_genomic.fna	89.0005	1443	2084
NCPPB4602_scaffolds.fasta.supercontigs.fna	GCA_002591665.3_ASM259166v3_genomic.fna	89.0002	1415	2084
NCPPB4602_scaffolds.fasta.supercontigs.fna	GCA_019969915.1_ASM1996991v1_genomic.fna	88.9996	1438	2084
NCPPB4602_scaffolds.fasta.supercontigs.fna	GCA_025560585.1_ASM2556058v1_genomic.fna	88.9959	1446	2084
NCPPB4602_scaffolds.fasta.supercontigs.fna	GCA_025560405.1_ASM2556040v1_genomic.fna	88.984	1422	2084
NCPPB4602_scaffolds.fasta.supercontigs.fna	GCA_025560545.1_ASM2556054v1_genomic.fna	88.9813	1440	2084
NCPPB4602_scaffolds.fasta.supercontigs.fna	GCA_013317535.1_ASM1331753v1_genomic.fna	88.9779	1426	2084
NCPPB4602_scaffolds.fasta.supercontigs.fna	GCA_025560285.1_ASM2556028v1_genomic.fna	88.9767	1419	2084
NCPPB4602_scaffolds.fasta.supercontigs.fna	GCA_025560445.1_ASM2556044v1_genomic.fna	88.9579	1428	2084
NCPPB4602_scaffolds.fasta.supercontigs.fna	GCA_025560085.1_ASM2556008v1_genomic.fna	88.9371	1423	2084
NCPPB4602_scaffolds.fasta.supercontigs.fna	GCA_025560125.1_ASM2556012v1_genomic.fna	88.9233	1432	2084
NCPPB4602_scaffolds.fasta.supercontigs.fna	GCA_004023565.1_ASM402356v1_genomic.fna	88.8983	1439	2084
NCPPB4602_scaffolds.fasta.supercontigs.fna	GCA_031455075.1_ASM3145507v1_genomic.fna	88.8717	1379	2084
NCPPB4602_scaffolds.fasta.supercontigs.fna	GCA_000723345.1_AGROS2_V1_genomic.fna	88.8656	1403	2084
NCPPB4602_scaffolds.fasta.supercontigs.fna	GCA_014197895.1_ASM1419789v1_genomic.fna	88.8586	1351	2084
NCPPB4602_scaffolds.fasta.supercontigs.fna	GCA_025560685.1_ASM2556068v1_genomic.fna	88.8548	1434	2084
NCPPB4602_scaffolds.fasta.supercontigs.fna	GCA_900013515.1_AHY_PRJEB12193_v1_genomic.fna	88.8488	1477	2084
NCPPB4602_scaffolds.fasta.supercontigs.fna	GCA_006757705.1_ASM675770v1_genomic.fna	88.8358	1412	2084
NCPPB4602_scaffolds.fasta.supercontigs.fna	GCA_019969865.1_ASM1996986v1_genomic.fna	88.8321	1436	2084
NCPPB4602_scaffolds.fasta.supercontigs.fna	GCA_014198435.1_ASM1419843v1_genomic.fna	88.8167	1364	2084
NCPPB4602_scaffolds.fasta.supercontigs.fna	GCA_004766495.1_ASM476649v1_genomic.fna	88.8119	1362	2084
NCPPB4602_scaffolds.fasta.supercontigs.fna	GCA_014198065.1_ASM1419806v1_genomic.fna	88.808	1358	2084
NCPPB4602_scaffolds.fasta.supercontigs.fna	GCA_036914755.1_ASM3691475v1_genomic.fna	88.7971	1396	2084
NCPPB4602_scaffolds.fasta.supercontigs.fna	GCA_017313405.1_ASM1731340v1_genomic.fna	88.7946	1474	2084
NCPPB4602_scaffolds.fasta.supercontigs.fna	GCA_014197995.1_ASM1419799v1_genomic.fna	88.7938	1365	2084
NCPPB4602_scaffolds.fasta.supercontigs.fna	GCA_014198455.1_ASM1419845v1_genomic.fna	88.7937	1363	2084
NCPPB4602_scaffolds.fasta.supercontigs.fna	GCA_000384555.1_ASM38455v1_genomic.fna	88.7932	1311	2084
NCPPB4602_scaffolds.fasta.supercontigs.fna	DA1.scaffolds.fasta.supercontigs.fna	88.7884	1415	2084
NCPPB4602_scaffolds.fasta.supercontigs.fna	GCA_036914725.1_ASM3691472v1_genomic.fna	88.7874	1393	2084
NCPPB4602_scaffolds.fasta.supercontigs.fna	GCA_024170835.1_ASM2417083v1_genomic.fna	88.7864	1441	2084
NCPPB4602_scaffolds.fasta.supercontigs.fna	GCA_014198395.1_ASM1419839v1_genomic.fna	88.7864	1380	2084
NCPPB4602_scaffolds.fasta.supercontigs.fna	GCA_013320715.1_ASM1332071v1_genomic.fna	88.7825	1427	2084
NCPPB4602_scaffolds.fasta.supercontigs.fna	GCA_014198555.1_ASM1419855v1_genomic.fna	88.7759	1372	2084
NCPPB4602_scaffolds.fasta.supercontigs.fna	GCA_014198505.1_ASM1419850v1_genomic.fna	88.7702	1365	2084
NCPPB4602_scaffolds.fasta.supercontigs.fna	GCA_014198595.1_ASM1419859v1_genomic.fna	88.7694	1372	2084
NCPPB4602_scaffolds.fasta.supercontigs.fna	GCA_014198635.1_ASM1419863v1_genomic.fna	88.7646	1373	2084
NCPPB4602_scaffolds.fasta.supercontigs.fna	GCA_002179795.1_ASM217979v1_genomic.fna	88.7623	1365	2084
NCPPB4602_scaffolds.fasta.supercontigs.fna	GCA_019775675.1_ASM1977567v1_genomic.fna	88.7619	1372	2084
NCPPB4602_scaffolds.fasta.supercontigs.fna	GCA_014489975.1_ASM1448997v1_genomic.fna	88.7603	1375	2084
NCPPB4602_scaffolds.fasta.supercontigs.fna	GCA_008370655.1_ASM837065v1_genomic.fna	88.7564	1376	2084
NCPPB4602_scaffolds.fasta.supercontigs.fna	GCA_014198495.1_ASM1419849v1_genomic.fna	88.754	1372	2084
NCPPB4602_scaffolds.fasta.supercontigs.fna	GCA_900011755.1_AHY_PRJEB12188_v1_genomic.fna	88.7497	1453	2084
NCPPB4602_scaffolds.fasta.supercontigs.fna	GCA_017877085.1_ASM1787708v1_genomic.fna	88.7492	1376	2084
NCPPB4602_scaffolds.fasta.supercontigs.fna	GCA_017877095.1_ASM1787709v1_genomic.fna	88.7417	1379	2084
NCPPB4602_scaffolds.fasta.supercontigs.fna	GCA_014198055.1_ASM1419805v1_genomic.fna	88.7336	1383	2084
NCPPB4602_scaffolds.fasta.supercontigs.fna	GCA_017877155.1_ASM1787715v1_genomic.fna	88.7322	1374	2084
NCPPB4602_scaffolds.fasta.supercontigs.fna	GCA_013320685.1_ASM1332068v1_genomic.fna	88.7303	1357	2084
NCPPB4602_scaffolds.fasta.supercontigs.fna	GCA_034424685.1_ASM3442468v1_genomic.fna	88.7265	1399	2084
NCPPB4602_scaffolds.fasta.supercontigs.fna	GCA_003667905.1_ASM366790v1_genomic.fna	88.7259	1426	2084
NCPPB4602_scaffolds.fasta.supercontigs.fna	GCA_014198165.1_ASM1419816v1_genomic.fna	88.7233	1399	2084
NCPPB4602_scaffolds.fasta.supercontigs.fna	GCA_036888815.1_ASM3688881v1_genomic.fna	88.7185	1427	2084
NCPPB4602_scaffolds.fasta.supercontigs.fna	GCA_026184315.1_ASM2618431v1_genomic.fna	88.7185	1399	2084
NCPPB4602_scaffolds.fasta.supercontigs.fna	GCA_003350285.1_ASM335028v1_genomic.fna	88.7154	1370	2084
NCPPB4602_scaffolds.fasta.supercontigs.fna	GCA_026184195.1_ASM2618419v1_genomic.fna	88.7125	1433	2084
NCPPB4602_scaffolds.fasta.supercontigs.fna	GCA_037083425.1_ASM3708342v1_genomic.fna	88.7073	1368	2084
NCPPB4602_scaffolds.fasta.supercontigs.fna	GCA_009498585.1_ASM949858v1_genomic.fna	88.7047	1387	2084
NCPPB4602_scaffolds.fasta.supercontigs.fna	GCA_013358225.1_ASM1335822v1_genomic.fna	88.7013	1361	2084
NCPPB4602_scaffolds.fasta.supercontigs.fna	GCA_943372685.1_JJ-MAC3-364-2-mx-bin660_genomic.fna	88.7002	1375	2084
NCPPB4602_scaffolds.fasta.supercontigs.fna	GCA_000482285.1_ASM48228v1_genomic.fna	88.6988	1354	2084
NCPPB4602_scaffolds.fasta.supercontigs.fna	GCA_900012605.1_AHY_PRJEB12186_v1_genomic.fna	88.6984	1393	2084
NCPPB4602_scaffolds.fasta.supercontigs.fna	GCA_900188475.1_IMG-taxon_2521172559_annotated_assembly_genomic.fna	88.688	1378	2084
NCPPB4602_scaffolds.fasta.supercontigs.fna	GCA_037083465.1_ASM3708346v1_genomic.fna	88.6869	1438	2084
NCPPB4602_scaffolds.fasta.supercontigs.fna	GCA_017877075.1_ASM1787707v1_genomic.fna	88.6835	1383	2084
NCPPB4602_scaffolds.fasta.supercontigs.fna	GCA_017877245.1_ASM1787724v1_genomic.fna	88.6791	1386	2084
NCPPB4602_scaffolds.fasta.supercontigs.fna	GCA_011684005.1_ASM1168400v1_genomic.fna	88.668	1375	2084
NCPPB4602_scaffolds.fasta.supercontigs.fna	GCA_025560465.1_ASM2556046v1_genomic.fna	88.6655	1471	2084
NCPPB4602_scaffolds.fasta.supercontigs.fna	GCA_036914675.1_ASM3691467v1_genomic.fna	88.6604	1393	2084
NCPPB4602_scaffolds.fasta.supercontigs.fna	GCA_030812225.1_ASM3081222v1_genomic.fna	88.6593	1385	2084
NCPPB4602_scaffolds.fasta.supercontigs.fna	GCA_000233975.2_ASM23397v2_genomic.fna	88.6575	1359	2084
NCPPB4602_scaffolds.fasta.supercontigs.fna	GCA_963360635.1_AR_v2_genomic.fna	88.6524	1390	2084
NCPPB4602_scaffolds.fasta.supercontigs.fna	GCA_030811185.1_ASM3081118v1_genomic.fna	88.6471	1397	2084
NCPPB4602_scaffolds.fasta.supercontigs.fna	GCA_001541305.1_ASM154130v1_genomic.fna	88.6371	1387	2084
NCPPB4602_scaffolds.fasta.supercontigs.fna	GCA_019969875.1_ASM1996987v1_genomic.fna	88.6362	1376	2084
NCPPB4602_scaffolds.fasta.supercontigs.fna	GCA_017877215.1_ASM1787721v1_genomic.fna	88.6315	1393	2084
NCPPB4602_scaffolds.fasta.supercontigs.fna	GCA_017877235.1_ASM1787723v1_genomic.fna	88.6308	1416	2084
NCPPB4602_scaffolds.fasta.supercontigs.fna	GCA_030811615.1_ASM3081161v1_genomic.fna	88.6296	1383	2084
NCPPB4602_scaffolds.fasta.supercontigs.fna	GCA_030209895.1_ASM3020989v1_genomic.fna	88.6223	1410	2084
NCPPB4602_scaffolds.fasta.supercontigs.fna	GCA_004342365.1_ASM434236v1_genomic.fna	88.6222	1403	2084
NCPPB4602_scaffolds.fasta.supercontigs.fna	GCA_002008215.1_ASM200821v1_genomic.fna	88.6212	1389	2084
NCPPB4602_scaffolds.fasta.supercontigs.fna	GCA_017877285.1_ASM1787728v1_genomic.fna	88.6165	1386	2084
NCPPB4602_scaffolds.fasta.supercontigs.fna	GCA_003610845.1_ASM361084v1_genomic.fna	88.6161	1377	2084
NCPPB4602_scaffolds.fasta.supercontigs.fna	GCA_008801385.1_ASM880138v1_genomic.fna	88.6077	1383	2084
NCPPB4602_scaffolds.fasta.supercontigs.fna	GCA_031455515.1_ASM3145551v1_genomic.fna	88.6038	1398	2084
NCPPB4602_scaffolds.fasta.supercontigs.fna	GCA_001526505.1_ASM152650v1_genomic.fna	88.5928	1368	2084
NCPPB4602_scaffolds.fasta.supercontigs.fna	GCA_022760295.1_ASM2276029v1_genomic.fna	88.5871	1408	2084
NCPPB4602_scaffolds.fasta.supercontigs.fna	GCA_025560485.1_ASM2556048v1_genomic.fna	88.5783	1452	2084
NCPPB4602_scaffolds.fasta.supercontigs.fna	GCA_030811155.1_ASM3081115v1_genomic.fna	88.5627	1413	2084
NCPPB4602_scaffolds.fasta.supercontigs.fna	GCA_003031125.1_ASM303112v1_genomic.fna	88.5613	1390	2084
NCPPB4602_scaffolds.fasta.supercontigs.fna	GCA_001692245.1_ASM169224v1_genomic.fna	88.5348	1406	2084
NCPPB4602_scaffolds.fasta.supercontigs.fna	GCA_027157905.1_ASM2715790v1_genomic.fna	88.5233	1375	2084
NCPPB4602_scaffolds.fasta.supercontigs.fna	GCA_000349865.1_Cherry1.0_genomic.fna	88.5202	1371	2084
NCPPB4602_scaffolds.fasta.supercontigs.fna	GCA_025560045.1_ASM2556004v1_genomic.fna	88.5167	1392	2084
NCPPB4602_scaffolds.fasta.supercontigs.fna	GCA_013318115.1_ASM1331811v1_genomic.fna	88.5101	1403	2084
NCPPB4602_scaffolds.fasta.supercontigs.fna	GCA_015704895.1_ASM1570489v1_genomic.fna	88.5083	1388	2084
NCPPB4602_scaffolds.fasta.supercontigs.fna	GCA_027498535.1_ASM2749853v1_genomic.fna	88.5019	1394	2084
NCPPB4602_scaffolds.fasta.supercontigs.fna	GCA_030643885.1_ASM3064388v1_genomic.fna	88.4932	1423	2084
NCPPB4602_scaffolds.fasta.supercontigs.fna	GCA_900045375.1_AHY_PRJEB12187_v1_genomic.fna	88.4909	1424	2084
NCPPB4602_scaffolds.fasta.supercontigs.fna	GCA_025560345.1_ASM2556034v1_genomic.fna	88.4883	1396	2084
NCPPB4602_scaffolds.fasta.supercontigs.fna	GCA_014198255.1_ASM1419825v1_genomic.fna	88.4821	1404	2084
NCPPB4602_scaffolds.fasta.supercontigs.fna	GCA_014200255.1_ASM1420025v1_genomic.fna	88.4807	1399	2084
NCPPB4602_scaffolds.fasta.supercontigs.fna	GCA_001541315.1_ASM154131v1_genomic.fna	88.4774	1407	2084
NCPPB4602_scaffolds.fasta.supercontigs.fna	GCA_900012585.1_AHY_PRJEB12191_v1_genomic.fna	88.4649	1404	2084
NCPPB4602_scaffolds.fasta.supercontigs.fna	GCA_013319085.1_ASM1331908v1_genomic.fna	88.4628	1374	2084
NCPPB4602_scaffolds.fasta.supercontigs.fna	GCA_006970545.1_ASM697054v1_genomic.fna	88.4612	1401	2084
NCPPB4602_scaffolds.fasta.supercontigs.fna	GCA_004766515.1_ASM476651v1_genomic.fna	88.4565	1388	2084
NCPPB4602_scaffolds.fasta.supercontigs.fna	GCA_013317565.1_ASM1331756v1_genomic.fna	88.4558	1398	2084
NCPPB4602_scaffolds.fasta.supercontigs.fna	GCA_013318175.1_ASM1331817v1_genomic.fna	88.451	1430	2084
NCPPB4602_scaffolds.fasta.supercontigs.fna	GCA_013317795.1_ASM1331779v1_genomic.fna	88.4485	1423	2084
NCPPB4602_scaffolds.fasta.supercontigs.fna	GCA_001526525.1_ASM152652v1_genomic.fna	88.4455	1410	2084
NCPPB4602_scaffolds.fasta.supercontigs.fna	GCA_001526565.1_ASM152656v1_genomic.fna	88.437	1416	2084
NCPPB4602_scaffolds.fasta.supercontigs.fna	GCA_001526545.1_ASM152654v1_genomic.fna	88.4367	1412	2084
NCPPB4602_scaffolds.fasta.supercontigs.fna	GCA_013319015.1_ASM1331901v1_genomic.fna	88.4357	1378	2084
NCPPB4602_scaffolds.fasta.supercontigs.fna	GCA_005298145.1_ASM529814v1_genomic.fna	88.4325	1403	2084
NCPPB4602_scaffolds.fasta.supercontigs.fna	GCA_002008205.1_ASM200820v1_genomic.fna	88.4269	1338	2084
NCPPB4602_scaffolds.fasta.supercontigs.fna	GCA_005144435.2_ASM514443v2_genomic.fna	88.4236	1410	2084
NCPPB4602_scaffolds.fasta.supercontigs.fna	GCA_027498395.1_ASM2749839v1_genomic.fna	88.4215	1414	2084
NCPPB4602_scaffolds.fasta.supercontigs.fna	GCA_013337285.1_ASM1333728v1_genomic.fna	88.4198	1384	2084
NCPPB4602_scaffolds.fasta.supercontigs.fna	GCA_009498475.1_ASM949847v1_genomic.fna	88.4157	1430	2084
NCPPB4602_scaffolds.fasta.supercontigs.fna	GCA_900455815.1_35377_C01_genomic.fna	88.4144	1433	2084
NCPPB4602_scaffolds.fasta.supercontigs.fna	GCA_001526585.1_ASM152658v1_genomic.fna	88.4088	1406	2084
NCPPB4602_scaffolds.fasta.supercontigs.fna	GCA_037198305.1_ASM3719830v1_genomic.fna	88.4029	1356	2084
NCPPB4602_scaffolds.fasta.supercontigs.fna	GCA_003931535.1_ASM393153v1_genomic.fna	88.397	1340	2084
NCPPB4602_scaffolds.fasta.supercontigs.fna	GCA_900013505.1_AHY_PRJEB12192_v1_genomic.fna	88.3967	1346	2084
NCPPB4602_scaffolds.fasta.supercontigs.fna	GCA_001526605.1_ASM152660v1_genomic.fna	88.381	1352	2084
NCPPB4602_scaffolds.fasta.supercontigs.fna	GCA_013320635.1_ASM1332063v1_genomic.fna	88.3647	1363	2084
NCPPB4602_scaffolds.fasta.supercontigs.fna	GCA_004005385.1_ASM400538v1_genomic.fna	88.3362	1409	2084
NCPPB4602_scaffolds.fasta.supercontigs.fna	GCA_009498615.1_ASM949861v1_genomic.fna	88.3347	1423	2084
NCPPB4602_scaffolds.fasta.supercontigs.fna	GCA_027460125.1_ASM2746012v1_genomic.fna	88.3089	1371	2084
NCPPB4602_scaffolds.fasta.supercontigs.fna	GCA_000699125.1_genome_genomic.fna	88.3002	1227	2084
NCPPB4602_scaffolds.fasta.supercontigs.fna	GCA_027460005.1_ASM2746000v1_genomic.fna	88.2991	1362	2084
NCPPB4602_scaffolds.fasta.supercontigs.fna	GCA_027921025.1_ASM2792102v1_genomic.fna	88.2977	1336	2084
NCPPB4602_scaffolds.fasta.supercontigs.fna	GCA_027871605.1_ASM2787160v1_genomic.fna	88.2964	1350	2084
NCPPB4602_scaffolds.fasta.supercontigs.fna	GCA_013320625.1_ASM1332062v1_genomic.fna	88.2916	1376	2084
NCPPB4602_scaffolds.fasta.supercontigs.fna	GCA_019511265.1_ASM1951126v1_genomic.fna	88.2828	1367	2084
NCPPB4602_scaffolds.fasta.supercontigs.fna	GCA_039594325.1_ASM3959432v1_genomic.fna	88.281	1240	2084
NCPPB4602_scaffolds.fasta.supercontigs.fna	GCA_005221425.1_ASM522142v1_genomic.fna	88.2744	1373	2084
NCPPB4602_scaffolds.fasta.supercontigs.fna	GCA_001692405.1_ASM169240v1_genomic.fna	88.2737	1353	2084
NCPPB4602_scaffolds.fasta.supercontigs.fna	GCA_013320275.1_ASM1332027v1_genomic.fna	88.2724	1362	2084
NCPPB4602_scaffolds.fasta.supercontigs.fna	GCA_027921015.1_ASM2792101v1_genomic.fna	88.2686	1342	2084
NCPPB4602_scaffolds.fasta.supercontigs.fna	GCA_005221385.1_ASM522138v1_genomic.fna	88.2642	1380	2084
NCPPB4602_scaffolds.fasta.supercontigs.fna	GCA_001649535.1_ASM164953v1_genomic.fna	88.2642	1373	2084
NCPPB4602_scaffolds.fasta.supercontigs.fna	GCA_005144505.2_ASM514450v2_genomic.fna	88.26	1413	2084
NCPPB4602_scaffolds.fasta.supercontigs.fna	GCA_900013525.1_AHY_PRJEB12194_v1_genomic.fna	88.2597	1449	2084
NCPPB4602_scaffolds.fasta.supercontigs.fna	GCA_027871645.1_ASM2787164v1_genomic.fna	88.259	1354	2084
NCPPB4602_scaffolds.fasta.supercontigs.fna	GCA_013320735.1_ASM1332073v1_genomic.fna	88.2578	1347	2084
NCPPB4602_scaffolds.fasta.supercontigs.fna	GCA_013318455.1_ASM1331845v1_genomic.fna	88.2575	1364	2084
NCPPB4602_scaffolds.fasta.supercontigs.fna	GCA_013318875.1_ASM1331887v1_genomic.fna	88.2549	1355	2084
NCPPB4602_scaffolds.fasta.supercontigs.fna	GCA_013318765.1_ASM1331876v1_genomic.fna	88.2549	1366	2084
NCPPB4602_scaffolds.fasta.supercontigs.fna	GCA_008501935.1_ASM850193v1_genomic.fna	88.2541	1396	2084
NCPPB4602_scaffolds.fasta.supercontigs.fna	GCA_013318625.1_ASM1331862v1_genomic.fna	88.2537	1362	2084
NCPPB4602_scaffolds.fasta.supercontigs.fna	GCA_003208455.1_ASM320845v1_genomic.fna	88.2469	1389	2084
NCPPB4602_scaffolds.fasta.supercontigs.fna	GCA_013318715.1_ASM1331871v1_genomic.fna	88.2438	1386	2084
NCPPB4602_scaffolds.fasta.supercontigs.fna	GCA_900101425.1_IMG-taxon_2599185210_annotated_assembly_genomic.fna	88.2406	1367	2084
NCPPB4602_scaffolds.fasta.supercontigs.fna	GCA_007002845.1_ASM700284v1_genomic.fna	88.2401	1350	2084
NCPPB4602_scaffolds.fasta.supercontigs.fna	GCA_013318515.1_ASM1331851v1_genomic.fna	88.2393	1369	2084
NCPPB4602_scaffolds.fasta.supercontigs.fna	GCA_013320675.2_ASM1332067v2_genomic.fna	88.2384	1380	2084
NCPPB4602_scaffolds.fasta.supercontigs.fna	GCA_013318845.1_ASM1331884v1_genomic.fna	88.2349	1378	2084
NCPPB4602_scaffolds.fasta.supercontigs.fna	GCA_020218035.1_ASM2021803v1_genomic.fna	88.2327	1371	2084
NCPPB4602_scaffolds.fasta.supercontigs.fna	GCA_013318495.1_ASM1331849v1_genomic.fna	88.2311	1381	2084
NCPPB4602_scaffolds.fasta.supercontigs.fna	GCA_013317995.1_ASM1331799v1_genomic.fna	88.2288	1385	2084
NCPPB4602_scaffolds.fasta.supercontigs.fna	GCA_013318725.1_ASM1331872v1_genomic.fna	88.2256	1371	2084
NCPPB4602_scaffolds.fasta.supercontigs.fna	GCA_020218025.1_ASM2021802v1_genomic.fna	88.2231	1374	2084
NCPPB4602_scaffolds.fasta.supercontigs.fna	GCA_013318575.1_ASM1331857v1_genomic.fna	88.2199	1376	2084
NCPPB4602_scaffolds.fasta.supercontigs.fna	GCA_013318675.1_ASM1331867v1_genomic.fna	88.2185	1378	2084
NCPPB4602_scaffolds.fasta.supercontigs.fna	GCA_032002345.1_ASM3200234v1_genomic.fna	88.218	1350	2084
NCPPB4602_scaffolds.fasta.supercontigs.fna	GCA_013318935.1_ASM1331893v1_genomic.fna	88.2174	1370	2084
NCPPB4602_scaffolds.fasta.supercontigs.fna	GCA_027460045.1_ASM2746004v1_genomic.fna	88.2145	1362	2084
NCPPB4602_scaffolds.fasta.supercontigs.fna	GCA_013318915.1_ASM1331891v1_genomic.fna	88.2141	1376	2084
NCPPB4602_scaffolds.fasta.supercontigs.fna	GCA_013317835.1_ASM1331783v1_genomic.fna	88.2116	1380	2084
NCPPB4602_scaffolds.fasta.supercontigs.fna	GCA_002005205.3_ASM200520v3_genomic.fna	88.2073	1390	2084
NCPPB4602_scaffolds.fasta.supercontigs.fna	GCA_013318655.1_ASM1331865v1_genomic.fna	88.2072	1365	2084
NCPPB4602_scaffolds.fasta.supercontigs.fna	GCA_013318555.1_ASM1331855v1_genomic.fna	88.2067	1380	2084
NCPPB4602_scaffolds.fasta.supercontigs.fna	GCA_903772885.2_K599_Annotation_hybrid_June20200624_updated_genomic.fna	88.2053	1391	2084
NCPPB4602_scaffolds.fasta.supercontigs.fna	GCA_001427625.1_Root651_genomic.fna	88.2049	1368	2084
NCPPB4602_scaffolds.fasta.supercontigs.fna	GCA_013318475.1_ASM1331847v1_genomic.fna	88.2049	1369	2084
NCPPB4602_scaffolds.fasta.supercontigs.fna	GCA_013318745.1_ASM1331874v1_genomic.fna	88.2016	1381	2084
NCPPB4602_scaffolds.fasta.supercontigs.fna	GCA_013318505.1_ASM1331850v1_genomic.fna	88.2004	1381	2084
NCPPB4602_scaffolds.fasta.supercontigs.fna	GCA_013320235.1_ASM1332023v1_genomic.fna	88.1997	1391	2084
NCPPB4602_scaffolds.fasta.supercontigs.fna	GCA_013318795.1_ASM1331879v1_genomic.fna	88.1986	1390	2084
NCPPB4602_scaffolds.fasta.supercontigs.fna	GCA_013318835.1_ASM1331883v1_genomic.fna	88.1985	1383	2084
NCPPB4602_scaffolds.fasta.supercontigs.fna	GCA_013318615.1_ASM1331861v1_genomic.fna	88.1901	1389	2084
NCPPB4602_scaffolds.fasta.supercontigs.fna	GCA_900013535.1_AHY_PRJEB12185_v1_genomic.fna	88.1895	1376	2084
NCPPB4602_scaffolds.fasta.supercontigs.fna	GCA_013318585.1_ASM1331858v1_genomic.fna	88.1876	1382	2084
NCPPB4602_scaffolds.fasta.supercontigs.fna	GCA_013318695.1_ASM1331869v1_genomic.fna	88.185	1378	2084
NCPPB4602_scaffolds.fasta.supercontigs.fna	GCA_013318895.1_ASM1331889v1_genomic.fna	88.1808	1387	2084
NCPPB4602_scaffolds.fasta.supercontigs.fna	GCA_027460105.1_ASM2746010v1_genomic.fna	88.1756	1383	2084
NCPPB4602_scaffolds.fasta.supercontigs.fna	GCA_013318815.1_ASM1331881v1_genomic.fna	88.1739	1384	2084
NCPPB4602_scaffolds.fasta.supercontigs.fna	GCA_001263295.1_SUL3v1_genomic.fna	88.1732	1393	2084
NCPPB4602_scaffolds.fasta.supercontigs.fna	GCA_029840625.1_ASM2984062v1_genomic.fna	88.1656	1324	2084
NCPPB4602_scaffolds.fasta.supercontigs.fna	GCA_029845425.1_ASM2984542v1_genomic.fna	88.1636	1323	2084
NCPPB4602_scaffolds.fasta.supercontigs.fna	GCA_029845345.1_ASM2984534v1_genomic.fna	88.1608	1322	2084
NCPPB4602_scaffolds.fasta.supercontigs.fna	GCA_029840685.1_ASM2984068v1_genomic.fna	88.1584	1342	2084
NCPPB4602_scaffolds.fasta.supercontigs.fna	GCA_013317685.1_ASM1331768v1_genomic.fna	88.1552	1407	2084
NCPPB4602_scaffolds.fasta.supercontigs.fna	GCA_016599615.1_ASM1659961v1_genomic.fna	88.1457	1415	2084
NCPPB4602_scaffolds.fasta.supercontigs.fna	GCA_000092025.1_ASM9202v1_genomic.fna	88.1433	1453	2084
NCPPB4602_scaffolds.fasta.supercontigs.fna	GCA_017313365.1_ASM1731336v1_genomic.fna	88.139	1410	2084
NCPPB4602_scaffolds.fasta.supercontigs.fna	GCA_027459975.1_ASM2745997v1_genomic.fna	88.1363	1364	2084
NCPPB4602_scaffolds.fasta.supercontigs.fna	GCA_029845325.1_ASM2984532v1_genomic.fna	88.1352	1325	2084
NCPPB4602_scaffolds.fasta.supercontigs.fna	GCA_001005815.2_ASM100581v2_genomic.fna	88.1241	1337	2084
NCPPB4602_scaffolds.fasta.supercontigs.fna	GCA_002943835.1_ASM294383v1_genomic.fna	88.1214	1384	2084
NCPPB4602_scaffolds.fasta.supercontigs.fna	GCA_029277625.1_ASM2927762v1_genomic.fna	88.1048	1466	2084
NCPPB4602_scaffolds.fasta.supercontigs.fna	GCA_021107245.1_ASM2110724v1_genomic.fna	88.1006	1208	2084
NCPPB4602_scaffolds.fasta.supercontigs.fna	GCA_007002865.1_ASM700286v1_genomic.fna	88.098	1384	2084
NCPPB4602_scaffolds.fasta.supercontigs.fna	GCA_016864515.1_ASM1686451v1_genomic.fna	88.0909	1419	2084
NCPPB4602_scaffolds.fasta.supercontigs.fna	GCA_030518355.1_ASM3051835v1_genomic.fna	88.0903	1376	2084
NCPPB4602_scaffolds.fasta.supercontigs.fna	GCA_029838325.1_ASM2983832v1_genomic.fna	88.0859	1337	2084
NCPPB4602_scaffolds.fasta.supercontigs.fna	GCA_013318375.1_ASM1331837v1_genomic.fna	88.0858	1385	2084
NCPPB4602_scaffolds.fasta.supercontigs.fna	GCA_000421945.1_genome_genomic.fna	88.0838	1122	2084
NCPPB4602_scaffolds.fasta.supercontigs.fna	GCA_946479545.1_SRR10754060_bin.19_metawrap_v1.3.0_MAG_genomic.fna	88.0611	1221	2084
NCPPB4602_scaffolds.fasta.supercontigs.fna	GCA_020215465.1_ASM2021546v1_genomic.fna	88.0605	1397	2084
NCPPB4602_scaffolds.fasta.supercontigs.fna	GCA_020215515.1_ASM2021551v1_genomic.fna	88.0566	1391	2084
NCPPB4602_scaffolds.fasta.supercontigs.fna	GCA_020215445.1_ASM2021544v1_genomic.fna	88.0549	1393	2084
NCPPB4602_scaffolds.fasta.supercontigs.fna	GCA_027956545.1_ASM2795654v1_genomic.fna	88.0548	1372	2084
NCPPB4602_scaffolds.fasta.supercontigs.fna	GCA_027212525.1_ASM2721252v1_genomic.fna	88.0523	1399	2084
NCPPB4602_scaffolds.fasta.supercontigs.fna	GCA_946482405.1_SRR14536366_bin.3_metawrap_v1.3.0_MAG_genomic.fna	88.0452	929	2084
NCPPB4602_scaffolds.fasta.supercontigs.fna	GCA_013320615.1_ASM1332061v1_genomic.fna	88.0327	1394	2084
NCPPB4602_scaffolds.fasta.supercontigs.fna	GCA_029221985.1_ASM2922198v1_genomic.fna	88.0306	1370	2084
NCPPB4602_scaffolds.fasta.supercontigs.fna	GCA_017744915.1_ASM1774491v1_genomic.fna	88.0231	1350	2084
NCPPB4602_scaffolds.fasta.supercontigs.fna	GCA_013320585.1_ASM1332058v1_genomic.fna	88.0111	1412	2084
NCPPB4602_scaffolds.fasta.supercontigs.fna	GCA_025560525.1_ASM2556052v1_genomic.fna	88.0084	1453	2084
NCPPB4602_scaffolds.fasta.supercontigs.fna	GCA_027459965.1_ASM2745996v1_genomic.fna	88.0073	1394	2084
NCPPB4602_scaffolds.fasta.supercontigs.fna	GCA_030036535.1_ASM3003653v1_genomic.fna	87.9934	1391	2084
NCPPB4602_scaffolds.fasta.supercontigs.fna	GCA_000966435.1_ASM96643v1_genomic.fna	87.9932	1404	2084
NCPPB4602_scaffolds.fasta.supercontigs.fna	GCA_002335295.1_ASM233529v1_genomic.fna	87.9896	1248	2084
NCPPB4602_scaffolds.fasta.supercontigs.fna	GCA_013317765.2_ASM1331776v2_genomic.fna	87.9835	1388	2084
NCPPB4602_scaffolds.fasta.supercontigs.fna	GCA_027460085.1_ASM2746008v1_genomic.fna	87.9761	1392	2084
NCPPB4602_scaffolds.fasta.supercontigs.fna	GCA_027871575.1_ASM2787157v1_genomic.fna	87.9665	1393	2084
NCPPB4602_scaffolds.fasta.supercontigs.fna	GCA_027460025.1_ASM2746002v1_genomic.fna	87.966	1394	2084
NCPPB4602_scaffolds.fasta.supercontigs.fna	GCA_007002745.1_ASM700274v1_genomic.fna	87.9322	1400	2084
NCPPB4602_scaffolds.fasta.supercontigs.fna	GCA_013317735.2_ASM1331773v2_genomic.fna	87.9076	1415	2084
NCPPB4602_scaffolds.fasta.supercontigs.fna	GCA_024706645.1_ASM2470664v1_genomic.fna	87.9073	1424	2084
NCPPB4602_scaffolds.fasta.supercontigs.fna	GCA_003667725.1_ASM366772v1_genomic.fna	87.9052	1429	2084
NCPPB4602_scaffolds.fasta.supercontigs.fna	GCA_013317665.2_ASM1331766v2_genomic.fna	87.8996	1413	2084
NCPPB4602_scaffolds.fasta.supercontigs.fna	GCA_030717765.1_ASM3071776v1_genomic.fna	87.8839	1419	2084
NCPPB4602_scaffolds.fasta.supercontigs.fna	GCA_013318415.1_ASM1331841v1_genomic.fna	87.8241	1431	2084
NCPPB4602_scaffolds.fasta.supercontigs.fna	GCA_005221345.1_ASM522134v1_genomic.fna	87.8015	1399	2084
NCPPB4602_scaffolds.fasta.supercontigs.fna	GCA_005221325.1_ASM522132v1_genomic.fna	87.767	1417	2084
NCPPB4602_scaffolds.fasta.supercontigs.fna	GCA_003667945.1_ASM366794v1_genomic.fna	87.7518	1352	2084
NCPPB4602_scaffolds.fasta.supercontigs.fna	GCA_022819325.1_ASM2281932v1_genomic.fna	87.746	1404	2084
NCPPB4602_scaffolds.fasta.supercontigs.fna	GCA_013320725.1_ASM1332072v1_genomic.fna	87.7298	1369	2084
NCPPB4602_scaffolds.fasta.supercontigs.fna	GCA_900012625.1_AHY_PRJEB12190_v1_genomic.fna	87.7291	1429	2084
NCPPB4602_scaffolds.fasta.supercontigs.fna	GCA_027988005.1_ASM2798800v1_genomic.fna	87.7181	1286	2084
NCPPB4602_scaffolds.fasta.supercontigs.fna	GCA_005144495.2_ASM514449v2_genomic.fna	87.7019	1314	2084
NCPPB4602_scaffolds.fasta.supercontigs.fna	GCA_900012565.1_AHY_PRJEB12195_v1_genomic.fna	87.6896	1315	2084
NCPPB4602_scaffolds.fasta.supercontigs.fna	GCA_029338155.1_ASM2933815v1_genomic.fna	87.6883	1349	2084
NCPPB4602_scaffolds.fasta.supercontigs.fna	GCA_013318275.2_ASM1331827v2_genomic.fna	87.677	1362	2084
NCPPB4602_scaffolds.fasta.supercontigs.fna	GCA_027956555.1_ASM2795655v1_genomic.fna	87.6763	1294	2084
NCPPB4602_scaffolds.fasta.supercontigs.fna	GCA_900111085.1_IMG-taxon_2600255279_annotated_assembly_genomic.fna	87.674	1379	2084
NCPPB4602_scaffolds.fasta.supercontigs.fna	GCA_026241955.1_ASM2624195v1_genomic.fna	87.6643	1306	2084
NCPPB4602_scaffolds.fasta.supercontigs.fna	GCA_918698075.1_SRABI46_genomic.fna	87.6615	1361	2084
NCPPB4602_scaffolds.fasta.supercontigs.fna	GCA_900104545.1_IMG-taxon_2600255308_annotated_assembly_genomic.fna	87.6479	1385	2084
NCPPB4602_scaffolds.fasta.supercontigs.fna	GCA_918698265.1_SRABI05_genomic.fna	87.6415	1345	2084
NCPPB4602_scaffolds.fasta.supercontigs.fna	GCA_027460065.1_ASM2746006v1_genomic.fna	87.6393	1409	2084
NCPPB4602_scaffolds.fasta.supercontigs.fna	GCA_016599575.1_ASM1659957v1_genomic.fna	87.6339	1381	2084
NCPPB4602_scaffolds.fasta.supercontigs.fna	GCA_002916755.1_ASM291675v1_genomic.fna	87.6334	1403	2084
NCPPB4602_scaffolds.fasta.supercontigs.fna	GCA_000214615.2_Agro31749_1.0_genomic.fna	87.632	1344	2084
NCPPB4602_scaffolds.fasta.supercontigs.fna	GCA_000730975.1_ASM73097v1_genomic.fna	87.6289	1373	2084
NCPPB4602_scaffolds.fasta.supercontigs.fna	GCA_007002855.1_ASM700285v1_genomic.fna	87.6288	1384	2084
NCPPB4602_scaffolds.fasta.supercontigs.fna	GCA_011319455.1_ASM1131945v1_genomic.fna	87.6191	1297	2084
NCPPB4602_scaffolds.fasta.supercontigs.fna	GCA_030345655.1_ASM3034565v1_genomic.fna	87.6134	1408	2084
NCPPB4602_scaffolds.fasta.supercontigs.fna	GCA_012971785.1_ASM1297178v1_genomic.fna	87.6095	1393	2084
NCPPB4602_scaffolds.fasta.supercontigs.fna	GCA_013365515.1_ASM1336551v1_genomic.fna	87.6015	1406	2084
NCPPB4602_scaffolds.fasta.supercontigs.fna	GCA_002894505.1_ASM289450v1_genomic.fna	87.5961	1300	2084
NCPPB4602_scaffolds.fasta.supercontigs.fna	GCA_002008225.1_ASM200822v1_genomic.fna	87.5948	1300	2084
NCPPB4602_scaffolds.fasta.supercontigs.fna	GCA_900100235.1_IMG-taxon_2690315628_annotated_assembly_genomic.fna	87.5863	1369	2084
NCPPB4602_scaffolds.fasta.supercontigs.fna	GCA_027498475.1_ASM2749847v1_genomic.fna	87.5853	1306	2084
NCPPB4602_scaffolds.fasta.supercontigs.fna	GCA_027498435.1_ASM2749843v1_genomic.fna	87.5729	1320	2084
NCPPB4602_scaffolds.fasta.supercontigs.fna	GCA_016599595.1_ASM1659959v1_genomic.fna	87.5702	1407	2084
NCPPB4602_scaffolds.fasta.supercontigs.fna	GCA_027498495.1_ASM2749849v1_genomic.fna	87.5701	1309	2084
NCPPB4602_scaffolds.fasta.supercontigs.fna	GCA_018056125.1_ASM1805612v1_genomic.fna	87.5602	676	2084
NCPPB4602_scaffolds.fasta.supercontigs.fna	GCA_903772965.2_EHA105_Annotation_hybrid_June20200624_genomic.fna	87.5572	1408	2084
NCPPB4602_scaffolds.fasta.supercontigs.fna	GCA_007002765.1_ASM700276v1_genomic.fna	87.5397	1306	2084
NCPPB4602_scaffolds.fasta.supercontigs.fna	GCA_027498545.1_ASM2749854v1_genomic.fna	87.5395	1306	2084
NCPPB4602_scaffolds.fasta.supercontigs.fna	GCA_027498425.1_ASM2749842v1_genomic.fna	87.5393	1312	2084
NCPPB4602_scaffolds.fasta.supercontigs.fna	GCA_027498575.1_ASM2749857v1_genomic.fna	87.5313	1301	2084
NCPPB4602_scaffolds.fasta.supercontigs.fna	GCA_013318095.1_ASM1331809v1_genomic.fna	87.5301	1399	2084
NCPPB4602_scaffolds.fasta.supercontigs.fna	GCA_029893265.1_ASM2989326v1_genomic.fna	87.5222	1408	2084
NCPPB4602_scaffolds.fasta.supercontigs.fna	GCA_027498595.1_ASM2749859v1_genomic.fna	87.5206	1315	2084
NCPPB4602_scaffolds.fasta.supercontigs.fna	GCA_008274755.1_ASM827475v1_genomic.fna	87.5189	1320	2084
NCPPB4602_scaffolds.fasta.supercontigs.fna	GCA_029223905.1_ASM2922390v1_genomic.fna	87.5182	1421	2084
NCPPB4602_scaffolds.fasta.supercontigs.fna	GCA_013317635.1_ASM1331763v1_genomic.fna	87.5161	1341	2084
NCPPB4602_scaffolds.fasta.supercontigs.fna	GCA_027871525.1_ASM2787152v1_genomic.fna	87.5085	1296	2084
NCPPB4602_scaffolds.fasta.supercontigs.fna	GCA_027988115.1_ASM2798811v1_genomic.fna	87.4861	1312	2084
NCPPB4602_scaffolds.fasta.supercontigs.fna	GCA_013318355.2_ASM1331835v2_genomic.fna	87.4853	1430	2084
NCPPB4602_scaffolds.fasta.supercontigs.fna	GCA_027956525.1_ASM2795652v1_genomic.fna	87.4852	1307	2084
NCPPB4602_scaffolds.fasta.supercontigs.fna	GCA_003241215.1_ASM324121v1_genomic.fna	87.4702	985	2084
NCPPB4602_scaffolds.fasta.supercontigs.fna	GCA_033611815.1_ASM3361181v1_genomic.fna	87.4698	1420	2084
NCPPB4602_scaffolds.fasta.supercontigs.fna	GCA_019048945.1_ASM1904894v1_genomic.fna	87.4265	1341	2084
NCPPB4602_scaffolds.fasta.supercontigs.fna	GCA_039593715.1_ASM3959371v1_genomic.fna	86.8499	846	2084
NCPPB4602_scaffolds.fasta.supercontigs.fna	GCA_025560665.1_ASM2556066v1_genomic.fna	86.608	1377	2084
NCPPB4602_scaffolds.fasta.supercontigs.fna	GCA_005144405.2_ASM514440v2_genomic.fna	86.4161	1286	2084
NCPPB4602_scaffolds.fasta.supercontigs.fna	GCA_005221365.1_ASM522136v1_genomic.fna	86.4083	1328	2084
NCPPB4602_scaffolds.fasta.supercontigs.fna	GCA_036794005.1_ASM3679400v1_genomic.fna	86.3939	1207	2084
NCPPB4602_scaffolds.fasta.supercontigs.fna	GCA_013285525.1_ASM1328552v1_genomic.fna	86.3806	1306	2084
NCPPB4602_scaffolds.fasta.supercontigs.fna	GCA_001644925.1_GHKF11_genomic.fna	86.3793	1310	2084
NCPPB4602_scaffolds.fasta.supercontigs.fna	GCA_030440405.1_ASM3044040v1_genomic.fna	86.3707	1298	2084
NCPPB4602_scaffolds.fasta.supercontigs.fna	GCA_009649115.1_ASM964911v1_genomic.fna	86.3703	1313	2084
NCPPB4602_scaffolds.fasta.supercontigs.fna	GCA_026191755.1_ASM2619175v1_genomic.fna	86.3675	1310	2084
NCPPB4602_scaffolds.fasta.supercontigs.fna	GCA_029632585.1_ASM2963258v1_genomic.fna	86.3666	1324	2084
NCPPB4602_scaffolds.fasta.supercontigs.fna	GCA_032018425.1_ASM3201842v1_genomic.fna	86.3553	1310	2084
NCPPB4602_scaffolds.fasta.supercontigs.fna	GCA_029866445.1_ASM2986644v1_genomic.fna	86.3547	1320	2084
NCPPB4602_scaffolds.fasta.supercontigs.fna	GCA_014190925.1_ASM1419092v1_genomic.fna	86.3521	1299	2084
NCPPB4602_scaffolds.fasta.supercontigs.fna	GCA_002814035.1_ASM281403v1_genomic.fna	86.3392	1313	2084
NCPPB4602_scaffolds.fasta.supercontigs.fna	GCA_030804145.1_ASM3080414v1_genomic.fna	86.3325	1338	2084
NCPPB4602_scaffolds.fasta.supercontigs.fna	GCA_013320535.1_ASM1332053v1_genomic.fna	86.3298	1314	2084
NCPPB4602_scaffolds.fasta.supercontigs.fna	GCA_032229345.1_ASM3222934v1_genomic.fna	86.327	1304	2084
NCPPB4602_scaffolds.fasta.supercontigs.fna	GCA_003261015.1_ASM326101v1_genomic.fna	86.3202	1288	2084
NCPPB4602_scaffolds.fasta.supercontigs.fna	GCA_031453135.1_ASM3145313v1_genomic.fna	86.318	1332	2084
NCPPB4602_scaffolds.fasta.supercontigs.fna	GCA_000702405.1_ASM70240v1_genomic.fna	86.3159	1309	2084
NCPPB4602_scaffolds.fasta.supercontigs.fna	GCA_036527375.1_ASM3652737v1_genomic.fna	86.3142	1313	2084
NCPPB4602_scaffolds.fasta.supercontigs.fna	GCA_030804105.1_ASM3080410v1_genomic.fna	86.3136	1343	2084
NCPPB4602_scaffolds.fasta.supercontigs.fna	GCA_019511505.1_ASM1951150v1_genomic.fna	86.3065	1308	2084
NCPPB4602_scaffolds.fasta.supercontigs.fna	GCA_031453315.1_ASM3145331v1_genomic.fna	86.3027	1338	2084
NCPPB4602_scaffolds.fasta.supercontigs.fna	GCA_004328495.1_ASM432849v1_genomic.fna	86.3006	1330	2084
NCPPB4602_scaffolds.fasta.supercontigs.fna	GCA_002339905.1_ASM233990v1_genomic.fna	86.2995	1290	2084
NCPPB4602_scaffolds.fasta.supercontigs.fna	GCA_029834945.1_ASM2983494v1_genomic.fna	86.2973	1327	2084
NCPPB4602_scaffolds.fasta.supercontigs.fna	GCA_019511295.1_ASM1951129v1_genomic.fna	86.2972	1318	2084
NCPPB4602_scaffolds.fasta.supercontigs.fna	GCA_000959075.1_ASM95907v1_genomic.fna	86.2948	1318	2084
NCPPB4602_scaffolds.fasta.supercontigs.fna	GCA_019511385.1_ASM1951138v1_genomic.fna	86.2935	1328	2084
NCPPB4602_scaffolds.fasta.supercontigs.fna	GCA_000499645.1_IRBG74_genomic.fna	86.2933	1327	2084
NCPPB4602_scaffolds.fasta.supercontigs.fna	GCA_019511365.1_ASM1951136v1_genomic.fna	86.2924	1332	2084
NCPPB4602_scaffolds.fasta.supercontigs.fna	GCA_012272675.1_ASM1227267v1_genomic.fna	86.2915	1309	2084
NCPPB4602_scaffolds.fasta.supercontigs.fna	GCA_030804125.1_ASM3080412v1_genomic.fna	86.29	1350	2084
NCPPB4602_scaffolds.fasta.supercontigs.fna	GCA_017877395.1_ASM1787739v1_genomic.fna	86.2876	1336	2084
NCPPB4602_scaffolds.fasta.supercontigs.fna	GCA_019511285.1_ASM1951128v1_genomic.fna	86.2855	1328	2084
NCPPB4602_scaffolds.fasta.supercontigs.fna	GCA_037203725.1_ASM3720372v1_genomic.fna	86.2848	1327	2084
NCPPB4602_scaffolds.fasta.supercontigs.fna	GCA_000931365.1_ASM93136v1_genomic.fna	86.2844	1345	2084
NCPPB4602_scaffolds.fasta.supercontigs.fna	GCA_027498515.1_ASM2749851v1_genomic.fna	86.2797	1310	2084
NCPPB4602_scaffolds.fasta.supercontigs.fna	GCA_032092795.1_ASM3209279v1_genomic.fna	86.2718	1107	2084
NCPPB4602_scaffolds.fasta.supercontigs.fna	GCA_032074685.1_ASM3207468v1_genomic.fna	86.2708	1336	2084
NCPPB4602_scaffolds.fasta.supercontigs.fna	GCA_003053405.1_ASM305340v1_genomic.fna	86.2685	1320	2084
NCPPB4602_scaffolds.fasta.supercontigs.fna	GCA_019511305.1_ASM1951130v1_genomic.fna	86.2682	1334	2084
NCPPB4602_scaffolds.fasta.supercontigs.fna	GCA_900102105.1_IMG-taxon_2671180227_annotated_assembly_genomic.fna	86.2666	1314	2084
NCPPB4602_scaffolds.fasta.supercontigs.fna	GCA_013267155.1_ASM1326715v1_genomic.fna	86.2607	1331	2084
NCPPB4602_scaffolds.fasta.supercontigs.fna	GCA_029844925.1_ASM2984492v1_genomic.fna	86.2601	1310	2084
NCPPB4602_scaffolds.fasta.supercontigs.fna	GCA_022848885.1_ASM2284888v1_genomic.fna	86.2596	1332	2084
NCPPB4602_scaffolds.fasta.supercontigs.fna	GCA_902153225.3_P007.v3_genomic.fna	86.2573	1324	2084
NCPPB4602_scaffolds.fasta.supercontigs.fna	GCA_013267135.1_ASM1326713v1_genomic.fna	86.2536	1322	2084
NCPPB4602_scaffolds.fasta.supercontigs.fna	GCA_003031555.1_ASM303155v1_genomic.fna	86.2484	1307	2084
NCPPB4602_scaffolds.fasta.supercontigs.fna	GCA_032077825.1_ASM3207782v1_genomic.fna	86.247	783	2084
NCPPB4602_scaffolds.fasta.supercontigs.fna	GCA_018987285.1_ASM1898728v1_genomic.fna	86.2465	1332	2084
NCPPB4602_scaffolds.fasta.supercontigs.fna	GCA_031326085.1_ASM3132608v1_genomic.fna	86.2465	1353	2084
NCPPB4602_scaffolds.fasta.supercontigs.fna	GCA_000758445.1_ASM75844v1_genomic.fna	86.2453	1318	2084
NCPPB4602_scaffolds.fasta.supercontigs.fna	GCA_003031575.1_ASM303157v1_genomic.fna	86.2382	1325	2084
NCPPB4602_scaffolds.fasta.supercontigs.fna	GCA_014138475.1_ASM1413847v1_genomic.fna	86.2376	1342	2084
NCPPB4602_scaffolds.fasta.supercontigs.fna	GCA_036831645.1_ASM3683164v1_genomic.fna	86.2341	1308	2084
NCPPB4602_scaffolds.fasta.supercontigs.fna	GCA_003938925.1_ASM393892v1_genomic.fna	86.2334	1333	2084
NCPPB4602_scaffolds.fasta.supercontigs.fna	GCA_029840505.1_ASM2984050v1_genomic.fna	86.2315	1298	2084
NCPPB4602_scaffolds.fasta.supercontigs.fna	GCA_002008275.1_ASM200827v1_genomic.fna	86.224	1319	2084
NCPPB4602_scaffolds.fasta.supercontigs.fna	GCA_001888145.1_ASM188814v1_genomic.fna	86.2218	1323	2084
NCPPB4602_scaffolds.fasta.supercontigs.fna	GCA_029839305.1_ASM2983930v1_genomic.fna	86.2204	1285	2084
NCPPB4602_scaffolds.fasta.supercontigs.fna	GCA_001551895.1_ASM155189v1_genomic.fna	86.2199	1325	2084
NCPPB4602_scaffolds.fasta.supercontigs.fna	GCA_017357485.1_ASM1735748v1_genomic.fna	86.215	1344	2084
NCPPB4602_scaffolds.fasta.supercontigs.fna	GCA_036802085.1_ASM3680208v1_genomic.fna	86.2105	1252	2084
NCPPB4602_scaffolds.fasta.supercontigs.fna	GCA_032058545.1_ASM3205854v1_genomic.fna	86.2073	1326	2084
NCPPB4602_scaffolds.fasta.supercontigs.fna	GCA_900013495.1_AHY_PRJEB12183_v1_genomic.fna	86.1971	1343	2084
NCPPB4602_scaffolds.fasta.supercontigs.fna	GCA_032001665.1_ASM3200166v1_genomic.fna	86.1824	1118	2084
NCPPB4602_scaffolds.fasta.supercontigs.fna	GCA_001691455.1_ASM169145v1_genomic.fna	86.1799	1340	2084
NCPPB4602_scaffolds.fasta.supercontigs.fna	GCA_029845225.1_ASM2984522v1_genomic.fna	86.1704	1327	2084
NCPPB4602_scaffolds.fasta.supercontigs.fna	GCA_029840665.1_ASM2984066v1_genomic.fna	86.1664	1312	2084
NCPPB4602_scaffolds.fasta.supercontigs.fna	GCA_001888225.1_ASM188822v1_genomic.fna	86.1642	1340	2084
NCPPB4602_scaffolds.fasta.supercontigs.fna	GCA_000648215.1_SOAPdenovo_for_version_3_of_the_Agrobacterium_tumefaciens_S33_genome_genomic.fna	86.1485	1304	2084
NCPPB4602_scaffolds.fasta.supercontigs.fna	GCA_029838545.1_ASM2983854v1_genomic.fna	86.1284	1324	2084
NCPPB4602_scaffolds.fasta.supercontigs.fna	GCA_029838495.1_ASM2983849v1_genomic.fna	86.1117	1334	2084
NCPPB4602_scaffolds.fasta.supercontigs.fna	GCA_031982105.1_ASM3198210v1_genomic.fna	86.0779	1121	2084
NCPPB4602_scaffolds.fasta.supercontigs.fna	GCA_949742715.1_iMGMC-16_1678881632_genomic.fna	86.0726	1212	2084
NCPPB4602_scaffolds.fasta.supercontigs.fna	GCA_948843785.1_MGBC108980_genomic.fna	85.9608	679	2084
NCPPB4602_scaffolds.fasta.supercontigs.fna	GCA_003529865.1_ASM352986v1_genomic.fna	85.9587	1173	2084
NCPPB4602_scaffolds.fasta.supercontigs.fna	GCA_949416905.1_MH-0-3_111223.53_1677754698_genomic.fna	85.8921	649	2084
NCPPB4602_scaffolds.fasta.supercontigs.fna	GCA_024508975.1_ASM2450897v1_genomic.fna	85.844	861	2084
NCPPB4602_scaffolds.fasta.supercontigs.fna	GCA_003485305.1_ASM348530v1_genomic.fna	85.7547	909	2084
NCPPB4602_scaffolds.fasta.supercontigs.fna	GCA_949416755.1_MH-0-5_111223.17_1677754708_genomic.fna	85.7116	297	2084
NCPPB4602_scaffolds.fasta.supercontigs.fna	GCA_031977605.1_ASM3197760v1_genomic.fna	85.5898	624	2084
NCPPB4602_scaffolds.fasta.supercontigs.fna	GCA_032058685.1_ASM3205868v1_genomic.fna	85.5759	619	2084
NCPPB4602_scaffolds.fasta.supercontigs.fna	GCA_017726655.1_ASM1772665v1_genomic.fna	85.5139	1217	2084
NCPPB4602_scaffolds.fasta.supercontigs.fna	GCA_031984345.1_ASM3198434v1_genomic.fna	85.474	1181	2084
NCPPB4602_scaffolds.fasta.supercontigs.fna	GCA_001641425.1_ASM164142v1_genomic.fna	85.4457	1199	2084
NCPPB4602_scaffolds.fasta.supercontigs.fna	GCA_032093135.1_ASM3209313v1_genomic.fna	85.437	1192	2084
NCPPB4602_scaffolds.fasta.supercontigs.fna	GCA_002454325.1_ASM245432v1_genomic.fna	85.3949	1149	2084
NCPPB4602_scaffolds.fasta.supercontigs.fna	GCA_007680755.1_ASM768075v1_genomic.fna	85.3892	1211	2084
NCPPB4602_scaffolds.fasta.supercontigs.fna	GCA_032097785.1_ASM3209778v1_genomic.fna	85.3773	1195	2084
NCPPB4602_scaffolds.fasta.supercontigs.fna	GCA_913774335.1_SP51_3_metabat2_genome_mining.8_genomic.fna	85.3607	1198	2084
NCPPB4602_scaffolds.fasta.supercontigs.fna	GCA_032065505.1_ASM3206550v1_genomic.fna	85.3183	238	2084
NCPPB4602_scaffolds.fasta.supercontigs.fna	GCA_032114975.1_ASM3211497v1_genomic.fna	85.3058	544	2084
NCPPB4602_scaffolds.fasta.supercontigs.fna	GCA_032090395.1_ASM3209039v1_genomic.fna	85.2723	375	2084
NCPPB4602_scaffolds.fasta.supercontigs.fna	GCA_032069045.1_ASM3206904v1_genomic.fna	85.2619	1187	2084
NCPPB4602_scaffolds.fasta.supercontigs.fna	GCA_002432475.1_ASM243247v1_genomic.fna	85.2449	1116	2084
NCPPB4602_scaffolds.fasta.supercontigs.fna	GCA_016906285.1_ASM1690628v1_genomic.fna	85.1847	868	2084
NCPPB4602_scaffolds.fasta.supercontigs.fna	GCA_032065205.1_ASM3206520v1_genomic.fna	85.1594	481	2084
NCPPB4602_scaffolds.fasta.supercontigs.fna	GCA_017305495.1_ASM1730549v1_genomic.fna	85.016	489	2084
NCPPB4602_scaffolds.fasta.supercontigs.fna	GCA_031801495.1_ASM3180149v1_genomic.fna	82.6109	1073	2084
NCPPB4602_scaffolds.fasta.supercontigs.fna	GCA_025559845.1_ASM2555984v1_genomic.fna	82.2191	1088	2084
NCPPB4602_scaffolds.fasta.supercontigs.fna	GCA_005938205.1_ASM593820v1_genomic.fna	81.7122	1026	2084
NCPPB4602_scaffolds.fasta.supercontigs.fna	GCA_013390595.1_ASM1339059v1_genomic.fna	81.6826	1026	2084
NCPPB4602_scaffolds.fasta.supercontigs.fna	GCA_005144425.2_ASM514442v2_genomic.fna	81.6492	873	2084
NCPPB4602_scaffolds.fasta.supercontigs.fna	GCA_000739935.1_ASM73993v1_genomic.fna	81.6346	861	2084
NCPPB4602_scaffolds.fasta.supercontigs.fna	GCA_023512925.1_ASM2351292v1_genomic.fna	81.5778	855	2084
NCPPB4602_scaffolds.fasta.supercontigs.fna	GCA_017873055.1_ASM1787305v1_genomic.fna	81.5724	882	2084
NCPPB4602_scaffolds.fasta.supercontigs.fna	GCA_013321105.1_ASM1332110v1_genomic.fna	81.4829	773	2084
NCPPB4602_scaffolds.fasta.supercontigs.fna	GCA_013321145.1_ASM1332114v1_genomic.fna	81.4111	721	2084
NCPPB4602_scaffolds.fasta.supercontigs.fna	GCA_031981105.1_ASM3198110v1_genomic.fna	81.3327	800	2084
NCPPB4602_scaffolds.fasta.supercontigs.fna	GCA_013321775.1_ASM1332177v1_genomic.fna	81.3058	735	2084
NCPPB4602_scaffolds.fasta.supercontigs.fna	GCA_013321735.1_ASM1332173v1_genomic.fna	81.2905	735	2084
NCPPB4602_scaffolds.fasta.supercontigs.fna	GCA_013321375.1_ASM1332137v1_genomic.fna	81.2832	733	2084
NCPPB4602_scaffolds.fasta.supercontigs.fna	GCA_017584165.1_ASM1758416v1_genomic.fna	81.2375	831	2084
NCPPB4602_scaffolds.fasta.supercontigs.fna	GCA_013321715.1_ASM1332171v1_genomic.fna	81.1929	737	2084
NCPPB4602_scaffolds.fasta.supercontigs.fna	GCA_013320995.1_ASM1332099v1_genomic.fna	81.1837	736	2084
NCPPB4602_scaffolds.fasta.supercontigs.fna	GCA_013321565.1_ASM1332156v1_genomic.fna	81.1721	738	2084
NCPPB4602_scaffolds.fasta.supercontigs.fna	GCA_013321035.1_ASM1332103v1_genomic.fna	81.1504	739	2084
NCPPB4602_scaffolds.fasta.supercontigs.fna	GCA_013320905.1_ASM1332090v1_genomic.fna	81.1376	853	2084
NCPPB4602_scaffolds.fasta.supercontigs.fna	GCA_013320855.1_ASM1332085v1_genomic.fna	81.1356	855	2084
NCPPB4602_scaffolds.fasta.supercontigs.fna	GCA_013320835.1_ASM1332083v1_genomic.fna	81.1293	838	2084
NCPPB4602_scaffolds.fasta.supercontigs.fna	GCA_013321355.1_ASM1332135v1_genomic.fna	81.1267	747	2084
NCPPB4602_scaffolds.fasta.supercontigs.fna	GCA_013320925.1_ASM1332092v1_genomic.fna	81.1232	866	2084
NCPPB4602_scaffolds.fasta.supercontigs.fna	GCA_013321045.1_ASM1332104v1_genomic.fna	81.1165	745	2084
NCPPB4602_scaffolds.fasta.supercontigs.fna	GCA_013320895.1_ASM1332089v1_genomic.fna	81.1147	866	2084
NCPPB4602_scaffolds.fasta.supercontigs.fna	GCA_001692345.1_ASM169234v1_genomic.fna	81.1009	835	2084
NCPPB4602_scaffolds.fasta.supercontigs.fna	GCA_013320875.1_ASM1332087v1_genomic.fna	81.0744	869	2084
NCPPB4602_scaffolds.fasta.supercontigs.fna	GCA_013321305.1_ASM1332130v1_genomic.fna	81.0213	747	2084
NCPPB4602_scaffolds.fasta.supercontigs.fna	GCA_013321695.1_ASM1332169v1_genomic.fna	81.0194	754	2084
NCPPB4602_scaffolds.fasta.supercontigs.fna	GCA_013321295.1_ASM1332129v1_genomic.fna	81.004	749	2084
NCPPB4602_scaffolds.fasta.supercontigs.fna	GCA_013322085.1_ASM1332208v1_genomic.fna	80.9925	752	2084
NCPPB4602_scaffolds.fasta.supercontigs.fna	GCA_002915175.1_ASM291517v1_genomic.fna	80.9545	849	2084
NCPPB4602_scaffolds.fasta.supercontigs.fna	GCA_013320955.1_ASM1332095v1_genomic.fna	80.9457	733	2084
NCPPB4602_scaffolds.fasta.supercontigs.fna	GCA_017254855.1_ASM1725485v1_genomic.fna	80.9347	846	2084
NCPPB4602_scaffolds.fasta.supercontigs.fna	GCA_013322165.1_ASM1332216v1_genomic.fna	80.9254	731	2084
NCPPB4602_scaffolds.fasta.supercontigs.fna	GCA_013321745.1_ASM1332174v1_genomic.fna	80.8762	721	2084
NCPPB4602_scaffolds.fasta.supercontigs.fna	GCA_013322065.1_ASM1332206v1_genomic.fna	80.8733	718	2084
NCPPB4602_scaffolds.fasta.supercontigs.fna	GCA_001692155.1_ASM169215v1_genomic.fna	80.8721	725	2084
NCPPB4602_scaffolds.fasta.supercontigs.fna	GCA_013321315.1_ASM1332131v1_genomic.fna	80.8711	728	2084
NCPPB4602_scaffolds.fasta.supercontigs.fna	GCA_013321615.1_ASM1332161v1_genomic.fna	80.8626	716	2084
NCPPB4602_scaffolds.fasta.supercontigs.fna	GCA_013321175.1_ASM1332117v1_genomic.fna	80.8549	726	2084
NCPPB4602_scaffolds.fasta.supercontigs.fna	GCA_013322215.1_ASM1332221v1_genomic.fna	80.8416	740	2084
NCPPB4602_scaffolds.fasta.supercontigs.fna	GCA_013321985.1_ASM1332198v1_genomic.fna	80.8392	722	2084
NCPPB4602_scaffolds.fasta.supercontigs.fna	GCA_001692215.1_ASM169221v1_genomic.fna	80.8161	727	2084
NCPPB4602_scaffolds.fasta.supercontigs.fna	GCA_013321575.1_ASM1332157v1_genomic.fna	80.8149	725	2084
NCPPB4602_scaffolds.fasta.supercontigs.fna	GCA_013322175.1_ASM1332217v1_genomic.fna	80.8052	726	2084
NCPPB4602_scaffolds.fasta.supercontigs.fna	GCA_013321215.1_ASM1332121v1_genomic.fna	80.7865	730	2084
NCPPB4602_scaffolds.fasta.supercontigs.fna	GCA_013321935.1_ASM1332193v1_genomic.fna	80.7811	744	2084
NCPPB4602_scaffolds.fasta.supercontigs.fna	GCA_013322135.1_ASM1332213v1_genomic.fna	80.7774	744	2084
NCPPB4602_scaffolds.fasta.supercontigs.fna	GCA_013321475.1_ASM1332147v1_genomic.fna	80.7682	738	2084
NCPPB4602_scaffolds.fasta.supercontigs.fna	GCA_013321635.1_ASM1332163v1_genomic.fna	80.7509	723	2084
NCPPB4602_scaffolds.fasta.supercontigs.fna	GCA_026622875.1_ASM2662287v1_genomic.fna	80.7397	727	2084
NCPPB4602_scaffolds.fasta.supercontigs.fna	GCA_013321975.1_ASM1332197v1_genomic.fna	80.7386	746	2084
NCPPB4602_scaffolds.fasta.supercontigs.fna	GCA_013321225.1_ASM1332122v1_genomic.fna	80.7217	736	2084
NCPPB4602_scaffolds.fasta.supercontigs.fna	GCA_013321425.1_ASM1332142v1_genomic.fna	80.7166	733	2084
NCPPB4602_scaffolds.fasta.supercontigs.fna	GCA_013321185.1_ASM1332118v1_genomic.fna	80.7096	743	2084
NCPPB4602_scaffolds.fasta.supercontigs.fna	GCA_013321905.1_ASM1332190v1_genomic.fna	80.708	733	2084
NCPPB4602_scaffolds.fasta.supercontigs.fna	GCA_013322155.1_ASM1332215v1_genomic.fna	80.6854	747	2084
NCPPB4602_scaffolds.fasta.supercontigs.fna	GCA_013321135.1_ASM1332113v1_genomic.fna	80.6749	736	2084
NCPPB4602_scaffolds.fasta.supercontigs.fna	GCA_013321505.1_ASM1332150v1_genomic.fna	80.6659	738	2084
NCPPB4602_scaffolds.fasta.supercontigs.fna	GCA_013321875.1_ASM1332187v1_genomic.fna	80.644	714	2084
NCPPB4602_scaffolds.fasta.supercontigs.fna	GCA_013321785.1_ASM1332178v1_genomic.fna	80.5862	711	2084
NCPPB4602_scaffolds.fasta.supercontigs.fna	GCA_036946515.1_ASM3694651v1_genomic.fna	80.5314	633	2084
NCPPB4602_scaffolds.fasta.supercontigs.fna	B6.scaffolds.fasta.supercontigs.fna	80.5303	854	2084
NCPPB4602_scaffolds.fasta.supercontigs.fna	GCA_005145045.1_ASM514504v1_genomic.fna	80.5176	862	2084
NCPPB4602_scaffolds.fasta.supercontigs.fna	GCA_000518585.1_ASM51858v1_genomic.fna	80.5053	850	2084
NCPPB4602_scaffolds.fasta.supercontigs.fna	GCA_023701915.1_ASM2370191v1_genomic.fna	80.4934	819	2084
NCPPB4602_scaffolds.fasta.supercontigs.fna	GCA_019355895.1_ASM1935589v1_genomic.fna	80.4535	876	2084
NCPPB4602_scaffolds.fasta.supercontigs.fna	GCA_013321415.1_ASM1332141v1_genomic.fna	80.4523	706	2084
NCPPB4602_scaffolds.fasta.supercontigs.fna	GCA_013321485.1_ASM1332148v1_genomic.fna	80.4309	706	2084
NCPPB4602_scaffolds.fasta.supercontigs.fna	GCA_031453325.1_ASM3145332v1_genomic.fna	80.4269	802	2084
NCPPB4602_scaffolds.fasta.supercontigs.fna	GCA_013321495.1_ASM1332149v1_genomic.fna	80.4256	723	2084
NCPPB4602_scaffolds.fasta.supercontigs.fna	GCA_004310285.1_ASM431028v1_genomic.fna	80.405	802	2084
NCPPB4602_scaffolds.fasta.supercontigs.fna	GCA_030803585.1_ASM3080358v1_genomic.fna	80.3884	774	2084
NCPPB4602_scaffolds.fasta.supercontigs.fna	GCA_033957645.1_ASM3395764v1_genomic.fna	80.3683	818	2084
NCPPB4602_scaffolds.fasta.supercontigs.fna	GCA_030819275.1_ASM3081927v1_genomic.fna	80.362	786	2084
NCPPB4602_scaffolds.fasta.supercontigs.fna	GCA_003075255.1_ASM307525v1_genomic.fna	80.34	804	2084
NCPPB4602_scaffolds.fasta.supercontigs.fna	GCA_001424245.1_Leaf155_genomic.fna	80.339	812	2084
NCPPB4602_scaffolds.fasta.supercontigs.fna	GCA_028674915.1_ASM2867491v1_genomic.fna	80.3327	778	2084
NCPPB4602_scaffolds.fasta.supercontigs.fna	GCA_001422245.1_Leaf262_genomic.fna	80.3323	794	2084
NCPPB4602_scaffolds.fasta.supercontigs.fna	GCA_036946285.1_ASM3694628v1_genomic.fna	80.3213	782	2084
NCPPB4602_scaffolds.fasta.supercontigs.fna	GCA_913776585.1_SP210_3_metabat2_genome_mining.10_genomic.fna	80.3159	751	2084
NCPPB4602_scaffolds.fasta.supercontigs.fna	GCA_003075215.1_ASM307521v1_genomic.fna	80.3138	800	2084
NCPPB4602_scaffolds.fasta.supercontigs.fna	GCA_009498485.1_ASM949848v1_genomic.fna	80.3131	805	2084
NCPPB4602_scaffolds.fasta.supercontigs.fna	GCA_030819035.1_ASM3081903v1_genomic.fna	80.3034	808	2084
NCPPB4602_scaffolds.fasta.supercontigs.fna	GCA_021310995.1_ASM2131099v1_genomic.fna	80.2851	792	2084
NCPPB4602_scaffolds.fasta.supercontigs.fna	GCA_001427405.1_Root564_genomic.fna	80.2838	795	2084
NCPPB4602_scaffolds.fasta.supercontigs.fna	GCA_001421235.1_Leaf202_genomic.fna	80.2776	806	2084
NCPPB4602_scaffolds.fasta.supercontigs.fna	GCA_032055265.1_ASM3205526v1_genomic.fna	80.2735	819	2084
NCPPB4602_scaffolds.fasta.supercontigs.fna	GCA_009498505.1_ASM949850v1_genomic.fna	80.2683	697	2084
NCPPB4602_scaffolds.fasta.supercontigs.fna	GCA_036740375.1_ASM3674037v1_genomic.fna	80.2678	701	2084
NCPPB4602_scaffolds.fasta.supercontigs.fna	GCA_002915195.1_ASM291519v1_genomic.fna	80.2639	771	2084
NCPPB4602_scaffolds.fasta.supercontigs.fna	GCA_032093335.1_ASM3209333v1_genomic.fna	80.2619	773	2084
NCPPB4602_scaffolds.fasta.supercontigs.fna	GCA_013322225.1_ASM1332222v1_genomic.fna	80.259	750	2084
NCPPB4602_scaffolds.fasta.supercontigs.fna	GCA_036946395.1_ASM3694639v1_genomic.fna	80.2468	620	2084
NCPPB4602_scaffolds.fasta.supercontigs.fna	GCA_001421985.1_Leaf68_genomic.fna	80.2439	810	2084
NCPPB4602_scaffolds.fasta.supercontigs.fna	GCA_030209855.1_ASM3020985v1_genomic.fna	80.236	797	2084
NCPPB4602_scaffolds.fasta.supercontigs.fna	GCA_021310975.1_ASM2131097v1_genomic.fna	80.2217	810	2084
NCPPB4602_scaffolds.fasta.supercontigs.fna	GCA_000485295.1_ASM48529v1_genomic.fna	80.2125	104	2084
NCPPB4602_scaffolds.fasta.supercontigs.fna	GCA_032064985.1_ASM3206498v1_genomic.fna	80.2033	776	2084
NCPPB4602_scaffolds.fasta.supercontigs.fna	GCA_032097865.1_ASM3209786v1_genomic.fna	80.2015	798	2084
NCPPB4602_scaffolds.fasta.supercontigs.fna	GCA_032058725.1_ASM3205872v1_genomic.fna	80.195	785	2084
NCPPB4602_scaffolds.fasta.supercontigs.fna	GCA_013321555.1_ASM1332155v1_genomic.fna	80.1948	703	2084
NCPPB4602_scaffolds.fasta.supercontigs.fna	GCA_920984715.1_Leaf167_v1_genomic.fna	80.1925	808	2084
NCPPB4602_scaffolds.fasta.supercontigs.fna	GCA_008682375.1_ASM868237v1_genomic.fna	80.1616	705	2084
NCPPB4602_scaffolds.fasta.supercontigs.fna	GCA_007679885.1_ASM767988v1_genomic.fna	80.156	817	2084
NCPPB4602_scaffolds.fasta.supercontigs.fna	GCA_900100645.1_Agro2_genomic.fna	80.1487	809	2084
NCPPB4602_scaffolds.fasta.supercontigs.fna	GCA_037722385.1_ASM3772238v1_genomic.fna	80.144	747	2084
NCPPB4602_scaffolds.fasta.supercontigs.fna	GCA_007679845.1_ASM767984v1_genomic.fna	80.1399	817	2084
NCPPB4602_scaffolds.fasta.supercontigs.fna	GCA_033957765.1_ASM3395776v1_genomic.fna	80.1133	849	2084
NCPPB4602_scaffolds.fasta.supercontigs.fna	GCA_008501885.1_ASM850188v1_genomic.fna	80.1042	786	2084
NCPPB4602_scaffolds.fasta.supercontigs.fna	GCA_033957625.1_ASM3395762v1_genomic.fna	80.1038	799	2084
NCPPB4602_scaffolds.fasta.supercontigs.fna	GCA_013322015.1_ASM1332201v1_genomic.fna	80.1014	707	2084
NCPPB4602_scaffolds.fasta.supercontigs.fna	GCA_009498795.1_ASM949879v1_genomic.fna	80.0889	792	2084
NCPPB4602_scaffolds.fasta.supercontigs.fna	GCA_030070225.1_ASM3007022v1_genomic.fna	80.0603	709	2084
NCPPB4602_scaffolds.fasta.supercontigs.fna	GCA_008501895.1_ASM850189v1_genomic.fna	80.0564	798	2084
NCPPB4602_scaffolds.fasta.supercontigs.fna	GCA_013321835.1_ASM1332183v1_genomic.fna	80.042	706	2084
NCPPB4602_scaffolds.fasta.supercontigs.fna	GCA_033957845.1_ASM3395784v1_genomic.fna	80.0218	798	2084
NCPPB4602_scaffolds.fasta.supercontigs.fna	GCA_900100825.1_Agro1_genomic.fna	80.0174	786	2084
NCPPB4602_scaffolds.fasta.supercontigs.fna	GCA_013321865.1_ASM1332186v1_genomic.fna	80.0004	709	2084
NCPPB4602_scaffolds.fasta.supercontigs.fna	GCA_000016265.1_ASM1626v1_genomic.fna	79.9906	715	2084
NCPPB4602_scaffolds.fasta.supercontigs.fna	GCA_017584205.1_ASM1758420v1_genomic.fna	79.9845	725	2084
NCPPB4602_scaffolds.fasta.supercontigs.fna	GCA_014196515.1_ASM1419651v1_genomic.fna	79.941	688	2084
NCPPB4602_scaffolds.fasta.supercontigs.fna	GCA_913777885.1_SP301_2_metabat2_genome_mining.7_genomic.fna	79.9396	701	2084
NCPPB4602_scaffolds.fasta.supercontigs.fna	GCA_023757665.1_ASM2375766v1_genomic.fna	79.9277	690	2084
NCPPB4602_scaffolds.fasta.supercontigs.fna	GCA_001562555.1_ASM156255v1_genomic.fna	79.9169	720	2084
NCPPB4602_scaffolds.fasta.supercontigs.fna	GCA_913778305.1_SP139_1_metabat2_genome_mining.21_genomic.fna	79.9156	467	2084
NCPPB4602_scaffolds.fasta.supercontigs.fna	GCA_913775055.1_S1C92728_SP213_genomic.fna	79.9148	641	2084
NCPPB4602_scaffolds.fasta.supercontigs.fna	GCA_014842165.1_ASM1484216v1_genomic.fna	79.9085	722	2084
NCPPB4602_scaffolds.fasta.supercontigs.fna	GCA_014842115.1_ASM1484211v1_genomic.fna	79.9069	723	2084
NCPPB4602_scaffolds.fasta.supercontigs.fna	GCA_039207355.1_ASM3920735v1_genomic.fna	79.9027	788	2084
NCPPB4602_scaffolds.fasta.supercontigs.fna	GCA_913777615.1_S2C17652_SP166_genomic.fna	79.8974	707	2084
NCPPB4602_scaffolds.fasta.supercontigs.fna	GCA_913774395.1_maxbin_SP92_3.016_sub_genomic.fna	79.8898	100	2084
NCPPB4602_scaffolds.fasta.supercontigs.fna	GCA_913775015.1_S1C108396_SP36_genomic.fna	79.8888	702	2084
NCPPB4602_scaffolds.fasta.supercontigs.fna	GCA_013321655.1_ASM1332165v1_genomic.fna	79.8885	694	2084
NCPPB4602_scaffolds.fasta.supercontigs.fna	GCA_013321665.1_ASM1332166v1_genomic.fna	79.8733	694	2084
NCPPB4602_scaffolds.fasta.supercontigs.fna	GCA_913774535.1_S2C7865_SP61_genomic.fna	79.8579	695	2084
NCPPB4602_scaffolds.fasta.supercontigs.fna	GCA_013320815.1_ASM1332081v1_genomic.fna	79.8464	729	2084
NCPPB4602_scaffolds.fasta.supercontigs.fna	GCA_002896715.1_ASM289671v1_genomic.fna	79.8341	707	2084
NCPPB4602_scaffolds.fasta.supercontigs.fna	GCA_913775385.1_SP133_3_metabat2_genome_mining.7_sub_genomic.fna	79.8083	460	2084
NCPPB4602_scaffolds.fasta.supercontigs.fna	GCA_033957725.1_ASM3395772v1_genomic.fna	79.805	721	2084
NCPPB4602_scaffolds.fasta.supercontigs.fna	GCA_007002785.1_ASM700278v1_genomic.fna	79.801	723	2084
NCPPB4602_scaffolds.fasta.supercontigs.fna	GCA_913774075.1_S2C4820_SP77_genomic.fna	79.7829	680	2084
NCPPB4602_scaffolds.fasta.supercontigs.fna	GCA_009744255.1_ASM974425v1_genomic.fna	79.7676	560	2084
NCPPB4602_scaffolds.fasta.supercontigs.fna	GCA_913776705.1_SP282_3_metabat2_genome_mining.31_sub_genomic.fna	79.7614	634	2084
NCPPB4602_scaffolds.fasta.supercontigs.fna	GCA_001423445.1_Leaf311_genomic.fna	79.7493	740	2084
NCPPB4602_scaffolds.fasta.supercontigs.fna	GCA_000834635.1_ASM83463v1_genomic.fna	79.7365	730	2084
NCPPB4602_scaffolds.fasta.supercontigs.fna	GCA_913777645.1_maxbin_SP149_3.011_sub_cleaned_genomic.fna	79.7339	505	2084
NCPPB4602_scaffolds.fasta.supercontigs.fna	GCA_913775465.1_SP123_3_metabat2_genome_mining.23_genomic.fna	79.7336	588	2084
NCPPB4602_scaffolds.fasta.supercontigs.fna	GCA_913774095.1_maxbin_SP106_1.016_cleaned_genomic.fna	79.7259	526	2084
NCPPB4602_scaffolds.fasta.supercontigs.fna	GCA_913775815.1_SP128_1_metabat2_genome_mining.6_genomic.fna	79.7119	493	2084
NCPPB4602_scaffolds.fasta.supercontigs.fna	GCA_913774465.1_maxbin_SP149_1.012_cleaned_genomic.fna	79.7041	495	2084
NCPPB4602_scaffolds.fasta.supercontigs.fna	GCA_022802995.1_ASM2280299v1_genomic.fna	79.6712	739	2084
NCPPB4602_scaffolds.fasta.supercontigs.fna	GCA_030209845.1_ASM3020984v1_genomic.fna	79.6612	725	2084
NCPPB4602_scaffolds.fasta.supercontigs.fna	GCA_009744155.1_ASM974415v1_genomic.fna	79.6421	569	2084
NCPPB4602_scaffolds.fasta.supercontigs.fna	GCA_031843705.1_ASM3184370v1_genomic.fna	79.6405	728	2084
NCPPB4602_scaffolds.fasta.supercontigs.fna	GCA_031843725.1_ASM3184372v1_genomic.fna	79.6399	733	2084
NCPPB4602_scaffolds.fasta.supercontigs.fna	GCA_913778615.1_SP80_3_metabat2_genome_mining.16_sub_genomic.fna	79.6142	445	2084
NCPPB4602_scaffolds.fasta.supercontigs.fna	GCA_913775415.1_SP310_2_metabat2_genome_mining.9_genomic.fna	79.584	497	2084
NCPPB4602_scaffolds.fasta.supercontigs.fna	GCA_026672545.1_ASM2667254v1_genomic.fna	79.5719	662	2084
NCPPB4602_scaffolds.fasta.supercontigs.fna	GCA_029601685.1_ASM2960168v1_genomic.fna	79.5646	668	2084
NCPPB4602_scaffolds.fasta.supercontigs.fna	GCA_913777405.1_maxbin_SP71_3.011_cleaned_genomic.fna	79.554	71	2084
NCPPB4602_scaffolds.fasta.supercontigs.fna	GCA_013321455.1_ASM1332145v1_genomic.fna	79.5388	688	2084
NCPPB4602_scaffolds.fasta.supercontigs.fna	GCA_913777785.1_SP167_3_metabat2_genome_mining.6_genomic.fna	79.5381	333	2084
NCPPB4602_scaffolds.fasta.supercontigs.fna	GCA_913777215.1_SP112_2_metabat2_genome_mining.16_genomic.fna	79.5246	265	2084
NCPPB4602_scaffolds.fasta.supercontigs.fna	GCA_014926405.2_ASM1492640v2_genomic.fna	79.5169	584	2084
NCPPB4602_scaffolds.fasta.supercontigs.fna	GCA_013321855.1_ASM1332185v1_genomic.fna	79.4933	700	2084
NCPPB4602_scaffolds.fasta.supercontigs.fna	GCA_013321255.1_ASM1332125v1_genomic.fna	79.4775	693	2084
NCPPB4602_scaffolds.fasta.supercontigs.fna	GCA_032092815.1_ASM3209281v1_genomic.fna	79.4526	642	2084
NCPPB4602_scaffolds.fasta.supercontigs.fna	GCA_029193765.2_ASM2919376v2_genomic.fna	79.4407	660	2084
NCPPB4602_scaffolds.fasta.supercontigs.fna	GCA_032057865.1_ASM3205786v1_genomic.fna	79.4244	653	2084
NCPPB4602_scaffolds.fasta.supercontigs.fna	GCA_913777485.1_SP210_2_metabat2_genome_mining.13_genomic.fna	79.42	444	2084
NCPPB4602_scaffolds.fasta.supercontigs.fna	GCA_009744055.1_ASM974405v1_genomic.fna	79.4198	575	2084
NCPPB4602_scaffolds.fasta.supercontigs.fna	GCA_012276985.1_ASM1227698v1_genomic.fna	79.4194	636	2084
NCPPB4602_scaffolds.fasta.supercontigs.fna	GCA_018760785.1_ASM1876078v1_genomic.fna	79.4077	705	2084
NCPPB4602_scaffolds.fasta.supercontigs.fna	GCA_023701975.1_ASM2370197v1_genomic.fna	79.407	572	2084
NCPPB4602_scaffolds.fasta.supercontigs.fna	GCA_007002995.1_ASM700299v1_genomic.fna	79.4018	688	2084
NCPPB4602_scaffolds.fasta.supercontigs.fna	GCA_013322025.1_ASM1332202v1_genomic.fna	79.3995	701	2084
NCPPB4602_scaffolds.fasta.supercontigs.fna	GCA_007002985.1_ASM700298v1_genomic.fna	79.3846	675	2084
NCPPB4602_scaffolds.fasta.supercontigs.fna	GCA_000282095.2_Rhizobium.strCF080_v2.0_genomic.fna	79.3831	721	2084
NCPPB4602_scaffolds.fasta.supercontigs.fna	GCA_000696095.1_ASM69609v1_genomic.fna	79.3823	694	2084
NCPPB4602_scaffolds.fasta.supercontigs.fna	GCA_013321365.1_ASM1332136v1_genomic.fna	79.3654	693	2084
NCPPB4602_scaffolds.fasta.supercontigs.fna	GCA_000271785.1_ASM27178v1_genomic.fna	79.3644	707	2084
NCPPB4602_scaffolds.fasta.supercontigs.fna	GCA_009744235.1_ASM974423v1_genomic.fna	79.3502	573	2084
NCPPB4602_scaffolds.fasta.supercontigs.fna	GCA_014196505.1_ASM1419650v1_genomic.fna	79.3475	589	2084
NCPPB4602_scaffolds.fasta.supercontigs.fna	GCA_017741935.1_ASM1774193v1_genomic.fna	79.3388	652	2084
NCPPB4602_scaffolds.fasta.supercontigs.fna	GCA_009744215.1_ASM974421v1_genomic.fna	79.332	574	2084
NCPPB4602_scaffolds.fasta.supercontigs.fna	GCA_019430945.1_ASM1943094v1_genomic.fna	79.3191	692	2084
NCPPB4602_scaffolds.fasta.supercontigs.fna	GCA_019511445.1_ASM1951144v1_genomic.fna	79.3154	667	2084
NCPPB4602_scaffolds.fasta.supercontigs.fna	GCA_024810055.1_ASM2481005v1_genomic.fna	79.3059	642	2084
NCPPB4602_scaffolds.fasta.supercontigs.fna	GCA_007004135.1_ASM700413v1_genomic.fna	79.3039	663	2084
NCPPB4602_scaffolds.fasta.supercontigs.fna	GCA_013321955.1_ASM1332195v1_genomic.fna	79.3035	658	2084
NCPPB4602_scaffolds.fasta.supercontigs.fna	GCA_013408035.1_ASM1340803v1_genomic.fna	79.3033	701	2084
NCPPB4602_scaffolds.fasta.supercontigs.fna	GCA_014194405.1_ASM1419440v1_genomic.fna	79.2952	702	2084
NCPPB4602_scaffolds.fasta.supercontigs.fna	GCA_028994275.1_ASM2899427v1_genomic.fna	79.294	582	2084
NCPPB4602_scaffolds.fasta.supercontigs.fna	GCA_001187535.1_ASM118753v1_genomic.fna	79.2859	688	2084
NCPPB4602_scaffolds.fasta.supercontigs.fna	GCA_030053015.1_ASM3005301v1_genomic.fna	79.2854	629	2084
NCPPB4602_scaffolds.fasta.supercontigs.fna	GCA_028613695.1_ASM2861369v1_genomic.fna	79.2807	664	2084
NCPPB4602_scaffolds.fasta.supercontigs.fna	GCA_913777305.1_SP350_3_metabat2_genome_mining.18_sub_genomic.fna	79.2785	482	2084
NCPPB4602_scaffolds.fasta.supercontigs.fna	GCA_006802085.1_ASM680208v1_genomic.fna	79.2731	662	2084
NCPPB4602_scaffolds.fasta.supercontigs.fna	GCA_030323265.1_ASM3032326v1_genomic.fna	79.2723	652	2084
NCPPB4602_scaffolds.fasta.supercontigs.fna	GCA_013391665.1_ASM1339166v1_genomic.fna	79.272	660	2084
NCPPB4602_scaffolds.fasta.supercontigs.fna	GCA_007002955.1_ASM700295v1_genomic.fna	79.2701	660	2084
NCPPB4602_scaffolds.fasta.supercontigs.fna	GCA_010668875.1_ASM1066887v1_genomic.fna	79.269	716	2084
NCPPB4602_scaffolds.fasta.supercontigs.fna	GCA_001424985.1_Root1212_genomic.fna	79.2667	607	2084
NCPPB4602_scaffolds.fasta.supercontigs.fna	GCA_013322075.1_ASM1332207v1_genomic.fna	79.2656	665	2084
NCPPB4602_scaffolds.fasta.supercontigs.fna	GCA_014198005.1_ASM1419800v1_genomic.fna	79.2631	660	2084
NCPPB4602_scaffolds.fasta.supercontigs.fna	GCA_017357305.1_ASM1735730v1_genomic.fna	79.2538	711	2084
NCPPB4602_scaffolds.fasta.supercontigs.fna	GCA_002933635.1_ASM293363v1_genomic.fna	79.2498	638	2084
NCPPB4602_scaffolds.fasta.supercontigs.fna	GCA_023701965.1_ASM2370196v1_genomic.fna	79.2498	658	2084
NCPPB4602_scaffolds.fasta.supercontigs.fna	GCA_001428925.1_Root268_genomic.fna	79.2477	607	2084
NCPPB4602_scaffolds.fasta.supercontigs.fna	GCA_012276335.1_ASM1227633v1_genomic.fna	79.2464	705	2084
NCPPB4602_scaffolds.fasta.supercontigs.fna	GCA_000385155.1_ASM38515v1_genomic.fna	79.2451	693	2084
NCPPB4602_scaffolds.fasta.supercontigs.fna	GCA_014200055.1_ASM1420005v1_genomic.fna	79.2433	676	2084
NCPPB4602_scaffolds.fasta.supercontigs.fna	GCA_019799385.1_ASM1979938v1_genomic.fna	79.2409	672	2084
NCPPB4602_scaffolds.fasta.supercontigs.fna	GCA_014197955.1_ASM1419795v1_genomic.fna	79.2407	672	2084
NCPPB4602_scaffolds.fasta.supercontigs.fna	GCA_014198705.1_ASM1419870v1_genomic.fna	79.2405	665	2084
NCPPB4602_scaffolds.fasta.supercontigs.fna	GCA_020224115.1_ASM2022411v1_genomic.fna	79.2403	683	2084
NCPPB4602_scaffolds.fasta.supercontigs.fna	GCA_000377565.1_ASM37756v1_genomic.fna	79.2393	640	2084
NCPPB4602_scaffolds.fasta.supercontigs.fna	GCA_013391685.1_ASM1339168v1_genomic.fna	79.2376	661	2084
NCPPB4602_scaffolds.fasta.supercontigs.fna	GCA_030053135.1_ASM3005313v1_genomic.fna	79.237	675	2084
NCPPB4602_scaffolds.fasta.supercontigs.fna	GCA_013391705.1_ASM1339170v1_genomic.fna	79.2338	659	2084
NCPPB4602_scaffolds.fasta.supercontigs.fna	GCA_000705135.2_Draft_genome_assembly_of_Agrobacterium_rhizogenes_ATCC15834_genomic.fna	79.2328	672	2084
NCPPB4602_scaffolds.fasta.supercontigs.fna	GCA_014198015.1_ASM1419801v1_genomic.fna	79.2299	667	2084
NCPPB4602_scaffolds.fasta.supercontigs.fna	GCA_014198795.1_ASM1419879v1_genomic.fna	79.2294	672	2084
NCPPB4602_scaffolds.fasta.supercontigs.fna	GCA_900156005.1_IMG-taxon_2708742418_annotated_assembly_genomic.fna	79.2288	723	2084
NCPPB4602_scaffolds.fasta.supercontigs.fna	GCA_028548195.1_ASM2854819v1_genomic.fna	79.2272	655	2084
NCPPB4602_scaffolds.fasta.supercontigs.fna	GCA_029504675.1_ASM2950467v1_genomic.fna	79.2268	671	2084
NCPPB4602_scaffolds.fasta.supercontigs.fna	GCA_002211295.1_ASM221129v1_genomic.fna	79.2264	691	2084
NCPPB4602_scaffolds.fasta.supercontigs.fna	GCA_014198355.1_ASM1419835v1_genomic.fna	79.2247	672	2084
NCPPB4602_scaffolds.fasta.supercontigs.fna	GCA_014851585.1_ASM1485158v1_genomic.fna	79.2208	653	2084
NCPPB4602_scaffolds.fasta.supercontigs.fna	GCA_019799155.1_ASM1979915v1_genomic.fna	79.217	676	2084
NCPPB4602_scaffolds.fasta.supercontigs.fna	GCA_019799405.1_ASM1979940v1_genomic.fna	79.217	673	2084
NCPPB4602_scaffolds.fasta.supercontigs.fna	GCA_028994075.1_ASM2899407v1_genomic.fna	79.2158	592	2084
NCPPB4602_scaffolds.fasta.supercontigs.fna	GCA_012276355.1_ASM1227635v1_genomic.fna	79.2139	694	2084
NCPPB4602_scaffolds.fasta.supercontigs.fna	GCA_017348875.1_ASM1734887v1_genomic.fna	79.212	674	2084
NCPPB4602_scaffolds.fasta.supercontigs.fna	GCA_943914655.1_EF2K2tUHTW_bin.7.MAG_genomic.fna	79.2103	155	2084
NCPPB4602_scaffolds.fasta.supercontigs.fna	GCA_014200075.1_ASM1420007v1_genomic.fna	79.2068	672	2084
NCPPB4602_scaffolds.fasta.supercontigs.fna	GCA_021052345.1_ASM2105234v1_genomic.fna	79.2057	669	2084
NCPPB4602_scaffolds.fasta.supercontigs.fna	GCA_016864575.1_ASM1686457v1_genomic.fna	79.2054	668	2084
NCPPB4602_scaffolds.fasta.supercontigs.fna	GCA_010365265.1_ASM1036526v1_genomic.fna	79.2046	685	2084
NCPPB4602_scaffolds.fasta.supercontigs.fna	GCA_002531755.2_ASM253175v2_genomic.fna	79.2002	681	2084
NCPPB4602_scaffolds.fasta.supercontigs.fna	GCA_012276195.1_ASM1227619v1_genomic.fna	79.1982	673	2084
NCPPB4602_scaffolds.fasta.supercontigs.fna	GCA_019798905.1_ASM1979890v1_genomic.fna	79.1954	677	2084
NCPPB4602_scaffolds.fasta.supercontigs.fna	GCA_014207035.1_ASM1420703v1_genomic.fna	79.1936	675	2084
NCPPB4602_scaffolds.fasta.supercontigs.fna	GCA_014198335.1_ASM1419833v1_genomic.fna	79.1917	669	2084
NCPPB4602_scaffolds.fasta.supercontigs.fna	GCA_012276245.1_ASM1227624v1_genomic.fna	79.1907	677	2084
NCPPB4602_scaffolds.fasta.supercontigs.fna	GCA_019799525.1_ASM1979952v1_genomic.fna	79.1876	670	2084
NCPPB4602_scaffolds.fasta.supercontigs.fna	GCA_913777705.1_maxbin_SP71_1.009_cleaned_genomic.fna	79.1857	60	2084
NCPPB4602_scaffolds.fasta.supercontigs.fna	GCA_012276085.1_ASM1227608v1_genomic.fna	79.1854	711	2084
NCPPB4602_scaffolds.fasta.supercontigs.fna	GCA_004016565.1_ASM401656v1_genomic.fna	79.1821	687	2084
NCPPB4602_scaffolds.fasta.supercontigs.fna	GCA_019799605.1_ASM1979960v1_genomic.fna	79.1733	704	2084
NCPPB4602_scaffolds.fasta.supercontigs.fna	GCA_030053155.1_ASM3005315v1_genomic.fna	79.1693	689	2084
NCPPB4602_scaffolds.fasta.supercontigs.fna	GCA_019799585.1_ASM1979958v1_genomic.fna	79.1682	670	2084
NCPPB4602_scaffolds.fasta.supercontigs.fna	GCA_001854685.1_ASM185468v1_genomic.fna	79.1675	683	2084
NCPPB4602_scaffolds.fasta.supercontigs.fna	GCA_018138105.1_ASM1813810v1_genomic.fna	79.1645	682	2084
NCPPB4602_scaffolds.fasta.supercontigs.fna	GCA_028613575.1_ASM2861357v1_genomic.fna	79.1626	664	2084
NCPPB4602_scaffolds.fasta.supercontigs.fna	GCA_029369725.1_ASM2936972v1_genomic.fna	79.1622	592	2084
NCPPB4602_scaffolds.fasta.supercontigs.fna	GCA_001896825.1_ASM189682v1_genomic.fna	79.1614	533	2084
NCPPB4602_scaffolds.fasta.supercontigs.fna	GCA_002338015.1_ASM233801v1_genomic.fna	79.1596	560	2084
NCPPB4602_scaffolds.fasta.supercontigs.fna	GCA_019799615.1_ASM1979961v1_genomic.fna	79.1586	690	2084
NCPPB4602_scaffolds.fasta.supercontigs.fna	GCA_014194185.1_ASM1419418v1_genomic.fna	79.1581	677	2084
NCPPB4602_scaffolds.fasta.supercontigs.fna	GCA_000172795.2_ASM17279v2_genomic.fna	79.1576	690	2084
NCPPB4602_scaffolds.fasta.supercontigs.fna	GCA_012276025.1_ASM1227602v1_genomic.fna	79.157	690	2084
NCPPB4602_scaffolds.fasta.supercontigs.fna	GCA_000300855.1_ASM30085v1_genomic.fna	79.1558	547	2084
NCPPB4602_scaffolds.fasta.supercontigs.fna	GCA_025152725.1_ASM2515272v1_genomic.fna	79.1553	635	2084
NCPPB4602_scaffolds.fasta.supercontigs.fna	GCA_014205785.1_ASM1420578v1_genomic.fna	79.1551	682	2084
NCPPB4602_scaffolds.fasta.supercontigs.fna	GCA_014641515.1_ASM1464151v1_genomic.fna	79.1551	665	2084
NCPPB4602_scaffolds.fasta.supercontigs.fna	GCA_014195095.1_ASM1419509v1_genomic.fna	79.1549	686	2084
NCPPB4602_scaffolds.fasta.supercontigs.fna	GCA_003985205.1_ASM398520v1_genomic.fna	79.1506	695	2084
NCPPB4602_scaffolds.fasta.supercontigs.fna	GCA_004305095.1_ASM430509v1_genomic.fna	79.1502	686	2084
NCPPB4602_scaffolds.fasta.supercontigs.fna	GCA_014200035.1_ASM1420003v1_genomic.fna	79.1495	688	2084
NCPPB4602_scaffolds.fasta.supercontigs.fna	GCA_000372205.1_ASM37220v1_genomic.fna	79.1481	692	2084
NCPPB4602_scaffolds.fasta.supercontigs.fna	GCA_001297245.1_ASM129724v1_genomic.fna	79.1452	681	2084
NCPPB4602_scaffolds.fasta.supercontigs.fna	GCA_014197475.1_ASM1419747v1_genomic.fna	79.1444	673	2084
NCPPB4602_scaffolds.fasta.supercontigs.fna	GCA_014197615.1_ASM1419761v1_genomic.fna	79.1443	673	2084
NCPPB4602_scaffolds.fasta.supercontigs.fna	GCA_017741815.1_ASM1774181v1_genomic.fna	79.1441	689	2084
NCPPB4602_scaffolds.fasta.supercontigs.fna	GCA_013321075.1_ASM1332107v1_genomic.fna	79.1434	675	2084
NCPPB4602_scaffolds.fasta.supercontigs.fna	GCA_001692285.1_ASM169228v1_genomic.fna	79.1421	654	2084
NCPPB4602_scaffolds.fasta.supercontigs.fna	GCA_004306305.1_ASM430630v1_genomic.fna	79.1401	680	2084
NCPPB4602_scaffolds.fasta.supercontigs.fna	GCA_019799695.1_ASM1979969v1_genomic.fna	79.1397	689	2084
NCPPB4602_scaffolds.fasta.supercontigs.fna	GCA_001664205.1_ASM166420v1_genomic.fna	79.1394	666	2084
NCPPB4602_scaffolds.fasta.supercontigs.fna	GCA_019799255.1_ASM1979925v1_genomic.fna	79.1391	705	2084
NCPPB4602_scaffolds.fasta.supercontigs.fna	GCA_002531725.1_ASM253172v1_genomic.fna	79.1389	700	2084
NCPPB4602_scaffolds.fasta.supercontigs.fna	GCA_024346605.1_ASM2434660v1_genomic.fna	79.1381	709	2084
NCPPB4602_scaffolds.fasta.supercontigs.fna	GCA_004304055.1_ASM430405v1_genomic.fna	79.1371	696	2084
NCPPB4602_scaffolds.fasta.supercontigs.fna	GCA_019799245.1_ASM1979924v1_genomic.fna	79.1366	682	2084
NCPPB4602_scaffolds.fasta.supercontigs.fna	GCA_010668345.1_ASM1066834v1_genomic.fna	79.1358	709	2084
NCPPB4602_scaffolds.fasta.supercontigs.fna	GCA_017741865.1_ASM1774186v1_genomic.fna	79.1348	688	2084
NCPPB4602_scaffolds.fasta.supercontigs.fna	GCA_002211285.1_ASM221128v1_genomic.fna	79.134	688	2084
NCPPB4602_scaffolds.fasta.supercontigs.fna	GCA_004305075.1_ASM430507v1_genomic.fna	79.1327	670	2084
NCPPB4602_scaffolds.fasta.supercontigs.fna	GCA_019798845.1_ASM1979884v1_genomic.fna	79.1319	686	2084
NCPPB4602_scaffolds.fasta.supercontigs.fna	GCA_019799725.1_ASM1979972v1_genomic.fna	79.1312	682	2084
NCPPB4602_scaffolds.fasta.supercontigs.fna	GCA_019799665.1_ASM1979966v1_genomic.fna	79.1302	671	2084
NCPPB4602_scaffolds.fasta.supercontigs.fna	GCA_003205195.1_ASM320519v1_genomic.fna	79.128	547	2084
NCPPB4602_scaffolds.fasta.supercontigs.fna	GCA_019799555.1_ASM1979955v1_genomic.fna	79.1275	669	2084
NCPPB4602_scaffolds.fasta.supercontigs.fna	GCA_004305255.1_ASM430525v1_genomic.fna	79.1249	669	2084
NCPPB4602_scaffolds.fasta.supercontigs.fna	GCA_019798265.1_ASM1979826v1_genomic.fna	79.1246	675	2084
NCPPB4602_scaffolds.fasta.supercontigs.fna	GCA_003400125.1_ASM340012v1_genomic.fna	79.124	671	2084
NCPPB4602_scaffolds.fasta.supercontigs.fna	GCA_019799505.1_ASM1979950v1_genomic.fna	79.1238	685	2084
NCPPB4602_scaffolds.fasta.supercontigs.fna	GCA_001664485.1_ASM166448v1_genomic.fna	79.123	685	2084
NCPPB4602_scaffolds.fasta.supercontigs.fna	GCA_003400105.1_ASM340010v1_genomic.fna	79.1224	694	2084
NCPPB4602_scaffolds.fasta.supercontigs.fna	GCA_019799205.1_ASM1979920v1_genomic.fna	79.1183	673	2084
NCPPB4602_scaffolds.fasta.supercontigs.fna	GCA_019779495.1_ASM1977949v1_genomic.fna	79.1177	682	2084
NCPPB4602_scaffolds.fasta.supercontigs.fna	GCA_900155885.1_IMG-taxon_2708742416_annotated_assembly_genomic.fna	79.1173	529	2084
NCPPB4602_scaffolds.fasta.supercontigs.fna	GCA_023701945.1_ASM2370194v1_genomic.fna	79.1156	671	2084
NCPPB4602_scaffolds.fasta.supercontigs.fna	GCA_012276485.1_ASM1227648v1_genomic.fna	79.1153	700	2084
NCPPB4602_scaffolds.fasta.supercontigs.fna	GCA_002600635.1_ASM260063v1_genomic.fna	79.1148	653	2084
NCPPB4602_scaffolds.fasta.supercontigs.fna	GCA_004307045.1_ASM430704v1_genomic.fna	79.1146	700	2084
NCPPB4602_scaffolds.fasta.supercontigs.fna	GCA_012275615.1_ASM1227561v1_genomic.fna	79.1144	685	2084
NCPPB4602_scaffolds.fasta.supercontigs.fna	GCA_025200775.1_ASM2520077v1_genomic.fna	79.114	633	2084
NCPPB4602_scaffolds.fasta.supercontigs.fna	GCA_004303315.1_ASM430331v1_genomic.fna	79.114	685	2084
NCPPB4602_scaffolds.fasta.supercontigs.fna	GCA_019779735.1_ASM1977973v1_genomic.fna	79.1139	674	2084
NCPPB4602_scaffolds.fasta.supercontigs.fna	GCA_012276275.1_ASM1227627v1_genomic.fna	79.1132	690	2084
NCPPB4602_scaffolds.fasta.supercontigs.fna	GCA_004305685.1_ASM430568v1_genomic.fna	79.1104	681	2084
NCPPB4602_scaffolds.fasta.supercontigs.fna	GCA_000373325.1_ASM37332v1_genomic.fna	79.1101	670	2084
NCPPB4602_scaffolds.fasta.supercontigs.fna	GCA_001927265.3_ASM192726v3_genomic.fna	79.1097	666	2084
NCPPB4602_scaffolds.fasta.supercontigs.fna	GCA_012276155.1_ASM1227615v1_genomic.fna	79.1086	688	2084
NCPPB4602_scaffolds.fasta.supercontigs.fna	GCA_004329975.1_ASM432997v1_genomic.fna	79.107	701	2084
NCPPB4602_scaffolds.fasta.supercontigs.fna	GCA_004304125.1_ASM430412v1_genomic.fna	79.1054	687	2084
NCPPB4602_scaffolds.fasta.supercontigs.fna	GCA_002240185.1_ASM224018v1_genomic.fna	79.1044	681	2084
NCPPB4602_scaffolds.fasta.supercontigs.fna	GCA_014198735.1_ASM1419873v1_genomic.fna	79.1044	692	2084
NCPPB4602_scaffolds.fasta.supercontigs.fna	GCA_004304235.1_ASM430423v1_genomic.fna	79.1031	687	2084
NCPPB4602_scaffolds.fasta.supercontigs.fna	GCA_004307025.1_ASM430702v1_genomic.fna	79.1026	684	2084
NCPPB4602_scaffolds.fasta.supercontigs.fna	GCA_000271845.1_ASM27184v1_genomic.fna	79.1025	673	2084
NCPPB4602_scaffolds.fasta.supercontigs.fna	GCA_019779935.1_ASM1977993v1_genomic.fna	79.1021	675	2084
NCPPB4602_scaffolds.fasta.supercontigs.fna	GCA_003150695.1_ASM315069v1_genomic.fna	79.1017	689	2084
NCPPB4602_scaffolds.fasta.supercontigs.fna	GCA_001675095.1_ASM167509v1_genomic.fna	79.1014	682	2084
NCPPB4602_scaffolds.fasta.supercontigs.fna	GCA_012276365.1_ASM1227636v1_genomic.fna	79.1006	676	2084
NCPPB4602_scaffolds.fasta.supercontigs.fna	GCA_016901135.1_ASM1690113v1_genomic.fna	79.1004	594	2084
NCPPB4602_scaffolds.fasta.supercontigs.fna	GCA_001664305.1_ASM166430v1_genomic.fna	79.1001	654	2084
NCPPB4602_scaffolds.fasta.supercontigs.fna	GCA_019799045.1_ASM1979904v1_genomic.fna	79.0998	685	2084
NCPPB4602_scaffolds.fasta.supercontigs.fna	GCA_031456945.1_ASM3145694v1_genomic.fna	79.0989	581	2084
NCPPB4602_scaffolds.fasta.supercontigs.fna	GCA_012276115.1_ASM1227611v1_genomic.fna	79.0984	681	2084
NCPPB4602_scaffolds.fasta.supercontigs.fna	GCA_019778965.1_ASM1977896v1_genomic.fna	79.0979	680	2084
NCPPB4602_scaffolds.fasta.supercontigs.fna	GCA_019799845.1_ASM1979984v1_genomic.fna	79.0968	669	2084
NCPPB4602_scaffolds.fasta.supercontigs.fna	GCA_034419375.1_ASM3441937v1_genomic.fna	79.0956	663	2084
NCPPB4602_scaffolds.fasta.supercontigs.fna	GCA_004305175.1_ASM430517v1_genomic.fna	79.0952	674	2084
NCPPB4602_scaffolds.fasta.supercontigs.fna	GCA_945952045.1_SRR9109403_bin.1_metaWRAP_v1.3_MAG_genomic.fna	79.0952	579	2084
NCPPB4602_scaffolds.fasta.supercontigs.fna	GCA_019799105.1_ASM1979910v1_genomic.fna	79.0946	680	2084
NCPPB4602_scaffolds.fasta.supercontigs.fna	GCA_001541345.2_ASM154134v2_genomic.fna	79.0943	528	2084
NCPPB4602_scaffolds.fasta.supercontigs.fna	GCA_014197375.1_ASM1419737v1_genomic.fna	79.0942	715	2084
NCPPB4602_scaffolds.fasta.supercontigs.fna	GCA_002245285.1_ASM224528v1_genomic.fna	79.0937	695	2084
NCPPB4602_scaffolds.fasta.supercontigs.fna	GCA_019798825.1_ASM1979882v1_genomic.fna	79.0936	688	2084
NCPPB4602_scaffolds.fasta.supercontigs.fna	GCA_004305625.1_ASM430562v1_genomic.fna	79.0932	693	2084
NCPPB4602_scaffolds.fasta.supercontigs.fna	GCA_001664165.1_ASM166416v1_genomic.fna	79.0932	655	2084
NCPPB4602_scaffolds.fasta.supercontigs.fna	GCA_008501865.1_ASM850186v1_genomic.fna	79.093	519	2084
NCPPB4602_scaffolds.fasta.supercontigs.fna	GCA_004330175.1_ASM433017v1_genomic.fna	79.0925	670	2084
NCPPB4602_scaffolds.fasta.supercontigs.fna	GCA_003058385.1_ASM305838v1_genomic.fna	79.0922	686	2084
NCPPB4602_scaffolds.fasta.supercontigs.fna	GCA_019798465.1_ASM1979846v1_genomic.fna	79.0918	637	2084
NCPPB4602_scaffolds.fasta.supercontigs.fna	GCA_019798385.1_ASM1979838v1_genomic.fna	79.0915	651	2084
NCPPB4602_scaffolds.fasta.supercontigs.fna	GCA_004303775.1_ASM430377v1_genomic.fna	79.0911	696	2084
NCPPB4602_scaffolds.fasta.supercontigs.fna	GCA_012276125.1_ASM1227612v1_genomic.fna	79.091	704	2084
NCPPB4602_scaffolds.fasta.supercontigs.fna	GCA_014194165.1_ASM1419416v1_genomic.fna	79.0905	669	2084
NCPPB4602_scaffolds.fasta.supercontigs.fna	GCA_004305455.1_ASM430545v1_genomic.fna	79.0904	661	2084
NCPPB4602_scaffolds.fasta.supercontigs.fna	GCA_003610655.1_ASM361065v1_genomic.fna	79.0897	558	2084
NCPPB4602_scaffolds.fasta.supercontigs.fna	GCA_004330655.1_ASM433065v1_genomic.fna	79.0894	666	2084
NCPPB4602_scaffolds.fasta.supercontigs.fna	GCA_004306835.1_ASM430683v1_genomic.fna	79.0893	691	2084
NCPPB4602_scaffolds.fasta.supercontigs.fna	GCA_010668635.1_ASM1066863v1_genomic.fna	79.0886	686	2084
NCPPB4602_scaffolds.fasta.supercontigs.fna	GCA_019798885.1_ASM1979888v1_genomic.fna	79.0871	683	2084
NCPPB4602_scaffolds.fasta.supercontigs.fna	GCA_010668125.1_ASM1066812v1_genomic.fna	79.0869	681	2084
NCPPB4602_scaffolds.fasta.supercontigs.fna	GCA_004330535.1_ASM433053v1_genomic.fna	79.0866	684	2084
NCPPB4602_scaffolds.fasta.supercontigs.fna	GCA_021462655.1_ASM2146265v1_genomic.fna	79.0863	535	2084
NCPPB4602_scaffolds.fasta.supercontigs.fna	GCA_021391715.1_ASM2139171v1_genomic.fna	79.086	678	2084
NCPPB4602_scaffolds.fasta.supercontigs.fna	GCA_012276175.1_ASM1227617v1_genomic.fna	79.0849	703	2084
NCPPB4602_scaffolds.fasta.supercontigs.fna	GCA_014198695.1_ASM1419869v1_genomic.fna	79.0848	688	2084
NCPPB4602_scaffolds.fasta.supercontigs.fna	GCA_030380805.1_ASM3038080v1_genomic.fna	79.0845	637	2084
NCPPB4602_scaffolds.fasta.supercontigs.fna	GCA_004305795.1_ASM430579v1_genomic.fna	79.0842	665	2084
NCPPB4602_scaffolds.fasta.supercontigs.fna	GCA_004305305.1_ASM430530v1_genomic.fna	79.0841	667	2084
NCPPB4602_scaffolds.fasta.supercontigs.fna	GCA_001664145.1_ASM166414v1_genomic.fna	79.0839	653	2084
NCPPB4602_scaffolds.fasta.supercontigs.fna	GCA_001664225.1_ASM166422v1_genomic.fna	79.0837	664	2084
NCPPB4602_scaffolds.fasta.supercontigs.fna	GCA_010668165.1_ASM1066816v1_genomic.fna	79.0836	688	2084
NCPPB4602_scaffolds.fasta.supercontigs.fna	GCA_012276475.1_ASM1227647v1_genomic.fna	79.0832	674	2084
NCPPB4602_scaffolds.fasta.supercontigs.fna	GCA_004306705.1_ASM430670v1_genomic.fna	79.0828	679	2084
NCPPB4602_scaffolds.fasta.supercontigs.fna	GCA_012276075.1_ASM1227607v1_genomic.fna	79.0824	705	2084
NCPPB4602_scaffolds.fasta.supercontigs.fna	GCA_014202125.1_ASM1420212v1_genomic.fna	79.0814	688	2084
NCPPB4602_scaffolds.fasta.supercontigs.fna	GCA_014194495.1_ASM1419449v1_genomic.fna	79.0812	665	2084
NCPPB4602_scaffolds.fasta.supercontigs.fna	GCA_019798165.1_ASM1979816v1_genomic.fna	79.0809	697	2084
NCPPB4602_scaffolds.fasta.supercontigs.fna	GCA_013322055.1_ASM1332205v1_genomic.fna	79.0809	607	2084
NCPPB4602_scaffolds.fasta.supercontigs.fna	GCA_004304255.1_ASM430425v1_genomic.fna	79.0808	691	2084
NCPPB4602_scaffolds.fasta.supercontigs.fna	GCA_004330105.1_ASM433010v1_genomic.fna	79.0805	684	2084
NCPPB4602_scaffolds.fasta.supercontigs.fna	GCA_019799765.1_ASM1979976v1_genomic.fna	79.0804	688	2084
NCPPB4602_scaffolds.fasta.supercontigs.fna	GCA_016864595.1_ASM1686459v1_genomic.fna	79.0801	647	2084
NCPPB4602_scaffolds.fasta.supercontigs.fna	GCA_013321095.1_ASM1332109v1_genomic.fna	79.08	667	2084
NCPPB4602_scaffolds.fasta.supercontigs.fna	GCA_019798235.1_ASM1979823v1_genomic.fna	79.0792	668	2084
NCPPB4602_scaffolds.fasta.supercontigs.fna	GCA_004303545.1_ASM430354v1_genomic.fna	79.0791	674	2084
NCPPB4602_scaffolds.fasta.supercontigs.fna	GCA_004305595.1_ASM430559v1_genomic.fna	79.0786	666	2084
NCPPB4602_scaffolds.fasta.supercontigs.fna	GCA_019799345.1_ASM1979934v1_genomic.fna	79.0784	668	2084
NCPPB4602_scaffolds.fasta.supercontigs.fna	GCA_004305265.1_ASM430526v1_genomic.fna	79.078	685	2084
NCPPB4602_scaffolds.fasta.supercontigs.fna	GCA_004306815.1_ASM430681v1_genomic.fna	79.0777	703	2084
NCPPB4602_scaffolds.fasta.supercontigs.fna	GCA_019793465.1_ASM1979346v1_genomic.fna	79.0763	681	2084
NCPPB4602_scaffolds.fasta.supercontigs.fna	GCA_014198095.1_ASM1419809v1_genomic.fna	79.0763	686	2084
NCPPB4602_scaffolds.fasta.supercontigs.fna	GCA_001664105.1_ASM166410v1_genomic.fna	79.0758	665	2084
NCPPB4602_scaffolds.fasta.supercontigs.fna	GCA_014201355.1_ASM1420135v1_genomic.fna	79.0756	667	2084
NCPPB4602_scaffolds.fasta.supercontigs.fna	GCA_918741265.1_Rhizobium_sp_CECT_9324_HGAP4_Prokka_genomic.fna	79.0748	591	2084
NCPPB4602_scaffolds.fasta.supercontigs.fna	GCA_005222845.1_ASM522284v1_genomic.fna	79.0747	606	2084
NCPPB4602_scaffolds.fasta.supercontigs.fna	GCA_004305935.1_ASM430593v1_genomic.fna	79.074	694	2084
NCPPB4602_scaffolds.fasta.supercontigs.fna	GCA_001713475.1_ASM171347v1_genomic.fna	79.0736	522	2084
NCPPB4602_scaffolds.fasta.supercontigs.fna	GCA_020224055.1_ASM2022405v1_genomic.fna	79.0721	663	2084
NCPPB4602_scaffolds.fasta.supercontigs.fna	GCA_004305495.1_ASM430549v1_genomic.fna	79.072	685	2084
NCPPB4602_scaffolds.fasta.supercontigs.fna	GCA_004304935.1_ASM430493v1_genomic.fna	79.0719	660	2084
NCPPB4602_scaffolds.fasta.supercontigs.fna	GCA_004330725.1_ASM433072v1_genomic.fna	79.0716	690	2084
NCPPB4602_scaffolds.fasta.supercontigs.fna	GCA_013591995.1_ASM1359199v1_genomic.fna	79.0713	702	2084
NCPPB4602_scaffolds.fasta.supercontigs.fna	GCA_004305235.1_ASM430523v1_genomic.fna	79.0711	676	2084
NCPPB4602_scaffolds.fasta.supercontigs.fna	GCA_004304775.1_ASM430477v1_genomic.fna	79.0709	681	2084
NCPPB4602_scaffolds.fasta.supercontigs.fna	GCA_013087625.1_ASM1308762v1_genomic.fna	79.07	665	2084
NCPPB4602_scaffolds.fasta.supercontigs.fna	GCA_014194355.1_ASM1419435v1_genomic.fna	79.0699	671	2084
NCPPB4602_scaffolds.fasta.supercontigs.fna	GCA_014198195.1_ASM1419819v1_genomic.fna	79.0698	698	2084
NCPPB4602_scaffolds.fasta.supercontigs.fna	GCA_003400085.1_ASM340008v1_genomic.fna	79.0684	678	2084
NCPPB4602_scaffolds.fasta.supercontigs.fna	GCA_019778865.1_ASM1977886v1_genomic.fna	79.0679	670	2084
NCPPB4602_scaffolds.fasta.supercontigs.fna	GCA_004306875.1_ASM430687v1_genomic.fna	79.0676	688	2084
NCPPB4602_scaffolds.fasta.supercontigs.fna	GCA_019778925.1_ASM1977892v1_genomic.fna	79.0672	686	2084
NCPPB4602_scaffolds.fasta.supercontigs.fna	GCA_002355115.1_ASM235511v1_genomic.fna	79.067	654	2084
NCPPB4602_scaffolds.fasta.supercontigs.fna	GCA_004304755.1_ASM430475v1_genomic.fna	79.0663	683	2084
NCPPB4602_scaffolds.fasta.supercontigs.fna	GCA_019799545.1_ASM1979954v1_genomic.fna	79.0662	680	2084
NCPPB4602_scaffolds.fasta.supercontigs.fna	GCA_029894065.1_ASM2989406v1_genomic.fna	79.0659	644	2084
NCPPB4602_scaffolds.fasta.supercontigs.fna	GCA_009905715.1_ASM990571v1_genomic.fna	79.0657	531	2084
NCPPB4602_scaffolds.fasta.supercontigs.fna	GCA_004303615.1_ASM430361v1_genomic.fna	79.0657	689	2084
NCPPB4602_scaffolds.fasta.supercontigs.fna	GCA_004305315.1_ASM430531v1_genomic.fna	79.0654	690	2084
NCPPB4602_scaffolds.fasta.supercontigs.fna	GCA_004306055.1_ASM430605v1_genomic.fna	79.0651	680	2084
NCPPB4602_scaffolds.fasta.supercontigs.fna	GCA_019799285.1_ASM1979928v1_genomic.fna	79.0648	676	2084
NCPPB4602_scaffolds.fasta.supercontigs.fna	GCA_033842645.1_ASM3384264v1_genomic.fna	79.0648	701	2084
NCPPB4602_scaffolds.fasta.supercontigs.fna	GCA_014189635.1_ASM1418963v1_genomic.fna	79.0642	667	2084
NCPPB4602_scaffolds.fasta.supercontigs.fna	GCA_001423425.1_Leaf306_genomic.fna	79.0634	569	2084
NCPPB4602_scaffolds.fasta.supercontigs.fna	GCA_004330075.1_ASM433007v1_genomic.fna	79.0633	676	2084
NCPPB4602_scaffolds.fasta.supercontigs.fna	GCA_004330625.1_ASM433062v1_genomic.fna	79.0631	653	2084
NCPPB4602_scaffolds.fasta.supercontigs.fna	GCA_001675075.1_ASM167507v1_genomic.fna	79.063	690	2084
NCPPB4602_scaffolds.fasta.supercontigs.fna	GCA_010668055.1_ASM1066805v1_genomic.fna	79.0628	665	2084
NCPPB4602_scaffolds.fasta.supercontigs.fna	GCA_004322915.1_ASM432291v1_genomic.fna	79.0623	686	2084
NCPPB4602_scaffolds.fasta.supercontigs.fna	GCA_014194235.1_ASM1419423v1_genomic.fna	79.0617	658	2084
NCPPB4602_scaffolds.fasta.supercontigs.fna	GCA_014194475.1_ASM1419447v1_genomic.fna	79.0615	694	2084
NCPPB4602_scaffolds.fasta.supercontigs.fna	GCA_002531935.1_ASM253193v1_genomic.fna	79.0614	720	2084
NCPPB4602_scaffolds.fasta.supercontigs.fna	GCA_004306675.1_ASM430667v1_genomic.fna	79.0604	679	2084
NCPPB4602_scaffolds.fasta.supercontigs.fna	GCA_019799825.1_ASM1979982v1_genomic.fna	79.0591	686	2084
NCPPB4602_scaffolds.fasta.supercontigs.fna	GCA_004305435.1_ASM430543v1_genomic.fna	79.0587	681	2084
NCPPB4602_scaffolds.fasta.supercontigs.fna	GCA_014194585.1_ASM1419458v1_genomic.fna	79.0583	691	2084
NCPPB4602_scaffolds.fasta.supercontigs.fna	GCA_014198755.1_ASM1419875v1_genomic.fna	79.0581	684	2084
NCPPB4602_scaffolds.fasta.supercontigs.fna	GCA_013004155.1_ASM1300415v1_genomic.fna	79.0579	629	2084
NCPPB4602_scaffolds.fasta.supercontigs.fna	GCA_036964825.1_ASM3696482v1_genomic.fna	79.0578	653	2084
NCPPB4602_scaffolds.fasta.supercontigs.fna	GCA_004305615.1_ASM430561v1_genomic.fna	79.0577	683	2084
NCPPB4602_scaffolds.fasta.supercontigs.fna	GCA_011604525.1_ASM1160452v1_genomic.fna	79.0577	669	2084
NCPPB4602_scaffolds.fasta.supercontigs.fna	GCA_019685125.1_ASM1968512v1_genomic.fna	79.0575	661	2084
NCPPB4602_scaffolds.fasta.supercontigs.fna	GCA_019779165.1_ASM1977916v1_genomic.fna	79.0574	678	2084
NCPPB4602_scaffolds.fasta.supercontigs.fna	GCA_001662105.1_ASM166210v1_genomic.fna	79.0572	659	2084
NCPPB4602_scaffolds.fasta.supercontigs.fna	GCA_004304375.1_ASM430437v1_genomic.fna	79.0569	667	2084
NCPPB4602_scaffolds.fasta.supercontigs.fna	GCA_012276505.1_ASM1227650v1_genomic.fna	79.0569	714	2084
NCPPB4602_scaffolds.fasta.supercontigs.fna	GCA_019798595.1_ASM1979859v1_genomic.fna	79.0568	689	2084
NCPPB4602_scaffolds.fasta.supercontigs.fna	GCA_000517045.1_ASM51704v1_genomic.fna	79.0566	674	2084
NCPPB4602_scaffolds.fasta.supercontigs.fna	GCA_004305365.1_ASM430536v1_genomic.fna	79.0556	676	2084
NCPPB4602_scaffolds.fasta.supercontigs.fna	GCA_004330205.1_ASM433020v1_genomic.fna	79.0555	678	2084
NCPPB4602_scaffolds.fasta.supercontigs.fna	GCA_004346285.1_ASM434628v1_genomic.fna	79.0552	686	2084
NCPPB4602_scaffolds.fasta.supercontigs.fna	GCA_019799055.1_ASM1979905v1_genomic.fna	79.055	669	2084
NCPPB4602_scaffolds.fasta.supercontigs.fna	GCA_036936735.1_ASM3693673v1_genomic.fna	79.0547	699	2084
NCPPB4602_scaffolds.fasta.supercontigs.fna	GCA_014237835.1_ASM1423783v1_genomic.fna	79.0546	528	2084
NCPPB4602_scaffolds.fasta.supercontigs.fna	GCA_019798665.1_ASM1979866v1_genomic.fna	79.0544	703	2084
NCPPB4602_scaffolds.fasta.supercontigs.fna	GCA_004304855.1_ASM430485v1_genomic.fna	79.0543	675	2084
NCPPB4602_scaffolds.fasta.supercontigs.fna	GCA_019778835.1_ASM1977883v1_genomic.fna	79.0542	683	2084
NCPPB4602_scaffolds.fasta.supercontigs.fna	GCA_014198605.1_ASM1419860v1_genomic.fna	79.0541	682	2084
NCPPB4602_scaffolds.fasta.supercontigs.fna	GCA_004306915.1_ASM430691v1_genomic.fna	79.0538	686	2084
NCPPB4602_scaffolds.fasta.supercontigs.fna	GCA_004306355.1_ASM430635v1_genomic.fna	79.0536	698	2084
NCPPB4602_scaffolds.fasta.supercontigs.fna	GCA_012275795.1_ASM1227579v1_genomic.fna	79.0531	689	2084
NCPPB4602_scaffolds.fasta.supercontigs.fna	GCA_017357285.1_ASM1735728v1_genomic.fna	79.0527	679	2084
NCPPB4602_scaffolds.fasta.supercontigs.fna	GCA_010668195.1_ASM1066819v1_genomic.fna	79.0515	665	2084
NCPPB4602_scaffolds.fasta.supercontigs.fna	GCA_019798145.1_ASM1979814v1_genomic.fna	79.051	694	2084
NCPPB4602_scaffolds.fasta.supercontigs.fna	GCA_002531635.1_ASM253163v1_genomic.fna	79.0509	708	2084
NCPPB4602_scaffolds.fasta.supercontigs.fna	GCA_004304435.1_ASM430443v1_genomic.fna	79.0506	680	2084
NCPPB4602_scaffolds.fasta.supercontigs.fna	GCA_004305195.1_ASM430519v1_genomic.fna	79.0504	676	2084
NCPPB4602_scaffolds.fasta.supercontigs.fna	GCA_008919455.1_ASM891945v1_genomic.fna	79.0502	654	2084
NCPPB4602_scaffolds.fasta.supercontigs.fna	GCA_019685025.1_ASM1968502v1_genomic.fna	79.05	645	2084
NCPPB4602_scaffolds.fasta.supercontigs.fna	GCA_004303145.1_ASM430314v1_genomic.fna	79.0498	676	2084
NCPPB4602_scaffolds.fasta.supercontigs.fna	GCA_019798805.1_ASM1979880v1_genomic.fna	79.0497	695	2084
NCPPB4602_scaffolds.fasta.supercontigs.fna	GCA_004307165.1_ASM430716v1_genomic.fna	79.0497	681	2084
NCPPB4602_scaffolds.fasta.supercontigs.fna	GCA_000705615.1_CCGM1.1_genomic.fna	79.0493	677	2084
NCPPB4602_scaffolds.fasta.supercontigs.fna	GCA_004028065.1_ASM402806v1_genomic.fna	79.0493	662	2084
NCPPB4602_scaffolds.fasta.supercontigs.fna	GCA_014194525.1_ASM1419452v1_genomic.fna	79.0492	695	2084
NCPPB4602_scaffolds.fasta.supercontigs.fna	GCA_019779705.1_ASM1977970v1_genomic.fna	79.0491	675	2084
NCPPB4602_scaffolds.fasta.supercontigs.fna	GCA_036936805.1_ASM3693680v1_genomic.fna	79.049	701	2084
NCPPB4602_scaffolds.fasta.supercontigs.fna	GCA_014198155.1_ASM1419815v1_genomic.fna	79.0489	633	2084
NCPPB4602_scaffolds.fasta.supercontigs.fna	GCA_000427945.1_ASM42794v1_genomic.fna	79.0487	674	2084
NCPPB4602_scaffolds.fasta.supercontigs.fna	GCA_019779025.1_ASM1977902v1_genomic.fna	79.0478	680	2084
NCPPB4602_scaffolds.fasta.supercontigs.fna	GCA_012276545.1_ASM1227654v1_genomic.fna	79.0476	674	2084
NCPPB4602_scaffolds.fasta.supercontigs.fna	GCA_031457345.1_ASM3145734v1_genomic.fna	79.0475	637	2084
NCPPB4602_scaffolds.fasta.supercontigs.fna	GCA_002531825.1_ASM253182v1_genomic.fna	79.047	712	2084
NCPPB4602_scaffolds.fasta.supercontigs.fna	GCA_004305005.1_ASM430500v1_genomic.fna	79.0466	672	2084
NCPPB4602_scaffolds.fasta.supercontigs.fna	GCA_010668735.1_ASM1066873v1_genomic.fna	79.046	688	2084
NCPPB4602_scaffolds.fasta.supercontigs.fna	GCA_019798955.1_ASM1979895v1_genomic.fna	79.0458	690	2084
NCPPB4602_scaffolds.fasta.supercontigs.fna	GCA_019685115.1_ASM1968511v1_genomic.fna	79.0456	660	2084
NCPPB4602_scaffolds.fasta.supercontigs.fna	GCA_004304665.1_ASM430466v1_genomic.fna	79.0455	669	2084
NCPPB4602_scaffolds.fasta.supercontigs.fna	GCA_943372805.1_JJ-MO7B3-363-6-mx-bin703_genomic.fna	79.0455	498	2084
NCPPB4602_scaffolds.fasta.supercontigs.fna	GCA_004303685.1_ASM430368v1_genomic.fna	79.0453	702	2084
NCPPB4602_scaffolds.fasta.supercontigs.fna	GCA_000268285.2_RPHCH2410v2_genomic.fna	79.0451	651	2084
NCPPB4602_scaffolds.fasta.supercontigs.fna	GCA_019684895.1_ASM1968489v1_genomic.fna	79.0451	621	2084
NCPPB4602_scaffolds.fasta.supercontigs.fna	GCA_010668905.1_ASM1066890v1_genomic.fna	79.045	690	2084
NCPPB4602_scaffolds.fasta.supercontigs.fna	GCA_014197405.1_ASM1419740v1_genomic.fna	79.0446	710	2084
NCPPB4602_scaffolds.fasta.supercontigs.fna	GCA_001890425.1_ASM189042v1_genomic.fna	79.0443	701	2084
NCPPB4602_scaffolds.fasta.supercontigs.fna	GCA_019778805.1_ASM1977880v1_genomic.fna	79.0441	663	2084
NCPPB4602_scaffolds.fasta.supercontigs.fna	GCA_002211305.1_ASM221130v1_genomic.fna	79.0441	703	2084
NCPPB4602_scaffolds.fasta.supercontigs.fna	GCA_004306925.1_ASM430692v1_genomic.fna	79.0439	698	2084
NCPPB4602_scaffolds.fasta.supercontigs.fna	GCA_010668785.1_ASM1066878v1_genomic.fna	79.0439	690	2084
NCPPB4602_scaffolds.fasta.supercontigs.fna	GCA_019779145.1_ASM1977914v1_genomic.fna	79.0437	681	2084
NCPPB4602_scaffolds.fasta.supercontigs.fna	GCA_014194485.1_ASM1419448v1_genomic.fna	79.0437	687	2084
NCPPB4602_scaffolds.fasta.supercontigs.fna	GCA_002531955.1_ASM253195v1_genomic.fna	79.0437	708	2084
NCPPB4602_scaffolds.fasta.supercontigs.fna	GCA_004306885.1_ASM430688v1_genomic.fna	79.0436	693	2084
NCPPB4602_scaffolds.fasta.supercontigs.fna	GCA_004304465.1_ASM430446v1_genomic.fna	79.0434	681	2084
NCPPB4602_scaffolds.fasta.supercontigs.fna	GCA_019778885.1_ASM1977888v1_genomic.fna	79.0434	688	2084
NCPPB4602_scaffolds.fasta.supercontigs.fna	GCA_019684995.1_ASM1968499v1_genomic.fna	79.0433	622	2084
NCPPB4602_scaffolds.fasta.supercontigs.fna	GCA_004330135.1_ASM433013v1_genomic.fna	79.0433	678	2084
NCPPB4602_scaffolds.fasta.supercontigs.fna	GCA_019799425.1_ASM1979942v1_genomic.fna	79.0428	698	2084
NCPPB4602_scaffolds.fasta.supercontigs.fna	GCA_003025035.1_ASM302503v1_genomic.fna	79.0425	509	2084
NCPPB4602_scaffolds.fasta.supercontigs.fna	GCA_014198445.1_ASM1419844v1_genomic.fna	79.0424	634	2084
NCPPB4602_scaffolds.fasta.supercontigs.fna	GCA_000419705.1_ASM41970v1_genomic.fna	79.0417	686	2084
NCPPB4602_scaffolds.fasta.supercontigs.fna	GCA_004330005.1_ASM433000v1_genomic.fna	79.0417	700	2084
NCPPB4602_scaffolds.fasta.supercontigs.fna	GCA_016806065.1_ASM1680606v1_genomic.fna	79.0413	520	2084
NCPPB4602_scaffolds.fasta.supercontigs.fna	GCA_004330015.1_ASM433001v1_genomic.fna	79.0406	680	2084
NCPPB4602_scaffolds.fasta.supercontigs.fna	GCA_004305575.1_ASM430557v1_genomic.fna	79.0399	691	2084
NCPPB4602_scaffolds.fasta.supercontigs.fna	GCA_012275915.1_ASM1227591v1_genomic.fna	79.0397	684	2084
NCPPB4602_scaffolds.fasta.supercontigs.fna	GCA_019778765.1_ASM1977876v1_genomic.fna	79.0393	707	2084
NCPPB4602_scaffolds.fasta.supercontigs.fna	GCA_010668805.1_ASM1066880v1_genomic.fna	79.0387	652	2084
NCPPB4602_scaffolds.fasta.supercontigs.fna	GCA_010668355.1_ASM1066835v1_genomic.fna	79.0379	661	2084
NCPPB4602_scaffolds.fasta.supercontigs.fna	GCA_004307125.1_ASM430712v1_genomic.fna	79.0378	677	2084
NCPPB4602_scaffolds.fasta.supercontigs.fna	GCA_004303915.1_ASM430391v1_genomic.fna	79.0375	690	2084
NCPPB4602_scaffolds.fasta.supercontigs.fna	GCA_014189655.1_ASM1418965v1_genomic.fna	79.0372	688	2084
NCPPB4602_scaffolds.fasta.supercontigs.fna	GCA_004303995.1_ASM430399v1_genomic.fna	79.0368	667	2084
NCPPB4602_scaffolds.fasta.supercontigs.fna	GCA_019799225.1_ASM1979922v1_genomic.fna	79.0367	681	2084
NCPPB4602_scaffolds.fasta.supercontigs.fna	GCA_009498525.1_ASM949852v1_genomic.fna	79.0366	676	2084
NCPPB4602_scaffolds.fasta.supercontigs.fna	GCA_013004185.1_ASM1300418v1_genomic.fna	79.0365	627	2084
NCPPB4602_scaffolds.fasta.supercontigs.fna	GCA_019798345.1_ASM1979834v1_genomic.fna	79.0364	696	2084
NCPPB4602_scaffolds.fasta.supercontigs.fna	GCA_019799465.1_ASM1979946v1_genomic.fna	79.0361	651	2084
NCPPB4602_scaffolds.fasta.supercontigs.fna	GCA_032464655.1_ASM3246465v1_genomic.fna	79.0359	676	2084
NCPPB4602_scaffolds.fasta.supercontigs.fna	GCA_004303335.1_ASM430333v1_genomic.fna	79.0359	703	2084
NCPPB4602_scaffolds.fasta.supercontigs.fna	GCA_031457185.1_ASM3145718v1_genomic.fna	79.0357	577	2084
NCPPB4602_scaffolds.fasta.supercontigs.fna	GCA_004305715.1_ASM430571v1_genomic.fna	79.0356	675	2084
NCPPB4602_scaffolds.fasta.supercontigs.fna	GCA_004305815.1_ASM430581v1_genomic.fna	79.0356	672	2084
NCPPB4602_scaffolds.fasta.supercontigs.fna	GCA_019778565.1_ASM1977856v1_genomic.fna	79.0356	672	2084
NCPPB4602_scaffolds.fasta.supercontigs.fna	GCA_004303465.1_ASM430346v1_genomic.fna	79.0347	659	2084
NCPPB4602_scaffolds.fasta.supercontigs.fna	GCA_019778655.1_ASM1977865v1_genomic.fna	79.0346	682	2084
NCPPB4602_scaffolds.fasta.supercontigs.fna	GCA_019684005.1_ASM1968400v1_genomic.fna	79.034	682	2084
NCPPB4602_scaffolds.fasta.supercontigs.fna	GCA_019798305.1_ASM1979830v1_genomic.fna	79.0339	649	2084
NCPPB4602_scaffolds.fasta.supercontigs.fna	GCA_004306715.1_ASM430671v1_genomic.fna	79.0333	691	2084
NCPPB4602_scaffolds.fasta.supercontigs.fna	GCA_004305025.1_ASM430502v1_genomic.fna	79.0331	677	2084
NCPPB4602_scaffolds.fasta.supercontigs.fna	GCA_013114765.1_ASM1311476v1_genomic.fna	79.033	538	2084
NCPPB4602_scaffolds.fasta.supercontigs.fna	GCA_902706095.1_n18065v0.1_genomic.fna	79.033	605	2084
NCPPB4602_scaffolds.fasta.supercontigs.fna	GCA_004304645.1_ASM430464v1_genomic.fna	79.0329	697	2084
NCPPB4602_scaffolds.fasta.supercontigs.fna	GCA_019778985.1_ASM1977898v1_genomic.fna	79.0326	696	2084
NCPPB4602_scaffolds.fasta.supercontigs.fna	GCA_004306425.1_ASM430642v1_genomic.fna	79.0325	696	2084
NCPPB4602_scaffolds.fasta.supercontigs.fna	GCA_004303135.1_ASM430313v1_genomic.fna	79.0324	685	2084
NCPPB4602_scaffolds.fasta.supercontigs.fna	GCA_019778435.1_ASM1977843v1_genomic.fna	79.0315	669	2084
NCPPB4602_scaffolds.fasta.supercontigs.fna	GCA_019798325.1_ASM1979832v1_genomic.fna	79.0306	706	2084
NCPPB4602_scaffolds.fasta.supercontigs.fna	GCA_004304955.1_ASM430495v1_genomic.fna	79.0305	667	2084
NCPPB4602_scaffolds.fasta.supercontigs.fna	GCA_004305485.1_ASM430548v1_genomic.fna	79.0305	677	2084
NCPPB4602_scaffolds.fasta.supercontigs.fna	GCA_004304965.1_ASM430496v1_genomic.fna	79.03	678	2084
NCPPB4602_scaffolds.fasta.supercontigs.fna	GCA_004304745.1_ASM430474v1_genomic.fna	79.03	676	2084
NCPPB4602_scaffolds.fasta.supercontigs.fna	GCA_004306805.1_ASM430680v1_genomic.fna	79.03	690	2084
NCPPB4602_scaffolds.fasta.supercontigs.fna	GCA_019793455.1_ASM1979345v1_genomic.fna	79.0296	686	2084
NCPPB4602_scaffolds.fasta.supercontigs.fna	GCA_014194375.1_ASM1419437v1_genomic.fna	79.0296	682	2084
NCPPB4602_scaffolds.fasta.supercontigs.fna	GCA_004322895.1_ASM432289v1_genomic.fna	79.0295	697	2084
NCPPB4602_scaffolds.fasta.supercontigs.fna	GCA_004306175.1_ASM430617v1_genomic.fna	79.0295	705	2084
NCPPB4602_scaffolds.fasta.supercontigs.fna	GCA_019798405.1_ASM1979840v1_genomic.fna	79.0289	642	2084
NCPPB4602_scaffolds.fasta.supercontigs.fna	GCA_021052325.1_ASM2105232v1_genomic.fna	79.0286	663	2084
NCPPB4602_scaffolds.fasta.supercontigs.fna	GCA_012275855.1_ASM1227585v1_genomic.fna	79.028	671	2084
NCPPB4602_scaffolds.fasta.supercontigs.fna	GCA_004304265.1_ASM430426v1_genomic.fna	79.028	687	2084
NCPPB4602_scaffolds.fasta.supercontigs.fna	GCA_014194315.1_ASM1419431v1_genomic.fna	79.028	655	2084
NCPPB4602_scaffolds.fasta.supercontigs.fna	GCA_002117725.1_ASM211772v1_genomic.fna	79.0276	647	2084
NCPPB4602_scaffolds.fasta.supercontigs.fna	GCA_019799185.1_ASM1979918v1_genomic.fna	79.0274	687	2084
NCPPB4602_scaffolds.fasta.supercontigs.fna	GCA_019779185.1_ASM1977918v1_genomic.fna	79.0271	697	2084
NCPPB4602_scaffolds.fasta.supercontigs.fna	GCA_014280875.1_ASM1428087v1_genomic.fna	79.0269	571	2084
NCPPB4602_scaffolds.fasta.supercontigs.fna	GCA_023006545.1_ASM2300654v1_genomic.fna	79.0267	649	2084
NCPPB4602_scaffolds.fasta.supercontigs.fna	GCA_004306065.1_ASM430606v1_genomic.fna	79.0266	690	2084
NCPPB4602_scaffolds.fasta.supercontigs.fna	GCA_019779485.1_ASM1977948v1_genomic.fna	79.0265	668	2084
NCPPB4602_scaffolds.fasta.supercontigs.fna	GCA_002531795.1_ASM253179v1_genomic.fna	79.0264	632	2084
NCPPB4602_scaffolds.fasta.supercontigs.fna	GCA_004305825.1_ASM430582v1_genomic.fna	79.0263	677	2084
NCPPB4602_scaffolds.fasta.supercontigs.fna	GCA_035921845.1_ASM3592184v1_genomic.fna	79.0262	679	2084
NCPPB4602_scaffolds.fasta.supercontigs.fna	GCA_010668865.1_ASM1066886v1_genomic.fna	79.026	688	2084
NCPPB4602_scaffolds.fasta.supercontigs.fna	GCA_004304735.1_ASM430473v1_genomic.fna	79.026	671	2084
NCPPB4602_scaffolds.fasta.supercontigs.fna	GCA_004305605.1_ASM430560v1_genomic.fna	79.0259	677	2084
NCPPB4602_scaffolds.fasta.supercontigs.fna	GCA_004306605.1_ASM430660v1_genomic.fna	79.0259	685	2084
NCPPB4602_scaffolds.fasta.supercontigs.fna	GCA_019799125.1_ASM1979912v1_genomic.fna	79.0258	693	2084
NCPPB4602_scaffolds.fasta.supercontigs.fna	GCA_019778485.1_ASM1977848v1_genomic.fna	79.0257	679	2084
NCPPB4602_scaffolds.fasta.supercontigs.fna	GCA_019799325.1_ASM1979932v1_genomic.fna	79.0253	681	2084
NCPPB4602_scaffolds.fasta.supercontigs.fna	GCA_000021345.1_ASM2134v1_genomic.fna	79.0253	689	2084
NCPPB4602_scaffolds.fasta.supercontigs.fna	GCA_007002795.1_ASM700279v1_genomic.fna	79.0252	672	2084
NCPPB4602_scaffolds.fasta.supercontigs.fna	GCA_014841925.1_ASM1484192v1_genomic.fna	79.0252	551	2084
NCPPB4602_scaffolds.fasta.supercontigs.fna	GCA_004303535.1_ASM430353v1_genomic.fna	79.0246	665	2084
NCPPB4602_scaffolds.fasta.supercontigs.fna	GCA_004330185.1_ASM433018v1_genomic.fna	79.0243	693	2084
NCPPB4602_scaffolds.fasta.supercontigs.fna	GCA_004305395.1_ASM430539v1_genomic.fna	79.0243	678	2084
NCPPB4602_scaffolds.fasta.supercontigs.fna	GCA_014050125.1_ASM1405012v1_genomic.fna	79.024	679	2084
NCPPB4602_scaffolds.fasta.supercontigs.fna	GCA_023006555.1_ASM2300655v1_genomic.fna	79.0239	657	2084
NCPPB4602_scaffolds.fasta.supercontigs.fna	GCA_019684975.1_ASM1968497v1_genomic.fna	79.0238	642	2084
NCPPB4602_scaffolds.fasta.supercontigs.fna	GCA_014197345.1_ASM1419734v1_genomic.fna	79.0237	699	2084
NCPPB4602_scaffolds.fasta.supercontigs.fna	GCA_001632995.1_ASM163299v1_genomic.fna	79.0233	689	2084
NCPPB4602_scaffolds.fasta.supercontigs.fna	GCA_019778795.1_ASM1977879v1_genomic.fna	79.0233	683	2084
NCPPB4602_scaffolds.fasta.supercontigs.fna	GCA_019798205.1_ASM1979820v1_genomic.fna	79.0233	694	2084
NCPPB4602_scaffolds.fasta.supercontigs.fna	GCA_014193175.1_ASM1419317v1_genomic.fna	79.0232	713	2084
NCPPB4602_scaffolds.fasta.supercontigs.fna	GCA_013321805.1_ASM1332180v1_genomic.fna	79.0231	654	2084
NCPPB4602_scaffolds.fasta.supercontigs.fna	GCA_004303245.1_ASM430324v1_genomic.fna	79.023	687	2084
NCPPB4602_scaffolds.fasta.supercontigs.fna	GCA_019779795.1_ASM1977979v1_genomic.fna	79.0218	663	2084
NCPPB4602_scaffolds.fasta.supercontigs.fna	GCA_019779465.1_ASM1977946v1_genomic.fna	79.0214	684	2084
NCPPB4602_scaffolds.fasta.supercontigs.fna	GCA_009650195.1_ASM965019v1_genomic.fna	79.0211	535	2084
NCPPB4602_scaffolds.fasta.supercontigs.fna	GCA_004330635.1_ASM433063v1_genomic.fna	79.0211	683	2084
NCPPB4602_scaffolds.fasta.supercontigs.fna	GCA_004304835.1_ASM430483v1_genomic.fna	79.021	679	2084
NCPPB4602_scaffolds.fasta.supercontigs.fna	GCA_010668145.1_ASM1066814v1_genomic.fna	79.0207	692	2084
NCPPB4602_scaffolds.fasta.supercontigs.fna	GCA_004306775.1_ASM430677v1_genomic.fna	79.02	676	2084
NCPPB4602_scaffolds.fasta.supercontigs.fna	GCA_002531645.1_ASM253164v1_genomic.fna	79.0198	694	2084
NCPPB4602_scaffolds.fasta.supercontigs.fna	GCA_036967165.1_ASM3696716v1_genomic.fna	79.0196	695	2084
NCPPB4602_scaffolds.fasta.supercontigs.fna	GCA_012275875.1_ASM1227587v1_genomic.fna	79.0196	671	2084
NCPPB4602_scaffolds.fasta.supercontigs.fna	GCA_004306325.1_ASM430632v1_genomic.fna	79.0193	696	2084
NCPPB4602_scaffolds.fasta.supercontigs.fna	GCA_004306455.1_ASM430645v1_genomic.fna	79.0192	692	2084
NCPPB4602_scaffolds.fasta.supercontigs.fna	GCA_010668585.1_ASM1066858v1_genomic.fna	79.0191	666	2084
NCPPB4602_scaffolds.fasta.supercontigs.fna	GCA_013004195.1_ASM1300419v1_genomic.fna	79.0188	671	2084
NCPPB4602_scaffolds.fasta.supercontigs.fna	GCA_003425685.1_ASM342568v1_genomic.fna	79.0184	657	2084
NCPPB4602_scaffolds.fasta.supercontigs.fna	GCA_035963955.1_ASM3596395v1_genomic.fna	79.0182	694	2084
NCPPB4602_scaffolds.fasta.supercontigs.fna	GCA_010668765.1_ASM1066876v1_genomic.fna	79.018	695	2084
NCPPB4602_scaffolds.fasta.supercontigs.fna	GCA_019779865.1_ASM1977986v1_genomic.fna	79.0176	684	2084
NCPPB4602_scaffolds.fasta.supercontigs.fna	GCA_025152745.1_ASM2515274v1_genomic.fna	79.0174	640	2084
NCPPB4602_scaffolds.fasta.supercontigs.fna	GCA_014194555.1_ASM1419455v1_genomic.fna	79.0172	673	2084
NCPPB4602_scaffolds.fasta.supercontigs.fna	GCA_002211395.1_ASM221139v1_genomic.fna	79.0168	723	2084
NCPPB4602_scaffolds.fasta.supercontigs.fna	GCA_004330085.1_ASM433008v1_genomic.fna	79.0165	683	2084
NCPPB4602_scaffolds.fasta.supercontigs.fna	GCA_010668385.1_ASM1066838v1_genomic.fna	79.0161	658	2084
NCPPB4602_scaffolds.fasta.supercontigs.fna	GCA_004306755.1_ASM430675v1_genomic.fna	79.0159	697	2084
NCPPB4602_scaffolds.fasta.supercontigs.fna	GCA_019799145.1_ASM1979914v1_genomic.fna	79.0157	695	2084
NCPPB4602_scaffolds.fasta.supercontigs.fna	GCA_004304975.1_ASM430497v1_genomic.fna	79.0157	675	2084
NCPPB4602_scaffolds.fasta.supercontigs.fna	GCA_014198105.1_ASM1419810v1_genomic.fna	79.0154	641	2084
NCPPB4602_scaffolds.fasta.supercontigs.fna	GCA_005860925.2_ASM586092v2_genomic.fna	79.0153	696	2084
NCPPB4602_scaffolds.fasta.supercontigs.fna	GCA_019778935.1_ASM1977893v1_genomic.fna	79.0149	673	2084
NCPPB4602_scaffolds.fasta.supercontigs.fna	GCA_030053175.1_ASM3005317v1_genomic.fna	79.0148	690	2084
NCPPB4602_scaffolds.fasta.supercontigs.fna	GCA_004306495.1_ASM430649v1_genomic.fna	79.0145	680	2084
NCPPB4602_scaffolds.fasta.supercontigs.fna	GCA_032464805.1_ASM3246480v1_genomic.fna	79.0142	660	2084
NCPPB4602_scaffolds.fasta.supercontigs.fna	GCA_012275605.1_ASM1227560v1_genomic.fna	79.0141	711	2084
NCPPB4602_scaffolds.fasta.supercontigs.fna	GCA_004307135.1_ASM430713v1_genomic.fna	79.0138	693	2084
NCPPB4602_scaffolds.fasta.supercontigs.fna	GCA_021729845.1_ASM2172984v1_genomic.fna	79.0137	569	2084
NCPPB4602_scaffolds.fasta.supercontigs.fna	GCA_019798785.1_ASM1979878v1_genomic.fna	79.0136	701	2084
NCPPB4602_scaffolds.fasta.supercontigs.fna	GCA_000020265.1_ASM2026v1_genomic.fna	79.013	659	2084
NCPPB4602_scaffolds.fasta.supercontigs.fna	GCA_002243365.1_ASM224336v1_genomic.fna	79.0129	708	2084
NCPPB4602_scaffolds.fasta.supercontigs.fna	GCA_017357385.1_ASM1735738v1_genomic.fna	79.0128	666	2084
NCPPB4602_scaffolds.fasta.supercontigs.fna	GCA_010668555.1_ASM1066855v1_genomic.fna	79.0128	682	2084
NCPPB4602_scaffolds.fasta.supercontigs.fna	GCA_004305375.1_ASM430537v1_genomic.fna	79.0125	677	2084
NCPPB4602_scaffolds.fasta.supercontigs.fna	GCA_000172715.2_ASM17271v2_genomic.fna	79.0125	684	2084
NCPPB4602_scaffolds.fasta.supercontigs.fna	GCA_025847085.1_ASM2584708v1_genomic.fna	79.0114	715	2084
NCPPB4602_scaffolds.fasta.supercontigs.fna	GCA_004306245.1_ASM430624v1_genomic.fna	79.0113	684	2084
NCPPB4602_scaffolds.fasta.supercontigs.fna	GCA_012349085.1_ASM1234908v1_genomic.fna	79.0112	671	2084
NCPPB4602_scaffolds.fasta.supercontigs.fna	GCA_004307185.1_ASM430718v1_genomic.fna	79.011	688	2084
NCPPB4602_scaffolds.fasta.supercontigs.fna	GCA_004303125.1_ASM430312v1_genomic.fna	79.0108	673	2084
NCPPB4602_scaffolds.fasta.supercontigs.fna	GCA_017313375.1_ASM1731337v1_genomic.fna	79.0106	640	2084
NCPPB4602_scaffolds.fasta.supercontigs.fna	GCA_002008365.1_ASM200836v1_genomic.fna	79.0104	703	2084
NCPPB4602_scaffolds.fasta.supercontigs.fna	GCA_004306485.1_ASM430648v1_genomic.fna	79.0104	691	2084
NCPPB4602_scaffolds.fasta.supercontigs.fna	GCA_004303845.1_ASM430384v1_genomic.fna	79.0103	676	2084
NCPPB4602_scaffolds.fasta.supercontigs.fna	GCA_040215725.1_ASM4021572v1_genomic.fna	79.01	627	2084
NCPPB4602_scaffolds.fasta.supercontigs.fna	GCA_001854865.1_ASM185486v1_genomic.fna	79.0099	613	2084
NCPPB4602_scaffolds.fasta.supercontigs.fna	GCA_006335145.1_ASM633514v1_genomic.fna	79.0097	640	2084
NCPPB4602_scaffolds.fasta.supercontigs.fna	GCA_019798095.1_ASM1979809v1_genomic.fna	79.0095	708	2084
NCPPB4602_scaffolds.fasta.supercontigs.fna	GCA_019778745.1_ASM1977874v1_genomic.fna	79.0091	697	2084
NCPPB4602_scaffolds.fasta.supercontigs.fna	GCA_019778625.1_ASM1977862v1_genomic.fna	79.009	682	2084
NCPPB4602_scaffolds.fasta.supercontigs.fna	GCA_011604465.1_ASM1160446v1_genomic.fna	79.0088	692	2084
NCPPB4602_scaffolds.fasta.supercontigs.fna	GCA_036964785.1_ASM3696478v1_genomic.fna	79.0088	676	2084
NCPPB4602_scaffolds.fasta.supercontigs.fna	GCA_012276535.1_ASM1227653v1_genomic.fna	79.0083	678	2084
NCPPB4602_scaffolds.fasta.supercontigs.fna	GCA_000247475.2_ASM24747v2_genomic.fna	79.0082	589	2084
NCPPB4602_scaffolds.fasta.supercontigs.fna	GCA_014194205.1_ASM1419420v1_genomic.fna	79.0082	654	2084
NCPPB4602_scaffolds.fasta.supercontigs.fna	GCA_010668945.1_ASM1066894v1_genomic.fna	79.008	700	2084
NCPPB4602_scaffolds.fasta.supercontigs.fna	GCA_014195045.1_ASM1419504v1_genomic.fna	79.0076	714	2084
NCPPB4602_scaffolds.fasta.supercontigs.fna	GCA_012276455.1_ASM1227645v1_genomic.fna	79.0073	678	2084
NCPPB4602_scaffolds.fasta.supercontigs.fna	GCA_012276015.1_ASM1227601v1_genomic.fna	79.007	685	2084
NCPPB4602_scaffolds.fasta.supercontigs.fna	GCA_019779045.1_ASM1977904v1_genomic.fna	79.007	667	2084
NCPPB4602_scaffolds.fasta.supercontigs.fna	GCA_013321275.1_ASM1332127v1_genomic.fna	79.0069	673	2084
NCPPB4602_scaffolds.fasta.supercontigs.fna	GCA_030815125.1_ASM3081512v1_genomic.fna	79.0064	596	2084
NCPPB4602_scaffolds.fasta.supercontigs.fna	GCA_004303365.1_ASM430336v1_genomic.fna	79.0062	681	2084
NCPPB4602_scaffolds.fasta.supercontigs.fna	GCA_014198115.1_ASM1419811v1_genomic.fna	79.0059	691	2084
NCPPB4602_scaffolds.fasta.supercontigs.fna	GCA_014194455.1_ASM1419445v1_genomic.fna	79.0058	661	2084
NCPPB4602_scaffolds.fasta.supercontigs.fna	GCA_003351165.1_ASM335116v1_genomic.fna	79.0056	670	2084
NCPPB4602_scaffolds.fasta.supercontigs.fna	GCA_019778785.1_ASM1977878v1_genomic.fna	79.0054	687	2084
NCPPB4602_scaffolds.fasta.supercontigs.fna	GCA_013317345.1_ASM1331734v1_genomic.fna	79.0054	563	2084
NCPPB4602_scaffolds.fasta.supercontigs.fna	GCA_003985125.1_ASM398512v1_genomic.fna	79.0052	679	2084
NCPPB4602_scaffolds.fasta.supercontigs.fna	GCA_011128975.2_ASM1112897v2_genomic.fna	79.0051	678	2084
NCPPB4602_scaffolds.fasta.supercontigs.fna	GCA_005862305.2_ASM586230v2_genomic.fna	79.0049	695	2084
NCPPB4602_scaffolds.fasta.supercontigs.fna	GCA_004303455.1_ASM430345v1_genomic.fna	79.0048	689	2084
NCPPB4602_scaffolds.fasta.supercontigs.fna	GCA_019778725.1_ASM1977872v1_genomic.fna	79.0048	696	2084
NCPPB4602_scaffolds.fasta.supercontigs.fna	GCA_017876825.1_ASM1787682v1_genomic.fna	79.0047	684	2084
NCPPB4602_scaffolds.fasta.supercontigs.fna	GCA_019779815.1_ASM1977981v1_genomic.fna	79.0041	669	2084
NCPPB4602_scaffolds.fasta.supercontigs.fna	GCA_019799485.1_ASM1979948v1_genomic.fna	79.0038	691	2084
NCPPB4602_scaffolds.fasta.supercontigs.fna	GCA_004329775.1_ASM432977v1_genomic.fna	79.0037	688	2084
NCPPB4602_scaffolds.fasta.supercontigs.fna	GCA_004304165.1_ASM430416v1_genomic.fna	79.0036	690	2084
NCPPB4602_scaffolds.fasta.supercontigs.fna	GCA_019799025.1_ASM1979902v1_genomic.fna	79.0036	682	2084
NCPPB4602_scaffolds.fasta.supercontigs.fna	GCA_012276585.1_ASM1227658v1_genomic.fna	79.0032	669	2084
NCPPB4602_scaffolds.fasta.supercontigs.fna	GCA_011045155.1_ASM1104515v1_genomic.fna	79.0031	570	2084
NCPPB4602_scaffolds.fasta.supercontigs.fna	GCA_010668285.1_ASM1066828v1_genomic.fna	79.0031	677	2084
NCPPB4602_scaffolds.fasta.supercontigs.fna	GCA_004303115.1_ASM430311v1_genomic.fna	79.003	688	2084
NCPPB4602_scaffolds.fasta.supercontigs.fna	GCA_004304495.1_ASM430449v1_genomic.fna	79.003	666	2084
NCPPB4602_scaffolds.fasta.supercontigs.fna	GCA_012276035.1_ASM1227603v1_genomic.fna	79.0028	671	2084
NCPPB4602_scaffolds.fasta.supercontigs.fna	GCA_010668445.1_ASM1066844v1_genomic.fna	79.0021	680	2084
NCPPB4602_scaffolds.fasta.supercontigs.fna	GCA_001295785.1_ASM129578v1_genomic.fna	79.0017	514	2084
NCPPB4602_scaffolds.fasta.supercontigs.fna	GCA_012276435.1_ASM1227643v1_genomic.fna	79.0013	704	2084
NCPPB4602_scaffolds.fasta.supercontigs.fna	GCA_004306695.1_ASM430669v1_genomic.fna	79.0012	673	2084
NCPPB4602_scaffolds.fasta.supercontigs.fna	GCA_010668685.1_ASM1066868v1_genomic.fna	79.001	697	2084
NCPPB4602_scaffolds.fasta.supercontigs.fna	GCA_000372305.1_ASM37230v1_genomic.fna	79.0008	691	2084
NCPPB4602_scaffolds.fasta.supercontigs.fna	GCA_012275745.1_ASM1227574v1_genomic.fna	79.0004	679	2084
NCPPB4602_scaffolds.fasta.supercontigs.fna	GCA_004330835.1_ASM433083v1_genomic.fna	79.0004	684	2084
NCPPB4602_scaffolds.fasta.supercontigs.fna	GCA_036964745.1_ASM3696474v1_genomic.fna	79.0002	695	2084
NCPPB4602_scaffolds.fasta.supercontigs.fna	GCA_002406505.1_JJW1_genomic.fna	78.9994	670	2084
NCPPB4602_scaffolds.fasta.supercontigs.fna	GCA_010668065.1_ASM1066806v1_genomic.fna	78.9993	690	2084
NCPPB4602_scaffolds.fasta.supercontigs.fna	GCA_004304335.1_ASM430433v1_genomic.fna	78.9992	679	2084
NCPPB4602_scaffolds.fasta.supercontigs.fna	GCA_019799745.1_ASM1979974v1_genomic.fna	78.9991	696	2084
NCPPB4602_scaffolds.fasta.supercontigs.fna	GCA_019799295.1_ASM1979929v1_genomic.fna	78.999	710	2084
NCPPB4602_scaffolds.fasta.supercontigs.fna	GCA_004303925.1_ASM430392v1_genomic.fna	78.999	675	2084
NCPPB4602_scaffolds.fasta.supercontigs.fna	GCA_004304585.1_ASM430458v1_genomic.fna	78.9985	686	2084
NCPPB4602_scaffolds.fasta.supercontigs.fna	GCA_019799085.1_ASM1979908v1_genomic.fna	78.9984	692	2084
NCPPB4602_scaffolds.fasta.supercontigs.fna	GCA_004303155.1_ASM430315v1_genomic.fna	78.9981	696	2084
NCPPB4602_scaffolds.fasta.supercontigs.fna	GCA_012275665.1_ASM1227566v1_genomic.fna	78.9977	697	2084
NCPPB4602_scaffolds.fasta.supercontigs.fna	GCA_014638185.1_ASM1463818v1_genomic.fna	78.9977	705	2084
NCPPB4602_scaffolds.fasta.supercontigs.fna	GCA_001664185.1_ASM166418v1_genomic.fna	78.9976	679	2084
NCPPB4602_scaffolds.fasta.supercontigs.fna	GCA_004305085.1_ASM430508v1_genomic.fna	78.9976	677	2084
NCPPB4602_scaffolds.fasta.supercontigs.fna	GCA_014198655.1_ASM1419865v1_genomic.fna	78.997	689	2084
NCPPB4602_scaffolds.fasta.supercontigs.fna	GCA_030010195.1_ASM3001019v1_genomic.fna	78.9968	678	2084
NCPPB4602_scaffolds.fasta.supercontigs.fna	GCA_019798085.1_ASM1979808v1_genomic.fna	78.9968	692	2084
NCPPB4602_scaffolds.fasta.supercontigs.fna	GCA_004305145.1_ASM430514v1_genomic.fna	78.9962	697	2084
NCPPB4602_scaffolds.fasta.supercontigs.fna	GCA_019778595.1_ASM1977859v1_genomic.fna	78.9959	680	2084
NCPPB4602_scaffolds.fasta.supercontigs.fna	GCA_040215715.1_ASM4021571v1_genomic.fna	78.9957	628	2084
NCPPB4602_scaffolds.fasta.supercontigs.fna	GCA_004303525.1_ASM430352v1_genomic.fna	78.9956	690	2084
NCPPB4602_scaffolds.fasta.supercontigs.fna	GCA_019798505.1_ASM1979850v1_genomic.fna	78.995	644	2084
NCPPB4602_scaffolds.fasta.supercontigs.fna	GCA_019685155.1_ASM1968515v1_genomic.fna	78.9948	646	2084
NCPPB4602_scaffolds.fasta.supercontigs.fna	GCA_004054145.1_ASM405414v1_genomic.fna	78.9948	680	2084
NCPPB4602_scaffolds.fasta.supercontigs.fna	GCA_002531805.1_ASM253180v1_genomic.fna	78.9945	676	2084
NCPPB4602_scaffolds.fasta.supercontigs.fna	GCA_019798275.1_ASM1979827v1_genomic.fna	78.9944	699	2084
NCPPB4602_scaffolds.fasta.supercontigs.fna	GCA_000271805.1_ASM27180v1_genomic.fna	78.9944	700	2084
NCPPB4602_scaffolds.fasta.supercontigs.fna	GCA_004304105.1_ASM430410v1_genomic.fna	78.994	680	2084
NCPPB4602_scaffolds.fasta.supercontigs.fna	GCA_004307035.1_ASM430703v1_genomic.fna	78.9939	694	2084
NCPPB4602_scaffolds.fasta.supercontigs.fna	GCA_012275945.1_ASM1227594v1_genomic.fna	78.9939	693	2084
NCPPB4602_scaffolds.fasta.supercontigs.fna	GCA_022487505.1_ASM2248750v1_genomic.fna	78.9936	694	2084
NCPPB4602_scaffolds.fasta.supercontigs.fna	GCA_004306275.1_ASM430627v1_genomic.fna	78.9935	680	2084
NCPPB4602_scaffolds.fasta.supercontigs.fna	GCA_004329905.1_ASM432990v1_genomic.fna	78.9933	677	2084
NCPPB4602_scaffolds.fasta.supercontigs.fna	GCA_019684955.1_ASM1968495v1_genomic.fna	78.9933	641	2084
NCPPB4602_scaffolds.fasta.supercontigs.fna	GCA_004306165.1_ASM430616v1_genomic.fna	78.992	681	2084
NCPPB4602_scaffolds.fasta.supercontigs.fna	GCA_004305475.1_ASM430547v1_genomic.fna	78.9915	690	2084
NCPPB4602_scaffolds.fasta.supercontigs.fna	GCA_019684935.1_ASM1968493v1_genomic.fna	78.9914	633	2084
NCPPB4602_scaffolds.fasta.supercontigs.fna	GCA_001664245.1_ASM166424v1_genomic.fna	78.9912	671	2084
NCPPB4602_scaffolds.fasta.supercontigs.fna	GCA_004306015.1_ASM430601v1_genomic.fna	78.991	676	2084
NCPPB4602_scaffolds.fasta.supercontigs.fna	GCA_004304885.1_ASM430488v1_genomic.fna	78.991	688	2084
NCPPB4602_scaffolds.fasta.supercontigs.fna	GCA_012275995.1_ASM1227599v1_genomic.fna	78.9909	681	2084
NCPPB4602_scaffolds.fasta.supercontigs.fna	GCA_010450895.1_ASM1045089v1_genomic.fna	78.9904	573	2084
NCPPB4602_scaffolds.fasta.supercontigs.fna	GCA_014193215.1_ASM1419321v1_genomic.fna	78.9901	712	2084
NCPPB4602_scaffolds.fasta.supercontigs.fna	GCA_025938135.1_ASM2593813v1_genomic.fna	78.9897	705	2084
NCPPB4602_scaffolds.fasta.supercontigs.fna	GCA_013321005.1_ASM1332100v1_genomic.fna	78.9896	656	2084
NCPPB4602_scaffolds.fasta.supercontigs.fna	GCA_010668265.1_ASM1066826v1_genomic.fna	78.9895	681	2084
NCPPB4602_scaffolds.fasta.supercontigs.fna	GCA_037002845.1_ASM3700284v1_genomic.fna	78.9893	689	2084
NCPPB4602_scaffolds.fasta.supercontigs.fna	GCA_019798225.1_ASM1979822v1_genomic.fna	78.989	682	2084
NCPPB4602_scaffolds.fasta.supercontigs.fna	GCA_004305515.1_ASM430551v1_genomic.fna	78.9889	682	2084
NCPPB4602_scaffolds.fasta.supercontigs.fna	GCA_035926785.1_ASM3592678v1_genomic.fna	78.9887	684	2084
NCPPB4602_scaffolds.fasta.supercontigs.fna	GCA_036964845.1_ASM3696484v1_genomic.fna	78.9883	704	2084
NCPPB4602_scaffolds.fasta.supercontigs.fna	GCA_019799885.1_ASM1979988v1_genomic.fna	78.9882	682	2084
NCPPB4602_scaffolds.fasta.supercontigs.fna	GCA_025200795.1_ASM2520079v1_genomic.fna	78.9879	683	2084
NCPPB4602_scaffolds.fasta.supercontigs.fna	GCA_019798865.1_ASM1979886v1_genomic.fna	78.9878	692	2084
NCPPB4602_scaffolds.fasta.supercontigs.fna	GCA_001664285.1_ASM166428v1_genomic.fna	78.9876	660	2084
NCPPB4602_scaffolds.fasta.supercontigs.fna	GCA_019778685.1_ASM1977868v1_genomic.fna	78.9874	673	2084
NCPPB4602_scaffolds.fasta.supercontigs.fna	GCA_000698845.1_ASM69884v1_genomic.fna	78.9873	707	2084
NCPPB4602_scaffolds.fasta.supercontigs.fna	GCA_019779835.1_ASM1977983v1_genomic.fna	78.9871	686	2084
NCPPB4602_scaffolds.fasta.supercontigs.fna	GCA_010668315.1_ASM1066831v1_genomic.fna	78.9868	691	2084
NCPPB4602_scaffolds.fasta.supercontigs.fna	GCA_004305105.1_ASM430510v1_genomic.fna	78.9865	688	2084
NCPPB4602_scaffolds.fasta.supercontigs.fna	GCA_035970435.1_ASM3597043v1_genomic.fna	78.9864	685	2084
NCPPB4602_scaffolds.fasta.supercontigs.fna	GCA_019685015.1_ASM1968501v1_genomic.fna	78.9863	651	2084
NCPPB4602_scaffolds.fasta.supercontigs.fna	GCA_004303445.1_ASM430344v1_genomic.fna	78.9863	696	2084
NCPPB4602_scaffolds.fasta.supercontigs.fna	GCA_004305915.1_ASM430591v1_genomic.fna	78.9861	681	2084
NCPPB4602_scaffolds.fasta.supercontigs.fna	GCA_013317415.1_ASM1331741v1_genomic.fna	78.9861	519	2084
NCPPB4602_scaffolds.fasta.supercontigs.fna	GCA_019798995.1_ASM1979899v1_genomic.fna	78.9861	679	2084
NCPPB4602_scaffolds.fasta.supercontigs.fna	GCA_027863495.1_ASM2786349v1_genomic.fna	78.986	582	2084
NCPPB4602_scaffolds.fasta.supercontigs.fna	GCA_019798355.1_ASM1979835v1_genomic.fna	78.986	646	2084
NCPPB4602_scaffolds.fasta.supercontigs.fna	GCA_004306475.1_ASM430647v1_genomic.fna	78.9859	679	2084
NCPPB4602_scaffolds.fasta.supercontigs.fna	GCA_035923665.1_ASM3592366v1_genomic.fna	78.9856	689	2084
NCPPB4602_scaffolds.fasta.supercontigs.fna	GCA_002531775.1_ASM253177v1_genomic.fna	78.9855	677	2084
NCPPB4602_scaffolds.fasta.supercontigs.fna	GCA_004306075.1_ASM430607v1_genomic.fna	78.985	689	2084
NCPPB4602_scaffolds.fasta.supercontigs.fna	GCA_001005825.1_ASM100582v1_genomic.fna	78.9843	673	2084
NCPPB4602_scaffolds.fasta.supercontigs.fna	GCA_004306095.1_ASM430609v1_genomic.fna	78.9842	679	2084
NCPPB4602_scaffolds.fasta.supercontigs.fna	GCA_004306785.1_ASM430678v1_genomic.fna	78.984	706	2084
NCPPB4602_scaffolds.fasta.supercontigs.fna	GCA_004303655.1_ASM430365v1_genomic.fna	78.9837	676	2084
NCPPB4602_scaffolds.fasta.supercontigs.fna	GCA_004306225.1_ASM430622v1_genomic.fna	78.9837	692	2084
NCPPB4602_scaffolds.fasta.supercontigs.fna	GCA_019779665.1_ASM1977966v1_genomic.fna	78.9836	683	2084
NCPPB4602_scaffolds.fasta.supercontigs.fna	GCA_019778555.1_ASM1977855v1_genomic.fna	78.9833	683	2084
NCPPB4602_scaffolds.fasta.supercontigs.fna	GCA_017315145.1_ASM1731514v1_genomic.fna	78.9833	667	2084
NCPPB4602_scaffolds.fasta.supercontigs.fna	GCA_002531695.1_ASM253169v1_genomic.fna	78.9828	699	2084
NCPPB4602_scaffolds.fasta.supercontigs.fna	GCA_021391615.1_ASM2139161v1_genomic.fna	78.9827	676	2084
NCPPB4602_scaffolds.fasta.supercontigs.fna	GCA_004306365.1_ASM430636v1_genomic.fna	78.9824	676	2084
NCPPB4602_scaffolds.fasta.supercontigs.fna	GCA_002953715.1_ASM295371v1_genomic.fna	78.9822	690	2084
NCPPB4602_scaffolds.fasta.supercontigs.fna	GCA_012412905.2_ASM1241290v2_genomic.fna	78.9821	689	2084
NCPPB4602_scaffolds.fasta.supercontigs.fna	GCA_012276225.1_ASM1227622v1_genomic.fna	78.9819	673	2084
NCPPB4602_scaffolds.fasta.supercontigs.fna	GCA_004306385.1_ASM430638v1_genomic.fna	78.9818	682	2084
NCPPB4602_scaffolds.fasta.supercontigs.fna	GCA_019798585.1_ASM1979858v1_genomic.fna	78.9817	672	2084
NCPPB4602_scaffolds.fasta.supercontigs.fna	GCA_000816125.1_ASM81612v1_genomic.fna	78.9814	677	2084
NCPPB4602_scaffolds.fasta.supercontigs.fna	GCA_004330955.1_ASM433095v1_genomic.fna	78.9812	678	2084
NCPPB4602_scaffolds.fasta.supercontigs.fna	GCA_019778125.1_ASM1977812v1_genomic.fna	78.9811	684	2084
NCPPB4602_scaffolds.fasta.supercontigs.fna	GCA_001664385.1_ASM166438v1_genomic.fna	78.9798	678	2084
NCPPB4602_scaffolds.fasta.supercontigs.fna	GCA_004303385.1_ASM430338v1_genomic.fna	78.9791	707	2084
NCPPB4602_scaffolds.fasta.supercontigs.fna	GCA_019779065.1_ASM1977906v1_genomic.fna	78.979	671	2084
NCPPB4602_scaffolds.fasta.supercontigs.fna	GCA_037002925.1_ASM3700292v1_genomic.fna	78.9786	686	2084
NCPPB4602_scaffolds.fasta.supercontigs.fna	GCA_001664465.1_ASM166446v1_genomic.fna	78.9784	661	2084
NCPPB4602_scaffolds.fasta.supercontigs.fna	GCA_001664445.1_ASM166444v1_genomic.fna	78.9783	678	2084
NCPPB4602_scaffolds.fasta.supercontigs.fna	GCA_019778695.1_ASM1977869v1_genomic.fna	78.9782	690	2084
NCPPB4602_scaffolds.fasta.supercontigs.fna	GCA_003351185.1_ASM335118v1_genomic.fna	78.978	670	2084
NCPPB4602_scaffolds.fasta.supercontigs.fna	GCA_019798525.1_ASM1979852v1_genomic.fna	78.9777	648	2084
NCPPB4602_scaffolds.fasta.supercontigs.fna	GCA_012241485.1_ASM1224148v1_genomic.fna	78.9774	678	2084
NCPPB4602_scaffolds.fasta.supercontigs.fna	GCA_019779925.1_ASM1977992v1_genomic.fna	78.9773	675	2084
NCPPB4602_scaffolds.fasta.supercontigs.fna	GCA_004322935.1_ASM432293v1_genomic.fna	78.977	679	2084
NCPPB4602_scaffolds.fasta.supercontigs.fna	GCA_019779565.1_ASM1977956v1_genomic.fna	78.9769	700	2084
NCPPB4602_scaffolds.fasta.supercontigs.fna	GCA_019798445.1_ASM1979844v1_genomic.fna	78.9764	626	2084
NCPPB4602_scaffolds.fasta.supercontigs.fna	GCA_004303345.1_ASM430334v1_genomic.fna	78.9764	679	2084
NCPPB4602_scaffolds.fasta.supercontigs.fna	GCA_004307195.1_ASM430719v1_genomic.fna	78.9761	689	2084
NCPPB4602_scaffolds.fasta.supercontigs.fna	GCA_004305945.1_ASM430594v1_genomic.fna	78.9761	696	2084
NCPPB4602_scaffolds.fasta.supercontigs.fna	GCA_019779115.1_ASM1977911v1_genomic.fna	78.9759	673	2084
NCPPB4602_scaffolds.fasta.supercontigs.fna	GCA_010668715.1_ASM1066871v1_genomic.fna	78.9759	672	2084
NCPPB4602_scaffolds.fasta.supercontigs.fna	GCA_022385315.1_ASM2238531v1_genomic.fna	78.9754	699	2084
NCPPB4602_scaffolds.fasta.supercontigs.fna	GCA_004304905.1_ASM430490v1_genomic.fna	78.9753	685	2084
NCPPB4602_scaffolds.fasta.supercontigs.fna	GCA_014207075.1_ASM1420707v1_genomic.fna	78.9747	573	2084
NCPPB4602_scaffolds.fasta.supercontigs.fna	GCA_019778145.1_ASM1977814v1_genomic.fna	78.9746	685	2084
NCPPB4602_scaffolds.fasta.supercontigs.fna	GCA_004330645.1_ASM433064v1_genomic.fna	78.9745	685	2084
NCPPB4602_scaffolds.fasta.supercontigs.fna	GCA_019778905.1_ASM1977890v1_genomic.fna	78.9745	686	2084
NCPPB4602_scaffolds.fasta.supercontigs.fna	GCA_003985145.1_ASM398514v1_genomic.fna	78.9741	696	2084
NCPPB4602_scaffolds.fasta.supercontigs.fna	GCA_004304815.1_ASM430481v1_genomic.fna	78.974	693	2084
NCPPB4602_scaffolds.fasta.supercontigs.fna	GCA_019798765.1_ASM1979876v1_genomic.fna	78.9739	671	2084
NCPPB4602_scaffolds.fasta.supercontigs.fna	GCA_019685075.1_ASM1968507v1_genomic.fna	78.9733	660	2084
NCPPB4602_scaffolds.fasta.supercontigs.fna	GCA_004330515.1_ASM433051v1_genomic.fna	78.9732	679	2084
NCPPB4602_scaffolds.fasta.supercontigs.fna	GCA_019778525.1_ASM1977852v1_genomic.fna	78.9722	681	2084
NCPPB4602_scaffolds.fasta.supercontigs.fna	GCA_019799785.1_ASM1979978v1_genomic.fna	78.9719	686	2084
NCPPB4602_scaffolds.fasta.supercontigs.fna	GCA_001664345.1_ASM166434v1_genomic.fna	78.9717	668	2084
NCPPB4602_scaffolds.fasta.supercontigs.fna	GCA_000194195.2_RhECNPAF512_1.0_genomic.fna	78.9717	650	2084
NCPPB4602_scaffolds.fasta.supercontigs.fna	GCA_012275885.1_ASM1227588v1_genomic.fna	78.9716	691	2084
NCPPB4602_scaffolds.fasta.supercontigs.fna	GCA_014198535.1_ASM1419853v1_genomic.fna	78.9715	636	2084
NCPPB4602_scaffolds.fasta.supercontigs.fna	GCA_004304475.1_ASM430447v1_genomic.fna	78.9711	675	2084
NCPPB4602_scaffolds.fasta.supercontigs.fna	GCA_019778065.1_ASM1977806v1_genomic.fna	78.9711	688	2084
NCPPB4602_scaffolds.fasta.supercontigs.fna	GCA_022884085.1_ASM2288408v1_genomic.fna	78.9708	595	2084
NCPPB4602_scaffolds.fasta.supercontigs.fna	GCA_019779285.1_ASM1977928v1_genomic.fna	78.9706	663	2084
NCPPB4602_scaffolds.fasta.supercontigs.fna	GCA_004330715.1_ASM433071v1_genomic.fna	78.9706	680	2084
NCPPB4602_scaffolds.fasta.supercontigs.fna	GCA_024385575.1_ASM2438557v1_genomic.fna	78.9704	524	2084
NCPPB4602_scaffolds.fasta.supercontigs.fna	GCA_019685035.1_ASM1968503v1_genomic.fna	78.9699	652	2084
NCPPB4602_scaffolds.fasta.supercontigs.fna	GCA_019798425.1_ASM1979842v1_genomic.fna	78.9697	649	2084
NCPPB4602_scaffolds.fasta.supercontigs.fna	GCA_004330525.1_ASM433052v1_genomic.fna	78.9697	683	2084
NCPPB4602_scaffolds.fasta.supercontigs.fna	GCA_023006465.1_ASM2300646v1_genomic.fna	78.9694	656	2084
NCPPB4602_scaffolds.fasta.supercontigs.fna	GCA_004306595.1_ASM430659v1_genomic.fna	78.9692	685	2084
NCPPB4602_scaffolds.fasta.supercontigs.fna	GCA_019798915.1_ASM1979891v1_genomic.fna	78.9691	688	2084
NCPPB4602_scaffolds.fasta.supercontigs.fna	GCA_000375705.1_ASM37570v1_genomic.fna	78.9691	683	2084
NCPPB4602_scaffolds.fasta.supercontigs.fna	GCA_019779265.1_ASM1977926v1_genomic.fna	78.9688	687	2084
NCPPB4602_scaffolds.fasta.supercontigs.fna	GCA_001664125.1_ASM166412v1_genomic.fna	78.9687	667	2084
NCPPB4602_scaffolds.fasta.supercontigs.fna	GCA_004303575.1_ASM430357v1_genomic.fna	78.9685	690	2084
NCPPB4602_scaffolds.fasta.supercontigs.fna	GCA_004912145.1_ASM491214v1_genomic.fna	78.9685	525	2084
NCPPB4602_scaffolds.fasta.supercontigs.fna	GCA_000009265.1_ASM926v1_genomic.fna	78.9681	708	2084
NCPPB4602_scaffolds.fasta.supercontigs.fna	GCA_004304575.1_ASM430457v1_genomic.fna	78.9679	710	2084
NCPPB4602_scaffolds.fasta.supercontigs.fna	GCA_019779765.1_ASM1977976v1_genomic.fna	78.9675	673	2084
NCPPB4602_scaffolds.fasta.supercontigs.fna	GCA_019779595.1_ASM1977959v1_genomic.fna	78.9675	705	2084
NCPPB4602_scaffolds.fasta.supercontigs.fna	GCA_004306615.1_ASM430661v1_genomic.fna	78.9671	689	2084
NCPPB4602_scaffolds.fasta.supercontigs.fna	GCA_000427765.1_ASM42776v1_genomic.fna	78.9671	678	2084
NCPPB4602_scaffolds.fasta.supercontigs.fna	GCA_009744335.1_ASM974433v1_genomic.fna	78.967	547	2084
NCPPB4602_scaffolds.fasta.supercontigs.fna	GCA_036964765.1_ASM3696476v1_genomic.fna	78.9669	681	2084
NCPPB4602_scaffolds.fasta.supercontigs.fna	GCA_012276615.1_ASM1227661v1_genomic.fna	78.9666	677	2084
NCPPB4602_scaffolds.fasta.supercontigs.fna	GCA_019779305.1_ASM1977930v1_genomic.fna	78.9663	707	2084
NCPPB4602_scaffolds.fasta.supercontigs.fna	GCA_013337045.2_ASM1333704v2_genomic.fna	78.9658	566	2084
NCPPB4602_scaffolds.fasta.supercontigs.fna	GCA_019778425.1_ASM1977842v1_genomic.fna	78.9655	686	2084
NCPPB4602_scaffolds.fasta.supercontigs.fna	GCA_019798485.1_ASM1979848v1_genomic.fna	78.9654	645	2084
NCPPB4602_scaffolds.fasta.supercontigs.fna	GCA_012927355.1_ASM1292735v1_genomic.fna	78.9652	588	2084
NCPPB4602_scaffolds.fasta.supercontigs.fna	GCA_004305675.1_ASM430567v1_genomic.fna	78.9646	678	2084
NCPPB4602_scaffolds.fasta.supercontigs.fna	GCA_010668245.1_ASM1066824v1_genomic.fna	78.9646	676	2084
NCPPB4602_scaffolds.fasta.supercontigs.fna	GCA_029194025.1_ASM2919402v1_genomic.fna	78.9645	677	2084
NCPPB4602_scaffolds.fasta.supercontigs.fna	GCA_013317325.1_ASM1331732v1_genomic.fna	78.964	560	2084
NCPPB4602_scaffolds.fasta.supercontigs.fna	GCA_014194325.1_ASM1419432v1_genomic.fna	78.9638	659	2084
NCPPB4602_scaffolds.fasta.supercontigs.fna	GCA_004329795.1_ASM432979v1_genomic.fna	78.9628	677	2084
NCPPB4602_scaffolds.fasta.supercontigs.fna	GCA_004330915.1_ASM433091v1_genomic.fna	78.9628	676	2084
NCPPB4602_scaffolds.fasta.supercontigs.fna	GCA_004303515.1_ASM430351v1_genomic.fna	78.9625	678	2084
NCPPB4602_scaffolds.fasta.supercontigs.fna	GCA_004304845.1_ASM430484v1_genomic.fna	78.9622	683	2084
NCPPB4602_scaffolds.fasta.supercontigs.fna	GCA_037002865.1_ASM3700286v1_genomic.fna	78.9621	683	2084
NCPPB4602_scaffolds.fasta.supercontigs.fna	GCA_002531615.1_ASM253161v1_genomic.fna	78.9616	710	2084
NCPPB4602_scaffolds.fasta.supercontigs.fna	GCA_004303215.1_ASM430321v1_genomic.fna	78.9611	692	2084
NCPPB4602_scaffolds.fasta.supercontigs.fna	GCA_009743995.1_ASM974399v1_genomic.fna	78.9611	534	2084
NCPPB4602_scaffolds.fasta.supercontigs.fna	GCA_001679785.1_ASM167978v1_genomic.fna	78.9608	708	2084
NCPPB4602_scaffolds.fasta.supercontigs.fna	GCA_019778505.1_ASM1977850v1_genomic.fna	78.9603	683	2084
NCPPB4602_scaffolds.fasta.supercontigs.fna	GCA_013087615.1_ASM1308761v1_genomic.fna	78.9594	687	2084
NCPPB4602_scaffolds.fasta.supercontigs.fna	GCA_019779625.1_ASM1977962v1_genomic.fna	78.9585	682	2084
NCPPB4602_scaffolds.fasta.supercontigs.fna	GCA_019779365.1_ASM1977936v1_genomic.fna	78.9583	689	2084
NCPPB4602_scaffolds.fasta.supercontigs.fna	GCA_004305185.1_ASM430518v1_genomic.fna	78.9574	677	2084
NCPPB4602_scaffolds.fasta.supercontigs.fna	GCA_014197535.1_ASM1419753v1_genomic.fna	78.9574	645	2084
NCPPB4602_scaffolds.fasta.supercontigs.fna	GCA_019778165.1_ASM1977816v1_genomic.fna	78.957	690	2084
NCPPB4602_scaffolds.fasta.supercontigs.fna	GCA_001664085.1_ASM166408v1_genomic.fna	78.9569	666	2084
NCPPB4602_scaffolds.fasta.supercontigs.fna	GCA_004306415.1_ASM430641v1_genomic.fna	78.9559	684	2084
NCPPB4602_scaffolds.fasta.supercontigs.fna	GCA_019798645.1_ASM1979864v1_genomic.fna	78.9558	677	2084
NCPPB4602_scaffolds.fasta.supercontigs.fna	GCA_014192445.1_ASM1419244v1_genomic.fna	78.9558	679	2084
NCPPB4602_scaffolds.fasta.supercontigs.fna	GCA_004305845.1_ASM430584v1_genomic.fna	78.9556	682	2084
NCPPB4602_scaffolds.fasta.supercontigs.fna	GCA_004330235.1_ASM433023v1_genomic.fna	78.9551	685	2084
NCPPB4602_scaffolds.fasta.supercontigs.fna	GCA_001612535.1_ASM161253v1_genomic.fna	78.9551	698	2084
NCPPB4602_scaffolds.fasta.supercontigs.fna	GCA_004303635.1_ASM430363v1_genomic.fna	78.9548	695	2084
NCPPB4602_scaffolds.fasta.supercontigs.fna	GCA_014193135.1_ASM1419313v1_genomic.fna	78.9537	610	2084
NCPPB4602_scaffolds.fasta.supercontigs.fna	GCA_004306655.1_ASM430665v1_genomic.fna	78.9533	689	2084
NCPPB4602_scaffolds.fasta.supercontigs.fna	GCA_014198665.1_ASM1419866v1_genomic.fna	78.953	671	2084
NCPPB4602_scaffolds.fasta.supercontigs.fna	GCA_035921825.1_ASM3592182v1_genomic.fna	78.9527	680	2084
NCPPB4602_scaffolds.fasta.supercontigs.fna	GCA_019778445.1_ASM1977844v1_genomic.fna	78.9527	684	2084
NCPPB4602_scaffolds.fasta.supercontigs.fna	GCA_013087515.1_ASM1308751v1_genomic.fna	78.9521	673	2084
NCPPB4602_scaffolds.fasta.supercontigs.fna	GCA_004304215.1_ASM430421v1_genomic.fna	78.9521	695	2084
NCPPB4602_scaffolds.fasta.supercontigs.fna	GCA_014189535.1_ASM1418953v1_genomic.fna	78.9517	635	2084
NCPPB4602_scaffolds.fasta.supercontigs.fna	GCA_002531595.1_ASM253159v1_genomic.fna	78.9512	678	2084
NCPPB4602_scaffolds.fasta.supercontigs.fna	GCA_009744025.1_ASM974402v1_genomic.fna	78.9512	564	2084
NCPPB4602_scaffolds.fasta.supercontigs.fna	GCA_014193695.1_ASM1419369v1_genomic.fna	78.9509	637	2084
NCPPB4602_scaffolds.fasta.supercontigs.fna	GCA_002531855.1_ASM253185v1_genomic.fna	78.9503	684	2084
NCPPB4602_scaffolds.fasta.supercontigs.fna	GCA_002914525.1_ASM291452v1_genomic.fna	78.9502	684	2084
NCPPB4602_scaffolds.fasta.supercontigs.fna	GCA_019799365.1_ASM1979936v1_genomic.fna	78.9501	685	2084
NCPPB4602_scaffolds.fasta.supercontigs.fna	GCA_014198775.1_ASM1419877v1_genomic.fna	78.9499	559	2084
NCPPB4602_scaffolds.fasta.supercontigs.fna	GCA_036571585.1_ASM3657158v1_genomic.fna	78.9497	670	2084
NCPPB4602_scaffolds.fasta.supercontigs.fna	GCA_035921805.1_ASM3592180v1_genomic.fna	78.9494	689	2084
NCPPB4602_scaffolds.fasta.supercontigs.fna	GCA_014195245.1_ASM1419524v1_genomic.fna	78.9492	688	2084
NCPPB4602_scaffolds.fasta.supercontigs.fna	GCA_001664405.1_ASM166440v1_genomic.fna	78.9489	677	2084
NCPPB4602_scaffolds.fasta.supercontigs.fna	GCA_000769405.2_CC275e2020_genomic.fna	78.9486	692	2084
NCPPB4602_scaffolds.fasta.supercontigs.fna	GCA_004305295.1_ASM430529v1_genomic.fna	78.9485	679	2084
NCPPB4602_scaffolds.fasta.supercontigs.fna	GCA_001664325.1_ASM166432v1_genomic.fna	78.9485	662	2084
NCPPB4602_scaffolds.fasta.supercontigs.fna	GCA_012241395.2_ASM1224139v2_genomic.fna	78.9483	661	2084
NCPPB4602_scaffolds.fasta.supercontigs.fna	GCA_004303745.1_ASM430374v1_genomic.fna	78.948	683	2084
NCPPB4602_scaffolds.fasta.supercontigs.fna	GCA_014842035.1_ASM1484203v1_genomic.fna	78.9479	583	2084
NCPPB4602_scaffolds.fasta.supercontigs.fna	GCA_019779885.1_ASM1977988v1_genomic.fna	78.9472	691	2084
NCPPB4602_scaffolds.fasta.supercontigs.fna	GCA_019779085.1_ASM1977908v1_genomic.fna	78.9468	691	2084
NCPPB4602_scaffolds.fasta.supercontigs.fna	GCA_035969035.1_ASM3596903v1_genomic.fna	78.9466	690	2084
NCPPB4602_scaffolds.fasta.supercontigs.fna	GCA_019779685.1_ASM1977968v1_genomic.fna	78.9465	696	2084
NCPPB4602_scaffolds.fasta.supercontigs.fna	GCA_004303945.1_ASM430394v1_genomic.fna	78.9464	670	2084
NCPPB4602_scaffolds.fasta.supercontigs.fna	GCA_019779425.1_ASM1977942v1_genomic.fna	78.9457	704	2084
NCPPB4602_scaffolds.fasta.supercontigs.fna	GCA_010668665.1_ASM1066866v1_genomic.fna	78.9447	699	2084
NCPPB4602_scaffolds.fasta.supercontigs.fna	GCA_001664545.1_ASM166454v1_genomic.fna	78.9439	674	2084
NCPPB4602_scaffolds.fasta.supercontigs.fna	GCA_004306575.1_ASM430657v1_genomic.fna	78.9439	692	2084
NCPPB4602_scaffolds.fasta.supercontigs.fna	GCA_012275925.1_ASM1227592v1_genomic.fna	78.9433	675	2084
NCPPB4602_scaffolds.fasta.supercontigs.fna	GCA_012349105.1_ASM1234910v1_genomic.fna	78.9427	680	2084
NCPPB4602_scaffolds.fasta.supercontigs.fna	GCA_004329915.1_ASM432991v1_genomic.fna	78.9426	666	2084
NCPPB4602_scaffolds.fasta.supercontigs.fna	GCA_025941605.1_ASM2594160v1_genomic.fna	78.9423	692	2084
NCPPB4602_scaffolds.fasta.supercontigs.fna	GCA_000281735.1_ASM28173v1_genomic.fna	78.9417	651	2084
NCPPB4602_scaffolds.fasta.supercontigs.fna	GCA_019798725.1_ASM1979872v1_genomic.fna	78.9413	692	2084
NCPPB4602_scaffolds.fasta.supercontigs.fna	GCA_004305055.1_ASM430505v1_genomic.fna	78.9412	686	2084
NCPPB4602_scaffolds.fasta.supercontigs.fna	GCA_014202175.1_ASM1420217v1_genomic.fna	78.9408	576	2084
NCPPB4602_scaffolds.fasta.supercontigs.fna	GCA_009744065.1_ASM974406v1_genomic.fna	78.9401	545	2084
NCPPB4602_scaffolds.fasta.supercontigs.fna	GCA_019778545.1_ASM1977854v1_genomic.fna	78.9399	681	2084
NCPPB4602_scaffolds.fasta.supercontigs.fna	GCA_019799805.1_ASM1979980v1_genomic.fna	78.9397	678	2084
NCPPB4602_scaffolds.fasta.supercontigs.fna	GCA_004330975.1_ASM433097v1_genomic.fna	78.9396	664	2084
NCPPB4602_scaffolds.fasta.supercontigs.fna	GCA_000427705.1_ASM42770v1_genomic.fna	78.9396	698	2084
NCPPB4602_scaffolds.fasta.supercontigs.fna	GCA_019779585.1_ASM1977958v1_genomic.fna	78.9393	697	2084
NCPPB4602_scaffolds.fasta.supercontigs.fna	GCA_019798945.1_ASM1979894v1_genomic.fna	78.9388	687	2084
NCPPB4602_scaffolds.fasta.supercontigs.fna	GCA_000517605.1_ASM51760v1_genomic.fna	78.9384	676	2084
NCPPB4602_scaffolds.fasta.supercontigs.fna	GCA_010668705.1_ASM1066870v1_genomic.fna	78.9379	677	2084
NCPPB4602_scaffolds.fasta.supercontigs.fna	GCA_019779325.1_ASM1977932v1_genomic.fna	78.9378	692	2084
NCPPB4602_scaffolds.fasta.supercontigs.fna	GCA_012276295.1_ASM1227629v1_genomic.fna	78.9374	675	2084
NCPPB4602_scaffolds.fasta.supercontigs.fna	GCA_004306555.1_ASM430655v1_genomic.fna	78.9373	697	2084
NCPPB4602_scaffolds.fasta.supercontigs.fna	GCA_004330095.1_ASM433009v1_genomic.fna	78.9371	670	2084
NCPPB4602_scaffolds.fasta.supercontigs.fna	GCA_000371905.1_ASM37190v1_genomic.fna	78.9367	644	2084
NCPPB4602_scaffolds.fasta.supercontigs.fna	GCA_004305755.1_ASM430575v1_genomic.fna	78.9366	672	2084
NCPPB4602_scaffolds.fasta.supercontigs.fna	GCA_026105885.1_ASM2610588v1_genomic.fna	78.9363	699	2084
NCPPB4602_scaffolds.fasta.supercontigs.fna	GCA_010668465.1_ASM1066846v1_genomic.fna	78.9359	685	2084
NCPPB4602_scaffolds.fasta.supercontigs.fna	GCA_001664365.1_ASM166436v1_genomic.fna	78.9355	679	2084
NCPPB4602_scaffolds.fasta.supercontigs.fna	GCA_004330865.1_ASM433086v1_genomic.fna	78.9349	670	2084
NCPPB4602_scaffolds.fasta.supercontigs.fna	GCA_000483365.1_ASM48336v1_genomic.fna	78.9348	161	2084
NCPPB4602_scaffolds.fasta.supercontigs.fna	GCA_011604545.1_ASM1160454v1_genomic.fna	78.9348	685	2084
NCPPB4602_scaffolds.fasta.supercontigs.fna	GCA_004329805.1_ASM432980v1_genomic.fna	78.9347	683	2084
NCPPB4602_scaffolds.fasta.supercontigs.fna	GCA_019798985.1_ASM1979898v1_genomic.fna	78.9343	704	2084
NCPPB4602_scaffolds.fasta.supercontigs.fna	GCA_010668505.1_ASM1066850v1_genomic.fna	78.9342	682	2084
NCPPB4602_scaffolds.fasta.supercontigs.fna	GCA_002855515.1_ASM285551v1_genomic.fna	78.9338	540	2084
NCPPB4602_scaffolds.fasta.supercontigs.fna	GCA_030380735.1_ASM3038073v1_genomic.fna	78.9336	612	2084
NCPPB4602_scaffolds.fasta.supercontigs.fna	GCA_019779635.1_ASM1977963v1_genomic.fna	78.9333	711	2084
NCPPB4602_scaffolds.fasta.supercontigs.fna	GCA_003013335.1_ASM301333v1_genomic.fna	78.9333	667	2084
NCPPB4602_scaffolds.fasta.supercontigs.fna	GCA_019779005.1_ASM1977900v1_genomic.fna	78.9332	692	2084
NCPPB4602_scaffolds.fasta.supercontigs.fna	GCA_036571605.1_ASM3657160v1_genomic.fna	78.933	676	2084
NCPPB4602_scaffolds.fasta.supercontigs.fna	GCA_010668835.1_ASM1066883v1_genomic.fna	78.9325	679	2084
NCPPB4602_scaffolds.fasta.supercontigs.fna	GCA_012349115.1_ASM1234911v1_genomic.fna	78.9325	690	2084
NCPPB4602_scaffolds.fasta.supercontigs.fna	GCA_010668515.1_ASM1066851v1_genomic.fna	78.9324	703	2084
NCPPB4602_scaffolds.fasta.supercontigs.fna	GCA_025941625.1_ASM2594162v1_genomic.fna	78.9319	697	2084
NCPPB4602_scaffolds.fasta.supercontigs.fna	GCA_000373285.1_ASM37328v1_genomic.fna	78.9319	688	2084
NCPPB4602_scaffolds.fasta.supercontigs.fna	GCA_022884065.1_ASM2288406v1_genomic.fna	78.9319	590	2084
NCPPB4602_scaffolds.fasta.supercontigs.fna	GCA_011604565.1_ASM1160456v1_genomic.fna	78.9316	682	2084
NCPPB4602_scaffolds.fasta.supercontigs.fna	GCA_013416305.1_ASM1341630v1_genomic.fna	78.9311	689	2084
NCPPB4602_scaffolds.fasta.supercontigs.fna	GCA_019798555.1_ASM1979855v1_genomic.fna	78.9308	711	2084
NCPPB4602_scaffolds.fasta.supercontigs.fna	GCA_004028185.1_WSM448_genomic.fna	78.9308	675	2084
NCPPB4602_scaffolds.fasta.supercontigs.fna	GCA_001679565.1_ASM167956v1_genomic.fna	78.9305	685	2084
NCPPB4602_scaffolds.fasta.supercontigs.fna	GCA_004305765.1_ASM430576v1_genomic.fna	78.9302	690	2084
NCPPB4602_scaffolds.fasta.supercontigs.fna	GCA_004303715.1_ASM430371v1_genomic.fna	78.9302	671	2084
NCPPB4602_scaffolds.fasta.supercontigs.fna	GCA_021052425.1_ASM2105242v1_genomic.fna	78.9301	678	2084
NCPPB4602_scaffolds.fasta.supercontigs.fna	GCA_012275785.1_ASM1227578v1_genomic.fna	78.93	684	2084
NCPPB4602_scaffolds.fasta.supercontigs.fna	GCA_014194425.1_ASM1419442v1_genomic.fna	78.9295	680	2084
NCPPB4602_scaffolds.fasta.supercontigs.fna	GCA_017948245.1_ASM1794824v1_genomic.fna	78.9295	626	2084
NCPPB4602_scaffolds.fasta.supercontigs.fna	GCA_000376185.1_ASM37618v1_genomic.fna	78.9293	118	2084
NCPPB4602_scaffolds.fasta.supercontigs.fna	GCA_019798705.1_ASM1979870v1_genomic.fna	78.9292	673	2084
NCPPB4602_scaffolds.fasta.supercontigs.fna	GCA_029892545.1_ASM2989254v1_genomic.fna	78.9292	680	2084
NCPPB4602_scaffolds.fasta.supercontigs.fna	GCA_004304685.1_ASM430468v1_genomic.fna	78.9291	694	2084
NCPPB4602_scaffolds.fasta.supercontigs.fna	GCA_019779345.1_ASM1977934v1_genomic.fna	78.9285	710	2084
NCPPB4602_scaffolds.fasta.supercontigs.fna	GCA_010668545.1_ASM1066854v1_genomic.fna	78.9281	711	2084
NCPPB4602_scaffolds.fasta.supercontigs.fna	GCA_014138565.1_ASM1413856v1_genomic.fna	78.9281	686	2084
NCPPB4602_scaffolds.fasta.supercontigs.fna	GCA_004303985.1_ASM430398v1_genomic.fna	78.9275	677	2084
NCPPB4602_scaffolds.fasta.supercontigs.fna	GCA_019799435.1_ASM1979943v1_genomic.fna	78.9273	689	2084
NCPPB4602_scaffolds.fasta.supercontigs.fna	GCA_019779525.1_ASM1977952v1_genomic.fna	78.9269	713	2084
NCPPB4602_scaffolds.fasta.supercontigs.fna	GCA_010668825.1_ASM1066882v1_genomic.fna	78.9269	677	2084
NCPPB4602_scaffolds.fasta.supercontigs.fna	GCA_004304035.1_ASM430403v1_genomic.fna	78.9268	685	2084
NCPPB4602_scaffolds.fasta.supercontigs.fna	GCA_010668085.1_ASM1066808v1_genomic.fna	78.9264	669	2084
NCPPB4602_scaffolds.fasta.supercontigs.fna	GCA_004303425.1_ASM430342v1_genomic.fna	78.926	684	2084
NCPPB4602_scaffolds.fasta.supercontigs.fna	GCA_004304455.1_ASM430445v1_genomic.fna	78.926	673	2084
NCPPB4602_scaffolds.fasta.supercontigs.fna	GCA_013004175.1_ASM1300417v1_genomic.fna	78.9258	645	2084
NCPPB4602_scaffolds.fasta.supercontigs.fna	GCA_021391695.1_ASM2139169v1_genomic.fna	78.9256	685	2084
NCPPB4602_scaffolds.fasta.supercontigs.fna	GCA_021559735.1_ASM2155973v1_genomic.fna	78.9255	524	2084
NCPPB4602_scaffolds.fasta.supercontigs.fna	GCA_004330815.1_ASM433081v1_genomic.fna	78.9249	683	2084
NCPPB4602_scaffolds.fasta.supercontigs.fna	GCA_036914655.1_ASM3691465v1_genomic.fna	78.9249	692	2084
NCPPB4602_scaffolds.fasta.supercontigs.fna	GCA_022354505.1_ASM2235450v1_genomic.fna	78.9248	699	2084
NCPPB4602_scaffolds.fasta.supercontigs.fna	GCA_014189555.1_ASM1418955v1_genomic.fna	78.9246	648	2084
NCPPB4602_scaffolds.fasta.supercontigs.fna	GCA_012275645.1_ASM1227564v1_genomic.fna	78.9245	681	2084
NCPPB4602_scaffolds.fasta.supercontigs.fna	GCA_019798685.1_ASM1979868v1_genomic.fna	78.9245	683	2084
NCPPB4602_scaffolds.fasta.supercontigs.fna	GCA_002948295.1_ASM294829v1_genomic.fna	78.9243	694	2084
NCPPB4602_scaffolds.fasta.supercontigs.fna	GCA_014194385.1_ASM1419438v1_genomic.fna	78.924	671	2084
NCPPB4602_scaffolds.fasta.supercontigs.fna	GCA_014198365.1_ASM1419836v1_genomic.fna	78.9238	689	2084
NCPPB4602_scaffolds.fasta.supercontigs.fna	GCA_004330935.1_ASM433093v1_genomic.fna	78.9236	682	2084
NCPPB4602_scaffolds.fasta.supercontigs.fna	GCA_001664265.1_ASM166426v1_genomic.fna	78.9229	671	2084
NCPPB4602_scaffolds.fasta.supercontigs.fna	GCA_010668475.1_ASM1066847v1_genomic.fna	78.9224	681	2084
NCPPB4602_scaffolds.fasta.supercontigs.fna	GCA_002406495.1_L101_genomic.fna	78.9224	665	2084
NCPPB4602_scaffolds.fasta.supercontigs.fna	GCA_019779435.1_ASM1977943v1_genomic.fna	78.9223	697	2084
NCPPB4602_scaffolds.fasta.supercontigs.fna	GCA_003290405.1_ASM329040v1_genomic.fna	78.9222	680	2084
NCPPB4602_scaffolds.fasta.supercontigs.fna	GCA_020447285.1_ASM2044728v1_genomic.fna	78.922	686	2084
NCPPB4602_scaffolds.fasta.supercontigs.fna	GCA_035964835.1_ASM3596483v1_genomic.fna	78.9207	696	2084
NCPPB4602_scaffolds.fasta.supercontigs.fna	GCA_004329985.1_ASM432998v1_genomic.fna	78.9206	662	2084
NCPPB4602_scaffolds.fasta.supercontigs.fna	GCA_021484745.1_ASM2148474v1_genomic.fna	78.9205	684	2084
NCPPB4602_scaffolds.fasta.supercontigs.fna	GCA_017876855.1_ASM1787685v1_genomic.fna	78.9204	568	2084
NCPPB4602_scaffolds.fasta.supercontigs.fna	GCA_001860085.2_Rr4_v2_genomic.fna	78.9204	548	2084
NCPPB4602_scaffolds.fasta.supercontigs.fna	GCA_032918275.1_ASM3291827v1_genomic.fna	78.9198	685	2084
NCPPB4602_scaffolds.fasta.supercontigs.fna	GCA_014873945.1_ASM1487394v1_genomic.fna	78.9196	639	2084
NCPPB4602_scaffolds.fasta.supercontigs.fna	GCA_004303255.1_ASM430325v1_genomic.fna	78.9189	682	2084
NCPPB4602_scaffolds.fasta.supercontigs.fna	GCA_004304155.1_ASM430415v1_genomic.fna	78.9185	686	2084
NCPPB4602_scaffolds.fasta.supercontigs.fna	GCA_019779245.1_ASM1977924v1_genomic.fna	78.9184	714	2084
NCPPB4602_scaffolds.fasta.supercontigs.fna	GCA_004028075.1_ASM402807v1_genomic.fna	78.918	672	2084
NCPPB4602_scaffolds.fasta.supercontigs.fna	GCA_004303815.1_ASM430381v1_genomic.fna	78.9175	682	2084
NCPPB4602_scaffolds.fasta.supercontigs.fna	GCA_019510285.1_ASM1951028v1_genomic.fna	78.9173	497	2084
NCPPB4602_scaffolds.fasta.supercontigs.fna	GCA_014206965.1_ASM1420696v1_genomic.fna	78.9172	688	2084
NCPPB4602_scaffolds.fasta.supercontigs.fna	GCA_000515375.1_ASM51537v1_genomic.fna	78.9171	690	2084
NCPPB4602_scaffolds.fasta.supercontigs.fna	GCA_902706285.1_n18055v0.1_genomic.fna	78.9168	636	2084
NCPPB4602_scaffolds.fasta.supercontigs.fna	GCA_004303885.1_ASM430388v1_genomic.fna	78.9167	693	2084
NCPPB4602_scaffolds.fasta.supercontigs.fna	GCA_010119525.1_ASM1011952v1_genomic.fna	78.9165	642	2084
NCPPB4602_scaffolds.fasta.supercontigs.fna	GCA_017876955.1_ASM1787695v1_genomic.fna	78.9165	567	2084
NCPPB4602_scaffolds.fasta.supercontigs.fna	GCA_004304175.1_ASM430417v1_genomic.fna	78.9164	680	2084
NCPPB4602_scaffolds.fasta.supercontigs.fna	GCA_014194595.1_ASM1419459v1_genomic.fna	78.9164	693	2084
NCPPB4602_scaffolds.fasta.supercontigs.fna	GCA_014194255.1_ASM1419425v1_genomic.fna	78.9162	675	2084
NCPPB4602_scaffolds.fasta.supercontigs.fna	GCA_000023185.1_ASM2318v1_genomic.fna	78.9161	678	2084
NCPPB4602_scaffolds.fasta.supercontigs.fna	GCA_019779105.1_ASM1977910v1_genomic.fna	78.9159	698	2084
NCPPB4602_scaffolds.fasta.supercontigs.fna	GCA_004342335.1_ASM434233v1_genomic.fna	78.9159	543	2084
NCPPB4602_scaffolds.fasta.supercontigs.fna	GCA_004329995.1_ASM432999v1_genomic.fna	78.9159	686	2084
NCPPB4602_scaffolds.fasta.supercontigs.fna	GCA_004304635.1_ASM430463v1_genomic.fna	78.9156	680	2084
NCPPB4602_scaffolds.fasta.supercontigs.fna	GCA_000379005.1_ASM37900v1_genomic.fna	78.9155	683	2084
NCPPB4602_scaffolds.fasta.supercontigs.fna	GCA_019685415.1_ASM1968541v1_genomic.fna	78.9152	619	2084
NCPPB4602_scaffolds.fasta.supercontigs.fna	GCA_012241405.1_ASM1224140v1_genomic.fna	78.9139	659	2084
NCPPB4602_scaffolds.fasta.supercontigs.fna	GCA_019355575.1_ASM1935557v1_genomic.fna	78.9138	543	2084
NCPPB4602_scaffolds.fasta.supercontigs.fna	GCA_039534505.1_ASM3953450v1_genomic.fna	78.9135	636	2084
NCPPB4602_scaffolds.fasta.supercontigs.fna	GCA_019685485.1_ASM1968548v1_genomic.fna	78.9133	627	2084
NCPPB4602_scaffolds.fasta.supercontigs.fna	GCA_001692325.1_ASM169232v1_genomic.fna	78.913	615	2084
NCPPB4602_scaffolds.fasta.supercontigs.fna	GCA_019779535.1_ASM1977953v1_genomic.fna	78.9128	699	2084
NCPPB4602_scaffolds.fasta.supercontigs.fna	GCA_004303755.1_ASM430375v1_genomic.fna	78.9127	668	2084
NCPPB4602_scaffolds.fasta.supercontigs.fna	GCA_019779785.1_ASM1977978v1_genomic.fna	78.9127	678	2084
NCPPB4602_scaffolds.fasta.supercontigs.fna	GCA_002008165.1_ASM200816v1_genomic.fna	78.9123	686	2084
NCPPB4602_scaffolds.fasta.supercontigs.fna	GCA_004330945.1_ASM433094v1_genomic.fna	78.9121	679	2084
NCPPB4602_scaffolds.fasta.supercontigs.fna	GCA_029714245.1_ASM2971424v1_genomic.fna	78.911	696	2084
NCPPB4602_scaffolds.fasta.supercontigs.fna	GCA_001664425.1_ASM166442v1_genomic.fna	78.9109	673	2084
NCPPB4602_scaffolds.fasta.supercontigs.fna	GCA_011604505.1_ASM1160450v1_genomic.fna	78.9104	691	2084
NCPPB4602_scaffolds.fasta.supercontigs.fna	GCA_004329785.1_ASM432978v1_genomic.fna	78.9104	669	2084
NCPPB4602_scaffolds.fasta.supercontigs.fna	GCA_002531655.1_ASM253165v1_genomic.fna	78.9102	708	2084
NCPPB4602_scaffolds.fasta.supercontigs.fna	GCA_012275975.1_ASM1227597v1_genomic.fna	78.91	697	2084
NCPPB4602_scaffolds.fasta.supercontigs.fna	GCA_013426945.1_ASM1342694v1_genomic.fna	78.91	682	2084
NCPPB4602_scaffolds.fasta.supercontigs.fna	GCA_019798745.1_ASM1979874v1_genomic.fna	78.9098	678	2084
NCPPB4602_scaffolds.fasta.supercontigs.fna	GCA_030182545.1_ASM3018254v1_genomic.fna	78.9086	683	2084
NCPPB4602_scaffolds.fasta.supercontigs.fna	GCA_010668925.1_ASM1066892v1_genomic.fna	78.9082	705	2084
NCPPB4602_scaffolds.fasta.supercontigs.fna	GCA_004330265.1_ASM433026v1_genomic.fna	78.9082	681	2084
NCPPB4602_scaffolds.fasta.supercontigs.fna	GCA_012275435.1_ASM1227543v1_genomic.fna	78.9081	586	2084
NCPPB4602_scaffolds.fasta.supercontigs.fna	GCA_019684125.1_ASM1968412v1_genomic.fna	78.9074	624	2084
NCPPB4602_scaffolds.fasta.supercontigs.fna	GCA_004028055.1_ASM402805v1_genomic.fna	78.9071	676	2084
NCPPB4602_scaffolds.fasta.supercontigs.fna	GCA_025200735.1_ASM2520073v1_genomic.fna	78.9065	595	2084
NCPPB4602_scaffolds.fasta.supercontigs.fna	GCA_004303875.1_ASM430387v1_genomic.fna	78.9061	690	2084
NCPPB4602_scaffolds.fasta.supercontigs.fna	GCA_019779725.1_ASM1977972v1_genomic.fna	78.9053	714	2084
NCPPB4602_scaffolds.fasta.supercontigs.fna	GCA_029194105.1_ASM2919410v1_genomic.fna	78.9053	654	2084
NCPPB4602_scaffolds.fasta.supercontigs.fna	GCA_002008155.1_ASM200815v1_genomic.fna	78.9048	693	2084
NCPPB4602_scaffolds.fasta.supercontigs.fna	GCA_001860125.2_Ni1_v2_genomic.fna	78.9046	557	2084
NCPPB4602_scaffolds.fasta.supercontigs.fna	GCA_004303225.1_ASM430322v1_genomic.fna	78.9046	697	2084
NCPPB4602_scaffolds.fasta.supercontigs.fna	GCA_001664525.1_ASM166452v1_genomic.fna	78.9044	666	2084
NCPPB4602_scaffolds.fasta.supercontigs.fna	GCA_010668175.1_ASM1066817v1_genomic.fna	78.9043	692	2084
NCPPB4602_scaffolds.fasta.supercontigs.fna	GCA_019778045.1_ASM1977804v1_genomic.fna	78.9041	682	2084
NCPPB4602_scaffolds.fasta.supercontigs.fna	GCA_029894085.1_ASM2989408v1_genomic.fna	78.9036	676	2084
NCPPB4602_scaffolds.fasta.supercontigs.fna	GCA_019685175.1_ASM1968517v1_genomic.fna	78.9034	620	2084
NCPPB4602_scaffolds.fasta.supercontigs.fna	GCA_019799865.1_ASM1979986v1_genomic.fna	78.9033	683	2084
NCPPB4602_scaffolds.fasta.supercontigs.fna	GCA_004330545.1_ASM433054v1_genomic.fna	78.9028	674	2084
NCPPB4602_scaffolds.fasta.supercontigs.fna	GCA_003024605.1_ASM302460v1_genomic.fna	78.9026	502	2084
NCPPB4602_scaffolds.fasta.supercontigs.fna	GCA_019685435.1_ASM1968543v1_genomic.fna	78.9023	619	2084
NCPPB4602_scaffolds.fasta.supercontigs.fna	GCA_034720605.1_ASM3472060v1_genomic.fna	78.9019	657	2084
NCPPB4602_scaffolds.fasta.supercontigs.fna	GCA_004330615.1_ASM433061v1_genomic.fna	78.9017	677	2084
NCPPB4602_scaffolds.fasta.supercontigs.fna	GCA_019685315.1_ASM1968531v1_genomic.fna	78.9016	627	2084
NCPPB4602_scaffolds.fasta.supercontigs.fna	GCA_000281145.1_Rhizobium.strCF142_v1.0_genomic.fna	78.901	659	2084
NCPPB4602_scaffolds.fasta.supercontigs.fna	GCA_014194285.1_ASM1419428v1_genomic.fna	78.901	668	2084
NCPPB4602_scaffolds.fasta.supercontigs.fna	GCA_019793435.1_ASM1979343v1_genomic.fna	78.9008	670	2084
NCPPB4602_scaffolds.fasta.supercontigs.fna	GCA_019779385.1_ASM1977938v1_genomic.fna	78.9005	700	2084
NCPPB4602_scaffolds.fasta.supercontigs.fna	GCA_021391595.1_ASM2139159v1_genomic.fna	78.8983	684	2084
NCPPB4602_scaffolds.fasta.supercontigs.fna	GCA_004123835.1_ASM412383v1_genomic.fna	78.8982	679	2084
NCPPB4602_scaffolds.fasta.supercontigs.fna	GCA_019778015.1_ASM1977801v1_genomic.fna	78.8978	692	2084
NCPPB4602_scaffolds.fasta.supercontigs.fna	GCA_019779205.1_ASM1977920v1_genomic.fna	78.8974	680	2084
NCPPB4602_scaffolds.fasta.supercontigs.fna	GCA_004303415.1_ASM430341v1_genomic.fna	78.8971	692	2084
NCPPB4602_scaffolds.fasta.supercontigs.fna	GCA_004304355.1_ASM430435v1_genomic.fna	78.897	662	2084
NCPPB4602_scaffolds.fasta.supercontigs.fna	GCA_004329895.1_ASM432989v1_genomic.fna	78.8968	685	2084
NCPPB4602_scaffolds.fasta.supercontigs.fna	GCA_002531905.1_ASM253190v1_genomic.fna	78.8967	675	2084
NCPPB4602_scaffolds.fasta.supercontigs.fna	GCA_000426285.1_ASM42628v1_genomic.fna	78.8964	579	2084
NCPPB4602_scaffolds.fasta.supercontigs.fna	GCA_004304595.1_ASM430459v1_genomic.fna	78.896	688	2084
NCPPB4602_scaffolds.fasta.supercontigs.fna	GCA_013317355.1_ASM1331735v1_genomic.fna	78.896	550	2084
NCPPB4602_scaffolds.fasta.supercontigs.fna	GCA_004912135.1_ASM491213v1_genomic.fna	78.8958	570	2084
NCPPB4602_scaffolds.fasta.supercontigs.fna	GCA_010668425.1_ASM1066842v1_genomic.fna	78.8957	692	2084
NCPPB4602_scaffolds.fasta.supercontigs.fna	GCA_020889605.1_ASM2088960v1_genomic.fna	78.8954	507	2084
NCPPB4602_scaffolds.fasta.supercontigs.fna	GCA_000419745.1_ASM41974v1_genomic.fna	78.8952	683	2084
NCPPB4602_scaffolds.fasta.supercontigs.fna	GCA_002204185.1_ASM220418v1_genomic.fna	78.8949	655	2084
NCPPB4602_scaffolds.fasta.supercontigs.fna	GCA_000172695.2_ASM17269v2_genomic.fna	78.8949	684	2084
NCPPB4602_scaffolds.fasta.supercontigs.fna	GCA_001657485.1_ASM165748v1_genomic.fna	78.8949	684	2084
NCPPB4602_scaffolds.fasta.supercontigs.fna	GCA_003985155.1_ASM398515v1_genomic.fna	78.8948	665	2084
NCPPB4602_scaffolds.fasta.supercontigs.fna	GCA_019685335.1_ASM1968533v1_genomic.fna	78.8943	628	2084
NCPPB4602_scaffolds.fasta.supercontigs.fna	GCA_004304085.1_ASM430408v1_genomic.fna	78.8942	681	2084
NCPPB4602_scaffolds.fasta.supercontigs.fna	GCA_019778645.1_ASM1977864v1_genomic.fna	78.8941	690	2084
NCPPB4602_scaffolds.fasta.supercontigs.fna	GCA_031583855.1_ASM3158385v1_genomic.fna	78.8938	678	2084
NCPPB4602_scaffolds.fasta.supercontigs.fna	GCA_001758275.2_AB4_v2_genomic.fna	78.8937	555	2084
NCPPB4602_scaffolds.fasta.supercontigs.fna	GCA_008502005.1_ASM850200v1_genomic.fna	78.8934	524	2084
NCPPB4602_scaffolds.fasta.supercontigs.fna	GCA_035925625.1_ASM3592562v1_genomic.fna	78.8934	682	2084
NCPPB4602_scaffolds.fasta.supercontigs.fna	GCA_010668215.1_ASM1066821v1_genomic.fna	78.8933	673	2084
NCPPB4602_scaffolds.fasta.supercontigs.fna	GCA_002531715.1_ASM253171v1_genomic.fna	78.8933	660	2084
NCPPB4602_scaffolds.fasta.supercontigs.fna	GCA_014198835.1_ASM1419883v1_genomic.fna	78.8931	673	2084
NCPPB4602_scaffolds.fasta.supercontigs.fna	GCA_019793395.1_ASM1979339v1_genomic.fna	78.8922	667	2084
NCPPB4602_scaffolds.fasta.supercontigs.fna	GCA_014193555.1_ASM1419355v1_genomic.fna	78.8921	631	2084
NCPPB4602_scaffolds.fasta.supercontigs.fna	GCA_019685455.1_ASM1968545v1_genomic.fna	78.8919	635	2084
NCPPB4602_scaffolds.fasta.supercontigs.fna	GCA_004305895.1_ASM430589v1_genomic.fna	78.8905	689	2084
NCPPB4602_scaffolds.fasta.supercontigs.fna	GCA_013004165.1_ASM1300416v1_genomic.fna	78.8904	659	2084
NCPPB4602_scaffolds.fasta.supercontigs.fna	GCA_019685215.1_ASM1968521v1_genomic.fna	78.8901	628	2084
NCPPB4602_scaffolds.fasta.supercontigs.fna	GCA_019685375.1_ASM1968537v1_genomic.fna	78.8897	622	2084
NCPPB4602_scaffolds.fasta.supercontigs.fna	GCA_035966825.1_ASM3596682v1_genomic.fna	78.8894	697	2084
NCPPB4602_scaffolds.fasta.supercontigs.fna	GCA_012275835.1_ASM1227583v1_genomic.fna	78.8894	696	2084
NCPPB4602_scaffolds.fasta.supercontigs.fna	GCA_010668275.1_ASM1066827v1_genomic.fna	78.8889	684	2084
NCPPB4602_scaffolds.fasta.supercontigs.fna	GCA_035920505.1_ASM3592050v1_genomic.fna	78.8887	684	2084
NCPPB4602_scaffolds.fasta.supercontigs.fna	GCA_004305865.1_ASM430586v1_genomic.fna	78.8881	690	2084
NCPPB4602_scaffolds.fasta.supercontigs.fna	GCA_019779155.1_ASM1977915v1_genomic.fna	78.888	688	2084
NCPPB4602_scaffolds.fasta.supercontigs.fna	GCA_014197975.1_ASM1419797v1_genomic.fna	78.8879	694	2084
NCPPB4602_scaffolds.fasta.supercontigs.fna	GCA_019799645.1_ASM1979964v1_genomic.fna	78.8876	702	2084
NCPPB4602_scaffolds.fasta.supercontigs.fna	GCA_001424045.1_Leaf371_genomic.fna	78.8871	538	2084
NCPPB4602_scaffolds.fasta.supercontigs.fna	GCA_000372105.1_ASM37210v1_genomic.fna	78.8865	671	2084
NCPPB4602_scaffolds.fasta.supercontigs.fna	GCA_035971255.1_ASM3597125v1_genomic.fna	78.8857	690	2084
NCPPB4602_scaffolds.fasta.supercontigs.fna	GCA_004304065.1_ASM430406v1_genomic.fna	78.8856	674	2084
NCPPB4602_scaffolds.fasta.supercontigs.fna	GCA_004306285.1_ASM430628v1_genomic.fna	78.885	696	2084
NCPPB4602_scaffolds.fasta.supercontigs.fna	GCA_012276395.1_ASM1227639v1_genomic.fna	78.8845	690	2084
NCPPB4602_scaffolds.fasta.supercontigs.fna	GCA_004304245.1_ASM430424v1_genomic.fna	78.8844	676	2084
NCPPB4602_scaffolds.fasta.supercontigs.fna	GCA_030504645.1_ASM3050464v1_genomic.fna	78.884	622	2084
NCPPB4602_scaffolds.fasta.supercontigs.fna	GCA_010668625.1_ASM1066862v1_genomic.fna	78.8839	697	2084
NCPPB4602_scaffolds.fasta.supercontigs.fna	GCA_009744315.1_ASM974431v1_genomic.fna	78.8839	554	2084
NCPPB4602_scaffolds.fasta.supercontigs.fna	GCA_029076475.1_ASM2907647v1_genomic.fna	78.883	670	2084
NCPPB4602_scaffolds.fasta.supercontigs.fna	GCA_004329885.1_ASM432988v1_genomic.fna	78.8826	688	2084
NCPPB4602_scaffolds.fasta.supercontigs.fna	GCA_004304555.1_ASM430455v1_genomic.fna	78.8823	687	2084
NCPPB4602_scaffolds.fasta.supercontigs.fna	GCA_019778295.1_ASM1977829v1_genomic.fna	78.8819	686	2084
NCPPB4602_scaffolds.fasta.supercontigs.fna	GCA_031583895.1_ASM3158389v1_genomic.fna	78.8815	688	2084
NCPPB4602_scaffolds.fasta.supercontigs.fna	GCA_019685275.1_ASM1968527v1_genomic.fna	78.881	633	2084
NCPPB4602_scaffolds.fasta.supercontigs.fna	GCA_004305545.1_ASM430554v1_genomic.fna	78.8807	681	2084
NCPPB4602_scaffolds.fasta.supercontigs.fna	GCA_000520875.1_ASM52087v1_genomic.fna	78.8803	676	2084
NCPPB4602_scaffolds.fasta.supercontigs.fna	GCA_019685235.1_ASM1968523v1_genomic.fna	78.8803	639	2084
NCPPB4602_scaffolds.fasta.supercontigs.fna	GCA_004304535.1_ASM430453v1_genomic.fna	78.8801	676	2084
NCPPB4602_scaffolds.fasta.supercontigs.fna	GCA_001429245.1_Root274_genomic.fna	78.8797	527	2084
NCPPB4602_scaffolds.fasta.supercontigs.fna	GCA_004306185.1_ASM430618v1_genomic.fna	78.8794	695	2084
NCPPB4602_scaffolds.fasta.supercontigs.fna	GCA_012276215.1_ASM1227621v1_genomic.fna	78.8792	690	2084
NCPPB4602_scaffolds.fasta.supercontigs.fna	GCA_004303735.1_ASM430373v1_genomic.fna	78.8782	693	2084
NCPPB4602_scaffolds.fasta.supercontigs.fna	GCA_014194045.1_ASM1419404v1_genomic.fna	78.8781	693	2084
NCPPB4602_scaffolds.fasta.supercontigs.fna	GCA_035927805.1_ASM3592780v1_genomic.fna	78.8776	690	2084
NCPPB4602_scaffolds.fasta.supercontigs.fna	GCA_003240565.2_ASM324056v2_genomic.fna	78.8768	531	2084
NCPPB4602_scaffolds.fasta.supercontigs.fna	GCA_000442435.1_ASM44243v1_genomic.fna	78.8759	660	2084
NCPPB4602_scaffolds.fasta.supercontigs.fna	GCA_019799685.1_ASM1979968v1_genomic.fna	78.8755	599	2084
NCPPB4602_scaffolds.fasta.supercontigs.fna	GCA_031583835.1_ASM3158383v1_genomic.fna	78.875	667	2084
NCPPB4602_scaffolds.fasta.supercontigs.fna	GCA_004304705.1_ASM430470v1_genomic.fna	78.8743	686	2084
NCPPB4602_scaffolds.fasta.supercontigs.fna	GCA_000430465.3_TA12020_genomic.fna	78.8739	684	2084
NCPPB4602_scaffolds.fasta.supercontigs.fna	GCA_001424505.1_Leaf391_genomic.fna	78.8735	585	2084
NCPPB4602_scaffolds.fasta.supercontigs.fna	GCA_019779395.1_ASM1977939v1_genomic.fna	78.8732	686	2084
NCPPB4602_scaffolds.fasta.supercontigs.fna	GCA_012275595.1_ASM1227559v1_genomic.fna	78.8727	695	2084
NCPPB4602_scaffolds.fasta.supercontigs.fna	GCA_004330855.1_ASM433085v1_genomic.fna	78.8725	685	2084
NCPPB4602_scaffolds.fasta.supercontigs.fna	GCA_014194575.1_ASM1419457v1_genomic.fna	78.8721	671	2084
NCPPB4602_scaffolds.fasta.supercontigs.fna	GCA_019778105.1_ASM1977810v1_genomic.fna	78.8719	691	2084
NCPPB4602_scaffolds.fasta.supercontigs.fna	GCA_012276315.1_ASM1227631v1_genomic.fna	78.8686	686	2084
NCPPB4602_scaffolds.fasta.supercontigs.fna	GCA_004303835.1_ASM430383v1_genomic.fna	78.868	681	2084
NCPPB4602_scaffolds.fasta.supercontigs.fna	GCA_009744005.1_ASM974400v1_genomic.fna	78.867	521	2084
NCPPB4602_scaffolds.fasta.supercontigs.fna	GCA_004330735.1_ASM433073v1_genomic.fna	78.8669	679	2084
NCPPB4602_scaffolds.fasta.supercontigs.fna	GCA_019685255.1_ASM1968525v1_genomic.fna	78.8668	625	2084
NCPPB4602_scaffolds.fasta.supercontigs.fna	GCA_014189575.1_ASM1418957v1_genomic.fna	78.8665	684	2084
NCPPB4602_scaffolds.fasta.supercontigs.fna	GCA_003627795.1_ASM362779v1_genomic.fna	78.8663	629	2084
NCPPB4602_scaffolds.fasta.supercontigs.fna	GCA_019778185.1_ASM1977818v1_genomic.fna	78.866	670	2084
NCPPB4602_scaffolds.fasta.supercontigs.fna	GCA_014727215.1_ASM1472721v1_genomic.fna	78.8658	568	2084
NCPPB4602_scaffolds.fasta.supercontigs.fna	GCA_001425145.1_Root1240_genomic.fna	78.865	530	2084
NCPPB4602_scaffolds.fasta.supercontigs.fna	GCA_000292525.1_ASM29252v1_genomic.fna	78.8641	657	2084
NCPPB4602_scaffolds.fasta.supercontigs.fna	GCA_035965735.1_ASM3596573v1_genomic.fna	78.864	687	2084
NCPPB4602_scaffolds.fasta.supercontigs.fna	GCA_004303275.1_ASM430327v1_genomic.fna	78.864	673	2084
NCPPB4602_scaffolds.fasta.supercontigs.fna	GCA_030518245.1_ASM3051824v1_genomic.fna	78.8631	645	2084
NCPPB4602_scaffolds.fasta.supercontigs.fna	GCA_019778285.1_ASM1977828v1_genomic.fna	78.863	687	2084
NCPPB4602_scaffolds.fasta.supercontigs.fna	GCA_019685185.1_ASM1968518v1_genomic.fna	78.8626	629	2084
NCPPB4602_scaffolds.fasta.supercontigs.fna	GCA_021026315.1_ASM2102631v1_genomic.fna	78.862	513	2084
NCPPB4602_scaffolds.fasta.supercontigs.fna	GCA_019685395.1_ASM1968539v1_genomic.fna	78.8616	633	2084
NCPPB4602_scaffolds.fasta.supercontigs.fna	GCA_900094565.1_IMG-taxon_2615840626_annotated_assembly_genomic.fna	78.8612	606	2084
NCPPB4602_scaffolds.fasta.supercontigs.fna	GCA_031583875.1_ASM3158387v1_genomic.fna	78.8611	692	2084
NCPPB4602_scaffolds.fasta.supercontigs.fna	GCA_019685295.1_ASM1968529v1_genomic.fna	78.8611	636	2084
NCPPB4602_scaffolds.fasta.supercontigs.fna	GCA_014198785.1_ASM1419878v1_genomic.fna	78.8596	629	2084
NCPPB4602_scaffolds.fasta.supercontigs.fna	GCA_004329875.1_ASM432987v1_genomic.fna	78.8593	665	2084
NCPPB4602_scaffolds.fasta.supercontigs.fna	GCA_963515175.1_ERR9969061_bin.5_MetaWRAP_v1.3_MAG_genomic.fna	78.8592	576	2084
NCPPB4602_scaffolds.fasta.supercontigs.fna	GCA_034554815.1_ASM3455481v1_genomic.fna	78.8573	682	2084
NCPPB4602_scaffolds.fasta.supercontigs.fna	GCA_021391655.1_ASM2139165v1_genomic.fna	78.8573	692	2084
NCPPB4602_scaffolds.fasta.supercontigs.fna	GCA_001675175.1_ASM167517v1_genomic.fna	78.8557	580	2084
NCPPB4602_scaffolds.fasta.supercontigs.fna	GCA_002119845.1_ASM211984v1_genomic.fna	78.8556	655	2084
NCPPB4602_scaffolds.fasta.supercontigs.fna	GCA_032918285.1_ASM3291828v1_genomic.fna	78.8555	681	2084
NCPPB4602_scaffolds.fasta.supercontigs.fna	GCA_900111905.1_IMG-taxon_2599185236_annotated_assembly_genomic.fna	78.8551	682	2084
NCPPB4602_scaffolds.fasta.supercontigs.fna	GCA_019511375.1_ASM1951137v1_genomic.fna	78.8551	533	2084
NCPPB4602_scaffolds.fasta.supercontigs.fna	GCA_004306515.1_ASM430651v1_genomic.fna	78.8541	681	2084
NCPPB4602_scaffolds.fasta.supercontigs.fna	GCA_017305405.1_ASM1730540v1_genomic.fna	78.8535	588	2084
NCPPB4602_scaffolds.fasta.supercontigs.fna	GCA_032918395.1_ASM3291839v1_genomic.fna	78.8532	687	2084
NCPPB4602_scaffolds.fasta.supercontigs.fna	GCA_004330755.1_ASM433075v1_genomic.fna	78.8529	689	2084
NCPPB4602_scaffolds.fasta.supercontigs.fna	GCA_014198415.1_ASM1419841v1_genomic.fna	78.8526	668	2084
NCPPB4602_scaffolds.fasta.supercontigs.fna	GCA_006443685.1_ASM644368v1_genomic.fna	78.8526	550	2084
NCPPB4602_scaffolds.fasta.supercontigs.fna	GCA_004304365.1_ASM430436v1_genomic.fna	78.8524	682	2084
NCPPB4602_scaffolds.fasta.supercontigs.fna	GCA_021397605.1_ASM2139760v1_genomic.fna	78.8499	691	2084
NCPPB4602_scaffolds.fasta.supercontigs.fna	GCA_000359745.1_Rhizobium_sp._genomic.fna	78.8498	628	2084
NCPPB4602_scaffolds.fasta.supercontigs.fna	GCA_024721175.1_ASM2472117v1_genomic.fna	78.8466	646	2084
NCPPB4602_scaffolds.fasta.supercontigs.fna	GCA_900094625.1_IMG-taxon_2615840624_annotated_assembly_genomic.fna	78.8451	638	2084
NCPPB4602_scaffolds.fasta.supercontigs.fna	GCA_022953395.1_ASM2295339v1_genomic.fna	78.8447	513	2084
NCPPB4602_scaffolds.fasta.supercontigs.fna	GCA_004304385.1_ASM430438v1_genomic.fna	78.8441	683	2084
NCPPB4602_scaffolds.fasta.supercontigs.fna	GCA_004330555.1_ASM433055v1_genomic.fna	78.8425	683	2084
NCPPB4602_scaffolds.fasta.supercontigs.fna	GCA_019355615.1_ASM1935561v1_genomic.fna	78.8421	554	2084
NCPPB4602_scaffolds.fasta.supercontigs.fna	GCA_900108545.1_IMG-taxon_2600254933_annotated_assembly_genomic.fna	78.8415	561	2084
NCPPB4602_scaffolds.fasta.supercontigs.fna	GCA_026622855.1_ASM2662285v1_genomic.fna	78.8414	588	2084
NCPPB4602_scaffolds.fasta.supercontigs.fna	GCA_000092045.1_ASM9204v1_genomic.fna	78.8407	662	2084
NCPPB4602_scaffolds.fasta.supercontigs.fna	GCA_004330225.1_ASM433022v1_genomic.fna	78.8396	679	2084
NCPPB4602_scaffolds.fasta.supercontigs.fna	GCA_032918405.1_ASM3291840v1_genomic.fna	78.8395	684	2084
NCPPB4602_scaffolds.fasta.supercontigs.fna	GCA_013426935.1_ASM1342693v1_genomic.fna	78.8388	699	2084
NCPPB4602_scaffolds.fasta.supercontigs.fna	GCA_019685085.1_ASM1968508v1_genomic.fna	78.8381	632	2084
NCPPB4602_scaffolds.fasta.supercontigs.fna	GCA_019778085.1_ASM1977808v1_genomic.fna	78.8365	672	2084
NCPPB4602_scaffolds.fasta.supercontigs.fna	GCA_003939025.1_ASM393902v1_genomic.fna	78.8363	680	2084
NCPPB4602_scaffolds.fasta.supercontigs.fna	GCA_008000915.1_ASM800091v1_genomic.fna	78.8361	535	2084
NCPPB4602_scaffolds.fasta.supercontigs.fna	GCA_010668395.1_ASM1066839v1_genomic.fna	78.8358	599	2084
NCPPB4602_scaffolds.fasta.supercontigs.fna	GCA_019778205.1_ASM1977820v1_genomic.fna	78.8354	685	2084
NCPPB4602_scaffolds.fasta.supercontigs.fna	GCA_019798545.1_ASM1979854v1_genomic.fna	78.8353	699	2084
NCPPB4602_scaffolds.fasta.supercontigs.fna	GCA_014198545.1_ASM1419854v1_genomic.fna	78.8349	670	2084
NCPPB4602_scaffolds.fasta.supercontigs.fna	GCA_000379605.1_ASM37960v1_genomic.fna	78.8348	589	2084
NCPPB4602_scaffolds.fasta.supercontigs.fna	GCA_900094545.1_IMG-taxon_2617270742_annotated_assembly_genomic.fna	78.8341	603	2084
NCPPB4602_scaffolds.fasta.supercontigs.fna	GCA_000799755.1_ASM79975v1_genomic.fna	78.8339	622	2084
NCPPB4602_scaffolds.fasta.supercontigs.fna	GCA_012276375.1_ASM1227637v1_genomic.fna	78.8337	689	2084
NCPPB4602_scaffolds.fasta.supercontigs.fna	GCA_025780115.1_ASM2578011v1_genomic.fna	78.833	555	2084
NCPPB4602_scaffolds.fasta.supercontigs.fna	GCA_029892905.1_ASM2989290v1_genomic.fna	78.8327	689	2084
NCPPB4602_scaffolds.fasta.supercontigs.fna	GCA_004303975.1_ASM430397v1_genomic.fna	78.8294	688	2084
NCPPB4602_scaffolds.fasta.supercontigs.fna	GCA_032918375.1_ASM3291837v1_genomic.fna	78.8288	688	2084
NCPPB4602_scaffolds.fasta.supercontigs.fna	GCA_029714285.1_ASM2971428v1_genomic.fna	78.8282	567	2084
NCPPB4602_scaffolds.fasta.supercontigs.fna	GCA_017876795.1_ASM1787679v1_genomic.fna	78.8266	677	2084
NCPPB4602_scaffolds.fasta.supercontigs.fna	GCA_004304285.1_ASM430428v1_genomic.fna	78.8251	700	2084
NCPPB4602_scaffolds.fasta.supercontigs.fna	GCA_004303625.1_ASM430362v1_genomic.fna	78.8242	685	2084
NCPPB4602_scaffolds.fasta.supercontigs.fna	GCA_019798605.1_ASM1979860v1_genomic.fna	78.824	686	2084
NCPPB4602_scaffolds.fasta.supercontigs.fna	GCA_017352135.1_ASM1735213v1_genomic.fna	78.8235	640	2084
NCPPB4602_scaffolds.fasta.supercontigs.fna	GCA_005862185.2_ASM586218v2_genomic.fna	78.8234	683	2084
NCPPB4602_scaffolds.fasta.supercontigs.fna	GCA_012275345.1_ASM1227534v1_genomic.fna	78.8216	613	2084
NCPPB4602_scaffolds.fasta.supercontigs.fna	GCA_018987265.1_ASM1898726v1_genomic.fna	78.8215	642	2084
NCPPB4602_scaffolds.fasta.supercontigs.fna	GCA_035282125.1_ASM3528212v1_genomic.fna	78.821	657	2084
NCPPB4602_scaffolds.fasta.supercontigs.fna	GCA_900094585.1_IMG-taxon_2615840698_annotated_assembly_genomic.fna	78.8204	632	2084
NCPPB4602_scaffolds.fasta.supercontigs.fna	GCA_019684665.1_ASM1968466v1_genomic.fna	78.8203	652	2084
NCPPB4602_scaffolds.fasta.supercontigs.fna	GCA_009744345.1_ASM974434v1_genomic.fna	78.8202	566	2084
NCPPB4602_scaffolds.fasta.supercontigs.fna	GCA_011604485.1_ASM1160448v1_genomic.fna	78.8201	687	2084
NCPPB4602_scaffolds.fasta.supercontigs.fna	GCA_014196235.1_ASM1419623v1_genomic.fna	78.8193	676	2084
NCPPB4602_scaffolds.fasta.supercontigs.fna	GCA_014200135.1_ASM1420013v1_genomic.fna	78.819	659	2084
NCPPB4602_scaffolds.fasta.supercontigs.fna	GCA_000373025.1_ASM37302v1_genomic.fna	78.8188	697	2084
NCPPB4602_scaffolds.fasta.supercontigs.fna	GCA_009744225.1_ASM974422v1_genomic.fna	78.8171	528	2084
NCPPB4602_scaffolds.fasta.supercontigs.fna	GCA_031583915.1_ASM3158391v1_genomic.fna	78.8168	698	2084
NCPPB4602_scaffolds.fasta.supercontigs.fna	GCA_019685345.1_ASM1968534v1_genomic.fna	78.8168	650	2084
NCPPB4602_scaffolds.fasta.supercontigs.fna	GCA_003610155.1_ASM361015v1_genomic.fna	78.8161	630	2084
NCPPB4602_scaffolds.fasta.supercontigs.fna	GCA_004054165.1_ASM405416v1_genomic.fna	78.8158	670	2084
NCPPB4602_scaffolds.fasta.supercontigs.fna	GCA_000799715.1_ASM79971v1_genomic.fna	78.8135	653	2084
NCPPB4602_scaffolds.fasta.supercontigs.fna	GCA_014194915.1_ASM1419491v1_genomic.fna	78.8126	610	2084
NCPPB4602_scaffolds.fasta.supercontigs.fna	GCA_000373425.1_ASM37342v1_genomic.fna	78.8122	680	2084
NCPPB4602_scaffolds.fasta.supercontigs.fna	GCA_001296045.1_ASM129604v1_genomic.fna	78.812	500	2084
NCPPB4602_scaffolds.fasta.supercontigs.fna	GCA_014200175.1_ASM1420017v1_genomic.fna	78.8115	657	2084
NCPPB4602_scaffolds.fasta.supercontigs.fna	GCA_019684835.1_ASM1968483v1_genomic.fna	78.811	643	2084
NCPPB4602_scaffolds.fasta.supercontigs.fna	GCA_009755765.1_ASM975576v1_genomic.fna	78.8108	697	2084
NCPPB4602_scaffolds.fasta.supercontigs.fna	GCA_014200235.1_ASM1420023v1_genomic.fna	78.8106	598	2084
NCPPB4602_scaffolds.fasta.supercontigs.fna	GCA_019355815.1_ASM1935581v1_genomic.fna	78.8099	545	2084
NCPPB4602_scaffolds.fasta.supercontigs.fna	GCA_029691985.1_ASM2969198v1_genomic.fna	78.8091	522	2084
NCPPB4602_scaffolds.fasta.supercontigs.fna	GCA_031583805.1_ASM3158380v1_genomic.fna	78.8091	682	2084
NCPPB4602_scaffolds.fasta.supercontigs.fna	GCA_017873135.1_ASM1787313v1_genomic.fna	78.809	601	2084
NCPPB4602_scaffolds.fasta.supercontigs.fna	GCA_019778365.1_ASM1977836v1_genomic.fna	78.8089	680	2084
NCPPB4602_scaffolds.fasta.supercontigs.fna	GCA_030182455.1_ASM3018245v1_genomic.fna	78.8087	609	2084
NCPPB4602_scaffolds.fasta.supercontigs.fna	GCA_030160595.1_ASM3016059v1_genomic.fna	78.8077	675	2084
NCPPB4602_scaffolds.fasta.supercontigs.fna	GCA_004766535.1_ASM476653v1_genomic.fna	78.8077	604	2084
NCPPB4602_scaffolds.fasta.supercontigs.fna	GCA_019684795.1_ASM1968479v1_genomic.fna	78.8071	643	2084
NCPPB4602_scaffolds.fasta.supercontigs.fna	GCA_019778005.1_ASM1977800v1_genomic.fna	78.8071	698	2084
NCPPB4602_scaffolds.fasta.supercontigs.fna	GCA_014191925.1_ASM1419192v1_genomic.fna	78.8068	689	2084
NCPPB4602_scaffolds.fasta.supercontigs.fna	GCA_001899545.1_ASM189954v1_genomic.fna	78.8065	630	2084
NCPPB4602_scaffolds.fasta.supercontigs.fna	GCA_004054135.1_ASM405413v1_genomic.fna	78.8058	666	2084
NCPPB4602_scaffolds.fasta.supercontigs.fna	GCA_019684685.1_ASM1968468v1_genomic.fna	78.8053	644	2084
NCPPB4602_scaffolds.fasta.supercontigs.fna	GCA_001652265.1_ASM165226v1_genomic.fna	78.8049	682	2084
NCPPB4602_scaffolds.fasta.supercontigs.fna	GCA_003985135.1_ASM398513v1_genomic.fna	78.8041	664	2084
NCPPB4602_scaffolds.fasta.supercontigs.fna	GCA_019684535.1_ASM1968453v1_genomic.fna	78.8041	642	2084
NCPPB4602_scaffolds.fasta.supercontigs.fna	GCA_001424085.1_Leaf386_genomic.fna	78.8034	581	2084
NCPPB4602_scaffolds.fasta.supercontigs.fna	GCA_019684725.1_ASM1968472v1_genomic.fna	78.8033	648	2084
NCPPB4602_scaffolds.fasta.supercontigs.fna	GCA_003627775.1_ASM362777v1_genomic.fna	78.803	630	2084
NCPPB4602_scaffolds.fasta.supercontigs.fna	GCA_002531885.1_ASM253188v1_genomic.fna	78.8025	624	2084
NCPPB4602_scaffolds.fasta.supercontigs.fna	GCA_001425605.1_Leaf453_genomic.fna	78.7993	584	2084
NCPPB4602_scaffolds.fasta.supercontigs.fna	GCA_001423215.1_Leaf321_genomic.fna	78.7992	586	2084
NCPPB4602_scaffolds.fasta.supercontigs.fna	GCA_900156055.1_IMG-taxon_2708742397_annotated_assembly_genomic.fna	78.7987	533	2084
NCPPB4602_scaffolds.fasta.supercontigs.fna	GCA_014197585.1_ASM1419758v1_genomic.fna	78.7977	604	2084
NCPPB4602_scaffolds.fasta.supercontigs.fna	GCA_010815565.1_ASM1081556v1_genomic.fna	78.7967	602	2084
NCPPB4602_scaffolds.fasta.supercontigs.fna	GCA_019778265.1_ASM1977826v1_genomic.fna	78.7963	693	2084
NCPPB4602_scaffolds.fasta.supercontigs.fna	GCA_010668605.1_ASM1066860v1_genomic.fna	78.7958	682	2084
NCPPB4602_scaffolds.fasta.supercontigs.fna	GCA_014138515.1_ASM1413851v1_genomic.fna	78.7946	681	2084
NCPPB4602_scaffolds.fasta.supercontigs.fna	GCA_000271825.1_ASM27182v1_genomic.fna	78.7942	676	2084
NCPPB4602_scaffolds.fasta.supercontigs.fna	GCA_030369675.1_ASM3036967v1_genomic.fna	78.794	504	2084
NCPPB4602_scaffolds.fasta.supercontigs.fna	GCA_014200155.1_ASM1420015v1_genomic.fna	78.7936	667	2084
NCPPB4602_scaffolds.fasta.supercontigs.fna	GCA_004330845.1_ASM433084v1_genomic.fna	78.7917	688	2084
NCPPB4602_scaffolds.fasta.supercontigs.fna	GCA_014207055.1_ASM1420705v1_genomic.fna	78.7908	607	2084
NCPPB4602_scaffolds.fasta.supercontigs.fna	GCA_036528795.1_ASM3652879v1_genomic.fna	78.79	294	2084
NCPPB4602_scaffolds.fasta.supercontigs.fna	GCA_019684905.1_ASM1968490v1_genomic.fna	78.7893	646	2084
NCPPB4602_scaffolds.fasta.supercontigs.fna	GCA_019684495.1_ASM1968449v1_genomic.fna	78.789	633	2084
NCPPB4602_scaffolds.fasta.supercontigs.fna	GCA_019684615.1_ASM1968461v1_genomic.fna	78.7887	640	2084
NCPPB4602_scaffolds.fasta.supercontigs.fna	GCA_014200295.1_ASM1420029v1_genomic.fna	78.7871	601	2084
NCPPB4602_scaffolds.fasta.supercontigs.fna	GCA_019684215.1_ASM1968421v1_genomic.fna	78.7867	615	2084
NCPPB4602_scaffolds.fasta.supercontigs.fna	GCA_017357245.1_ASM1735724v1_genomic.fna	78.7862	619	2084
NCPPB4602_scaffolds.fasta.supercontigs.fna	GCA_012641405.1_ASM1264140v1_genomic.fna	78.7862	618	2084
NCPPB4602_scaffolds.fasta.supercontigs.fna	GCA_014207015.1_ASM1420701v1_genomic.fna	78.7854	562	2084
NCPPB4602_scaffolds.fasta.supercontigs.fna	GCA_019684635.1_ASM1968463v1_genomic.fna	78.7847	637	2084
NCPPB4602_scaffolds.fasta.supercontigs.fna	GCA_000330885.1_ASM33088v1_genomic.fna	78.784	612	2084
NCPPB4602_scaffolds.fasta.supercontigs.fna	GCA_025779975.1_ASM2577997v1_genomic.fna	78.7829	562	2084
NCPPB4602_scaffolds.fasta.supercontigs.fna	GCA_019684195.1_ASM1968419v1_genomic.fna	78.7802	646	2084
NCPPB4602_scaffolds.fasta.supercontigs.fna	GCA_017741825.1_ASM1774182v1_genomic.fna	78.7798	541	2084
NCPPB4602_scaffolds.fasta.supercontigs.fna	GCA_025200715.1_ASM2520071v1_genomic.fna	78.7792	564	2084
NCPPB4602_scaffolds.fasta.supercontigs.fna	GCA_031455475.1_ASM3145547v1_genomic.fna	78.7791	640	2084
NCPPB4602_scaffolds.fasta.supercontigs.fna	GCA_014193155.1_ASM1419315v1_genomic.fna	78.7763	586	2084
NCPPB4602_scaffolds.fasta.supercontigs.fna	GCA_013087605.1_ASM1308760v1_genomic.fna	78.776	689	2084
NCPPB4602_scaffolds.fasta.supercontigs.fna	GCA_019684545.1_ASM1968454v1_genomic.fna	78.7758	648	2084
NCPPB4602_scaffolds.fasta.supercontigs.fna	GCA_019684715.1_ASM1968471v1_genomic.fna	78.7756	637	2084
NCPPB4602_scaffolds.fasta.supercontigs.fna	GCA_936919715.1_ERR2144882_bin.0_CONCOCT_v1.1_MAG_genomic.fna	78.7745	579	2084
NCPPB4602_scaffolds.fasta.supercontigs.fna	GCA_019780005.1_ASM1978000v1_genomic.fna	78.7744	616	2084
NCPPB4602_scaffolds.fasta.supercontigs.fna	GCA_019684115.1_ASM1968411v1_genomic.fna	78.7744	606	2084
NCPPB4602_scaffolds.fasta.supercontigs.fna	GCA_014193575.1_ASM1419357v1_genomic.fna	78.7717	607	2084
NCPPB4602_scaffolds.fasta.supercontigs.fna	GCA_019684385.1_ASM1968438v1_genomic.fna	78.77	629	2084
NCPPB4602_scaffolds.fasta.supercontigs.fna	GCA_012641435.1_ASM1264143v1_genomic.fna	78.7698	547	2084
NCPPB4602_scaffolds.fasta.supercontigs.fna	GCA_019684815.1_ASM1968481v1_genomic.fna	78.7696	656	2084
NCPPB4602_scaffolds.fasta.supercontigs.fna	GCA_014195115.1_ASM1419511v1_genomic.fna	78.7684	584	2084
NCPPB4602_scaffolds.fasta.supercontigs.fna	GCA_036528765.1_ASM3652876v1_genomic.fna	78.7682	482	2084
NCPPB4602_scaffolds.fasta.supercontigs.fna	GCA_019684095.1_ASM1968409v1_genomic.fna	78.7652	607	2084
NCPPB4602_scaffolds.fasta.supercontigs.fna	GCA_014193955.1_ASM1419395v1_genomic.fna	78.7647	613	2084
NCPPB4602_scaffolds.fasta.supercontigs.fna	GCA_030182495.1_ASM3018249v1_genomic.fna	78.7643	602	2084
NCPPB4602_scaffolds.fasta.supercontigs.fna	GCA_019684415.1_ASM1968441v1_genomic.fna	78.7632	633	2084
NCPPB4602_scaffolds.fasta.supercontigs.fna	GCA_019684515.1_ASM1968451v1_genomic.fna	78.7605	650	2084
NCPPB4602_scaffolds.fasta.supercontigs.fna	GCA_019357455.1_ASM1935745v1_genomic.fna	78.7603	601	2084
NCPPB4602_scaffolds.fasta.supercontigs.fna	GCA_001662125.1_ASM166212v1_genomic.fna	78.7603	620	2084
NCPPB4602_scaffolds.fasta.supercontigs.fna	GCA_002117485.1_ASM211748v1_genomic.fna	78.7597	634	2084
NCPPB4602_scaffolds.fasta.supercontigs.fna	GCA_019684775.1_ASM1968477v1_genomic.fna	78.7589	662	2084
NCPPB4602_scaffolds.fasta.supercontigs.fna	GCA_014200185.1_ASM1420018v1_genomic.fna	78.758	607	2084
NCPPB4602_scaffolds.fasta.supercontigs.fna	GCA_017741845.1_ASM1774184v1_genomic.fna	78.7568	552	2084
NCPPB4602_scaffolds.fasta.supercontigs.fna	GCA_019780025.1_ASM1978002v1_genomic.fna	78.7555	623	2084
NCPPB4602_scaffolds.fasta.supercontigs.fna	GCA_004028085.1_ASM402808v1_genomic.fna	78.7525	671	2084
NCPPB4602_scaffolds.fasta.supercontigs.fna	GCA_004330745.1_ASM433074v1_genomic.fna	78.7513	682	2084
NCPPB4602_scaffolds.fasta.supercontigs.fna	GCA_017873095.1_ASM1787309v1_genomic.fna	78.7509	568	2084
NCPPB4602_scaffolds.fasta.supercontigs.fna	GCA_014195175.1_ASM1419517v1_genomic.fna	78.7506	583	2084
NCPPB4602_scaffolds.fasta.supercontigs.fna	GCA_019778225.1_ASM1977822v1_genomic.fna	78.7494	699	2084
NCPPB4602_scaffolds.fasta.supercontigs.fna	GCA_019684425.1_ASM1968442v1_genomic.fna	78.7488	624	2084
NCPPB4602_scaffolds.fasta.supercontigs.fna	GCA_019780035.1_ASM1978003v1_genomic.fna	78.7486	625	2084
NCPPB4602_scaffolds.fasta.supercontigs.fna	GCA_013320965.1_ASM1332096v1_genomic.fna	78.7484	598	2084
NCPPB4602_scaffolds.fasta.supercontigs.fna	GCA_020871915.1_ASM2087191v1_genomic.fna	78.7483	600	2084
NCPPB4602_scaffolds.fasta.supercontigs.fna	GCA_000483325.1_ASM48332v1_genomic.fna	78.7471	110	2084
NCPPB4602_scaffolds.fasta.supercontigs.fna	GCA_019684315.1_ASM1968431v1_genomic.fna	78.7467	661	2084
NCPPB4602_scaffolds.fasta.supercontigs.fna	GCA_017357225.1_ASM1735722v1_genomic.fna	78.7461	690	2084
NCPPB4602_scaffolds.fasta.supercontigs.fna	GCA_900176345.1_IMG-taxon_2716884867_annotated_assembly_genomic.fna	78.745	577	2084
NCPPB4602_scaffolds.fasta.supercontigs.fna	GCA_938008855.1_SRR3901701_bin.3_CONCOCT_v1.1_MAG_genomic.fna	78.7447	608	2084
NCPPB4602_scaffolds.fasta.supercontigs.fna	GCA_003287875.1_ASM328787v1_genomic.fna	78.7432	603	2084
NCPPB4602_scaffolds.fasta.supercontigs.fna	GCA_021026335.1_ASM2102633v1_genomic.fna	78.7425	456	2084
NCPPB4602_scaffolds.fasta.supercontigs.fna	GCA_030182485.1_ASM3018248v1_genomic.fna	78.7407	633	2084
NCPPB4602_scaffolds.fasta.supercontigs.fna	GCA_002944315.1_ASM294431v1_genomic.fna	78.7403	600	2084
NCPPB4602_scaffolds.fasta.supercontigs.fna	GCA_009743925.1_ASM974392v1_genomic.fna	78.7397	550	2084
NCPPB4602_scaffolds.fasta.supercontigs.fna	GCA_012276575.1_ASM1227657v1_genomic.fna	78.7387	672	2084
NCPPB4602_scaffolds.fasta.supercontigs.fna	GCA_019778245.1_ASM1977824v1_genomic.fna	78.7375	708	2084
NCPPB4602_scaffolds.fasta.supercontigs.fna	GCA_000377185.1_ASM37718v1_genomic.fna	78.7358	493	2084
NCPPB4602_scaffolds.fasta.supercontigs.fna	GCA_017741745.1_ASM1774174v1_genomic.fna	78.7356	547	2084
NCPPB4602_scaffolds.fasta.supercontigs.fna	GCA_900094555.1_IMG-taxon_2615840609_annotated_assembly_genomic.fna	78.7339	646	2084
NCPPB4602_scaffolds.fasta.supercontigs.fna	GCA_001724035.1_ASM172403v1_genomic.fna	78.7337	541	2084
NCPPB4602_scaffolds.fasta.supercontigs.fna	GCA_003938655.1_ASM393865v1_genomic.fna	78.7316	676	2084
NCPPB4602_scaffolds.fasta.supercontigs.fna	GCA_019684135.1_ASM1968413v1_genomic.fna	78.7298	623	2084
NCPPB4602_scaffolds.fasta.supercontigs.fna	GCA_937997565.1_SRR3330211_bin.104_CONCOCT_v1.1_MAG_genomic.fna	78.7289	255	2084
NCPPB4602_scaffolds.fasta.supercontigs.fna	GCA_019684855.1_ASM1968485v1_genomic.fna	78.7267	634	2084
NCPPB4602_scaffolds.fasta.supercontigs.fna	GCA_008370325.1_ASM837032v1_genomic.fna	78.7266	618	2084
NCPPB4602_scaffolds.fasta.supercontigs.fna	GCA_019684755.1_ASM1968475v1_genomic.fna	78.7245	660	2084
NCPPB4602_scaffolds.fasta.supercontigs.fna	GCA_019684375.1_ASM1968437v1_genomic.fna	78.7237	642	2084
NCPPB4602_scaffolds.fasta.supercontigs.fna	GCA_019684455.1_ASM1968445v1_genomic.fna	78.7237	685	2084
NCPPB4602_scaffolds.fasta.supercontigs.fna	GCA_019684245.1_ASM1968424v1_genomic.fna	78.723	668	2084
NCPPB4602_scaffolds.fasta.supercontigs.fna	GCA_019780065.1_ASM1978006v1_genomic.fna	78.722	615	2084
NCPPB4602_scaffolds.fasta.supercontigs.fna	GCA_001426685.1_Root483D2_genomic.fna	78.7218	578	2084
NCPPB4602_scaffolds.fasta.supercontigs.fna	GCA_014193265.1_ASM1419326v1_genomic.fna	78.7211	606	2084
NCPPB4602_scaffolds.fasta.supercontigs.fna	GCA_019684325.1_ASM1968432v1_genomic.fna	78.7178	656	2084
NCPPB4602_scaffolds.fasta.supercontigs.fna	GCA_019684295.1_ASM1968429v1_genomic.fna	78.7177	669	2084
NCPPB4602_scaffolds.fasta.supercontigs.fna	GCA_029714265.1_ASM2971426v1_genomic.fna	78.7175	594	2084
NCPPB4602_scaffolds.fasta.supercontigs.fna	GCA_001729315.1_ASM172931v1_genomic.fna	78.7162	581	2084
NCPPB4602_scaffolds.fasta.supercontigs.fna	GCA_001999485.2_ASM199948v2_genomic.fna	78.7144	608	2084
NCPPB4602_scaffolds.fasta.supercontigs.fna	GCA_014193255.1_ASM1419325v1_genomic.fna	78.7144	593	2084
NCPPB4602_scaffolds.fasta.supercontigs.fna	GCA_000757525.1_RRTA_genomic.fna	78.7133	631	2084
NCPPB4602_scaffolds.fasta.supercontigs.fna	GCA_937907675.1_SRR3901701_bin.43_CONCOCT_v1.1_MAG_genomic.fna	78.7103	505	2084
NCPPB4602_scaffolds.fasta.supercontigs.fna	GCA_019684475.1_ASM1968447v1_genomic.fna	78.7091	641	2084
NCPPB4602_scaffolds.fasta.supercontigs.fna	GCA_007828395.1_ASM782839v1_genomic.fna	78.7087	608	2084
NCPPB4602_scaffolds.fasta.supercontigs.fna	GCA_021026345.1_ASM2102634v1_genomic.fna	78.7069	554	2084
NCPPB4602_scaffolds.fasta.supercontigs.fna	GCA_019684235.1_ASM1968423v1_genomic.fna	78.7063	617	2084
NCPPB4602_scaffolds.fasta.supercontigs.fna	GCA_019684355.1_ASM1968435v1_genomic.fna	78.7044	675	2084
NCPPB4602_scaffolds.fasta.supercontigs.fna	GCA_019684875.1_ASM1968487v1_genomic.fna	78.704	648	2084
NCPPB4602_scaffolds.fasta.supercontigs.fna	GCA_001424965.1_Root1204_genomic.fna	78.7038	564	2084
NCPPB4602_scaffolds.fasta.supercontigs.fna	GCA_014193565.1_ASM1419356v1_genomic.fna	78.7034	605	2084
NCPPB4602_scaffolds.fasta.supercontigs.fna	GCA_017357265.1_ASM1735726v1_genomic.fna	78.7034	624	2084
NCPPB4602_scaffolds.fasta.supercontigs.fna	GCA_019684055.1_ASM1968405v1_genomic.fna	78.7029	622	2084
NCPPB4602_scaffolds.fasta.supercontigs.fna	GCA_019683995.1_ASM1968399v1_genomic.fna	78.7018	611	2084
NCPPB4602_scaffolds.fasta.supercontigs.fna	GCA_019684655.1_ASM1968465v1_genomic.fna	78.7007	636	2084
NCPPB4602_scaffolds.fasta.supercontigs.fna	GCA_014193815.1_ASM1419381v1_genomic.fna	78.7006	609	2084
NCPPB4602_scaffolds.fasta.supercontigs.fna	GCA_019684175.1_ASM1968417v1_genomic.fna	78.6999	617	2084
NCPPB4602_scaffolds.fasta.supercontigs.fna	GCA_005862215.1_ASM586221v1_genomic.fna	78.6964	619	2084
NCPPB4602_scaffolds.fasta.supercontigs.fna	GCA_001662075.1_ASM166207v1_genomic.fna	78.6933	686	2084
NCPPB4602_scaffolds.fasta.supercontigs.fna	GCA_004341765.1_ASM434176v1_genomic.fna	78.6899	513	2084
NCPPB4602_scaffolds.fasta.supercontigs.fna	GCA_014194925.1_ASM1419492v1_genomic.fna	78.6881	571	2084
NCPPB4602_scaffolds.fasta.supercontigs.fna	GCA_019684575.1_ASM1968457v1_genomic.fna	78.6862	656	2084
NCPPB4602_scaffolds.fasta.supercontigs.fna	GCA_007827995.1_ASM782799v1_genomic.fna	78.6855	609	2084
NCPPB4602_scaffolds.fasta.supercontigs.fna	GCA_019684275.1_ASM1968427v1_genomic.fna	78.6842	658	2084
NCPPB4602_scaffolds.fasta.supercontigs.fna	GCA_001426665.1_Root1334_genomic.fna	78.6826	568	2084
NCPPB4602_scaffolds.fasta.supercontigs.fna	GCA_030268365.1_ASM3026836v1_genomic.fna	78.6825	598	2084
NCPPB4602_scaffolds.fasta.supercontigs.fna	GCA_012641385.1_ASM1264138v1_genomic.fna	78.6817	620	2084
NCPPB4602_scaffolds.fasta.supercontigs.fna	GCA_001542405.1_ASM154240v1_genomic.fna	78.6803	519	2084
NCPPB4602_scaffolds.fasta.supercontigs.fna	GCA_002211315.1_ASM221131v1_genomic.fna	78.6778	488	2084
NCPPB4602_scaffolds.fasta.supercontigs.fna	GCA_001692185.1_ASM169218v1_genomic.fna	78.6763	533	2084
NCPPB4602_scaffolds.fasta.supercontigs.fna	GCA_021555155.1_ASM2155515v1_genomic.fna	78.6734	535	2084
NCPPB4602_scaffolds.fasta.supercontigs.fna	GCA_024808825.1_ASM2480882v1_genomic.fna	78.6714	472	2084
NCPPB4602_scaffolds.fasta.supercontigs.fna	GCA_001429075.1_Root73_genomic.fna	78.6711	567	2084
NCPPB4602_scaffolds.fasta.supercontigs.fna	GCA_019511345.1_ASM1951134v1_genomic.fna	78.6706	589	2084
NCPPB4602_scaffolds.fasta.supercontigs.fna	GCA_014194695.1_ASM1419469v1_genomic.fna	78.6686	475	2084
NCPPB4602_scaffolds.fasta.supercontigs.fna	GCA_009498215.1_ASM949821v1_genomic.fna	78.6664	528	2084
NCPPB4602_scaffolds.fasta.supercontigs.fna	GCA_003217095.1_ASM321709v1_genomic.fna	78.6656	533	2084
NCPPB4602_scaffolds.fasta.supercontigs.fna	GCA_012932765.1_ASM1293276v1_genomic.fna	78.6639	501	2084
NCPPB4602_scaffolds.fasta.supercontigs.fna	GCA_019511525.1_ASM1951152v1_genomic.fna	78.6634	484	2084
NCPPB4602_scaffolds.fasta.supercontigs.fna	GCA_009176305.1_ASM917630v1_genomic.fna	78.6618	604	2084
NCPPB4602_scaffolds.fasta.supercontigs.fna	GCA_019684595.1_ASM1968459v1_genomic.fna	78.6615	668	2084
NCPPB4602_scaffolds.fasta.supercontigs.fna	GCA_002277895.1_ASM227789v1_genomic.fna	78.6565	585	2084
NCPPB4602_scaffolds.fasta.supercontigs.fna	GCA_016864535.1_ASM1686453v1_genomic.fna	78.6529	538	2084
NCPPB4602_scaffolds.fasta.supercontigs.fna	GCA_000298315.2_ASM29831v2_genomic.fna	78.6511	477	2084
NCPPB4602_scaffolds.fasta.supercontigs.fna	GCA_007828675.1_ASM782867v1_genomic.fna	78.6481	606	2084
NCPPB4602_scaffolds.fasta.supercontigs.fna	GCA_014207095.1_ASM1420709v1_genomic.fna	78.6453	592	2084
NCPPB4602_scaffolds.fasta.supercontigs.fna	GCA_003351175.1_ASM335117v1_genomic.fna	78.6435	476	2084
NCPPB4602_scaffolds.fasta.supercontigs.fna	GCA_014193935.1_ASM1419393v1_genomic.fna	78.6422	597	2084
NCPPB4602_scaffolds.fasta.supercontigs.fna	GCA_004341625.1_ASM434162v1_genomic.fna	78.6398	549	2084
NCPPB4602_scaffolds.fasta.supercontigs.fna	GCA_030382195.1_ASM3038219v1_genomic.fna	78.6343	534	2084
NCPPB4602_scaffolds.fasta.supercontigs.fna	GCA_009176325.1_ASM917632v1_genomic.fna	78.6329	594	2084
NCPPB4602_scaffolds.fasta.supercontigs.fna	GCA_024426085.1_ASM2442608v1_genomic.fna	78.6304	600	2084
NCPPB4602_scaffolds.fasta.supercontigs.fna	GCA_004341105.1_ASM434110v1_genomic.fna	78.6255	576	2084
NCPPB4602_scaffolds.fasta.supercontigs.fna	GCA_014851575.1_ASM1485157v1_genomic.fna	78.625	496	2084
NCPPB4602_scaffolds.fasta.supercontigs.fna	GCA_001426565.1_Root482_genomic.fna	78.6248	565	2084
NCPPB4602_scaffolds.fasta.supercontigs.fna	GCA_024808055.1_ASM2480805v1_genomic.fna	78.6241	486	2084
NCPPB4602_scaffolds.fasta.supercontigs.fna	GCA_030811315.1_ASM3081131v1_genomic.fna	78.6227	500	2084
NCPPB4602_scaffolds.fasta.supercontigs.fna	GCA_001662055.1_ASM166205v1_genomic.fna	78.6224	619	2084
NCPPB4602_scaffolds.fasta.supercontigs.fna	GCA_016429255.1_ASM1642925v1_genomic.fna	78.6167	533	2084
NCPPB4602_scaffolds.fasta.supercontigs.fna	GCA_013317315.1_ASM1331731v1_genomic.fna	78.6151	542	2084
NCPPB4602_scaffolds.fasta.supercontigs.fna	GCA_004342945.1_ASM434294v1_genomic.fna	78.6137	556	2084
NCPPB4602_scaffolds.fasta.supercontigs.fna	GCA_019684075.1_ASM1968407v1_genomic.fna	78.6136	620	2084
NCPPB4602_scaffolds.fasta.supercontigs.fna	GCA_019797885.1_ASM1979788v1_genomic.fna	78.6122	535	2084
NCPPB4602_scaffolds.fasta.supercontigs.fna	GCA_021168455.1_ASM2116845v1_genomic.fna	78.6082	558	2084
NCPPB4602_scaffolds.fasta.supercontigs.fna	GCA_021559795.1_ASM2155979v1_genomic.fna	78.6068	546	2084
NCPPB4602_scaffolds.fasta.supercontigs.fna	GCA_945952315.1_SRR9109406_bin.7_metaWRAP_v1.3_MAG_genomic.fna	78.6035	425	2084
NCPPB4602_scaffolds.fasta.supercontigs.fna	GCA_003217135.1_ASM321713v1_genomic.fna	78.6033	550	2084
NCPPB4602_scaffolds.fasta.supercontigs.fna	GCA_031456395.1_ASM3145639v1_genomic.fna	78.6014	580	2084
NCPPB4602_scaffolds.fasta.supercontigs.fna	GCA_001429725.1_Root708_genomic.fna	78.5992	540	2084
NCPPB4602_scaffolds.fasta.supercontigs.fna	GCA_014193655.1_ASM1419365v1_genomic.fna	78.5984	550	2084
NCPPB4602_scaffolds.fasta.supercontigs.fna	GCA_027109195.1_ASM2710919v1_genomic.fna	78.5966	594	2084
NCPPB4602_scaffolds.fasta.supercontigs.fna	GCA_000295895.1_ASM29589v1_genomic.fna	78.5958	509	2084
NCPPB4602_scaffolds.fasta.supercontigs.fna	GCA_014193605.1_ASM1419360v1_genomic.fna	78.5951	588	2084
NCPPB4602_scaffolds.fasta.supercontigs.fna	GCA_004358025.1_ASM435802v1_genomic.fna	78.5911	510	2084
NCPPB4602_scaffolds.fasta.supercontigs.fna	GCA_001908615.1_ASM190861v1_genomic.fna	78.5875	555	2084
NCPPB4602_scaffolds.fasta.supercontigs.fna	GCA_001885575.1_ASM188557v1_genomic.fna	78.5833	513	2084
NCPPB4602_scaffolds.fasta.supercontigs.fna	GCA_002211385.1_ASM221138v1_genomic.fna	78.5802	485	2084
NCPPB4602_scaffolds.fasta.supercontigs.fna	GCA_000427985.1_ASM42798v1_genomic.fna	78.5797	562	2084
NCPPB4602_scaffolds.fasta.supercontigs.fna	GCA_001426265.1_Root1220_genomic.fna	78.5751	456	2084
NCPPB4602_scaffolds.fasta.supercontigs.fna	GCA_014851595.1_ASM1485159v1_genomic.fna	78.5727	495	2084
NCPPB4602_scaffolds.fasta.supercontigs.fna	GCA_002211365.1_ASM221136v1_genomic.fna	78.5714	484	2084
NCPPB4602_scaffolds.fasta.supercontigs.fna	GCA_029537235.1_ASM2953723v1_genomic.fna	78.5653	534	2084
NCPPB4602_scaffolds.fasta.supercontigs.fna	GCA_004341955.1_ASM434195v1_genomic.fna	78.5605	569	2084
NCPPB4602_scaffolds.fasta.supercontigs.fna	GCA_000577275.2_LPU83_genomic.fna	78.5594	535	2084
NCPPB4602_scaffolds.fasta.supercontigs.fna	GCA_004343445.1_ASM434344v1_genomic.fna	78.5578	564	2084
NCPPB4602_scaffolds.fasta.supercontigs.fna	GCA_900067135.1_IMG-taxon_2602042090_annotated_assembly_genomic.fna	78.5535	520	2084
NCPPB4602_scaffolds.fasta.supercontigs.fna	GCA_002812325.1_ASM281232v1_genomic.fna	78.5529	549	2084
NCPPB4602_scaffolds.fasta.supercontigs.fna	GCA_030435705.1_ASM3043570v1_genomic.fna	78.5527	577	2084
NCPPB4602_scaffolds.fasta.supercontigs.fna	GCA_014193305.1_ASM1419330v1_genomic.fna	78.5526	478	2084
NCPPB4602_scaffolds.fasta.supercontigs.fna	GCA_003627755.1_ASM362775v1_genomic.fna	78.5511	580	2084
NCPPB4602_scaffolds.fasta.supercontigs.fna	GCA_014194105.1_ASM1419410v1_genomic.fna	78.5458	587	2084
NCPPB4602_scaffolds.fasta.supercontigs.fna	GCA_000510625.1_ASM51062v1_genomic.fna	78.5441	490	2084
NCPPB4602_scaffolds.fasta.supercontigs.fna	GCA_030182565.1_ASM3018256v1_genomic.fna	78.5415	586	2084
NCPPB4602_scaffolds.fasta.supercontigs.fna	GCA_034720595.1_ASM3472059v1_genomic.fna	78.5408	524	2084
NCPPB4602_scaffolds.fasta.supercontigs.fna	GCA_003217115.1_ASM321711v1_genomic.fna	78.5387	574	2084
NCPPB4602_scaffolds.fasta.supercontigs.fna	GCA_037994525.1_ASM3799452v1_genomic.fna	78.5353	427	2084
NCPPB4602_scaffolds.fasta.supercontigs.fna	GCA_902502775.2_D03_1.v3_genomic.fna	78.5236	452	2084
NCPPB4602_scaffolds.fasta.supercontigs.fna	GCA_030272705.1_ASM3027270v1_genomic.fna	78.5194	554	2084
NCPPB4602_scaffolds.fasta.supercontigs.fna	GCA_037039395.1_CG957_Flye_genomic.fna	78.5171	561	2084
NCPPB4602_scaffolds.fasta.supercontigs.fna	GCA_020075835.1_ASM2007583v1_genomic.fna	78.5156	499	2084
NCPPB4602_scaffolds.fasta.supercontigs.fna	GCA_009744115.1_ASM974411v1_genomic.fna	78.5144	553	2084
NCPPB4602_scaffolds.fasta.supercontigs.fna	GCA_902153285.2_B03_1.v3_genomic.fna	78.5136	508	2084
NCPPB4602_scaffolds.fasta.supercontigs.fna	GCA_024007765.1_ASM2400776v1_genomic.fna	78.5111	576	2084
NCPPB4602_scaffolds.fasta.supercontigs.fna	GCA_004341455.1_ASM434145v1_genomic.fna	78.5098	565	2084
NCPPB4602_scaffolds.fasta.supercontigs.fna	GCA_014851675.1_ASM1485167v1_genomic.fna	78.5085	450	2084
NCPPB4602_scaffolds.fasta.supercontigs.fna	GCA_943373015.1_JJ-MO2C5C5-342-4-m1-bin364_genomic.fna	78.5069	253	2084
NCPPB4602_scaffolds.fasta.supercontigs.fna	GCA_019355555.1_ASM1935555v1_genomic.fna	78.5068	502	2084
NCPPB4602_scaffolds.fasta.supercontigs.fna	GCA_029714385.1_ASM2971438v1_genomic.fna	78.5065	547	2084
NCPPB4602_scaffolds.fasta.supercontigs.fna	GCA_020075865.1_ASM2007586v1_genomic.fna	78.5062	497	2084
NCPPB4602_scaffolds.fasta.supercontigs.fna	GCA_020075725.1_ASM2007572v1_genomic.fna	78.5038	495	2084
NCPPB4602_scaffolds.fasta.supercontigs.fna	GCA_024748835.1_ASM2474883v1_genomic.fna	78.5029	521	2084
NCPPB4602_scaffolds.fasta.supercontigs.fna	GCA_020075825.1_ASM2007582v1_genomic.fna	78.5025	501	2084
NCPPB4602_scaffolds.fasta.supercontigs.fna	GCA_020075765.1_ASM2007576v1_genomic.fna	78.501	500	2084
NCPPB4602_scaffolds.fasta.supercontigs.fna	GCA_900220975.1_IMG-taxon_2740891857_annotated_assembly_genomic.fna	78.499	544	2084
NCPPB4602_scaffolds.fasta.supercontigs.fna	GCA_020075745.1_ASM2007574v1_genomic.fna	78.4943	505	2084
NCPPB4602_scaffolds.fasta.supercontigs.fna	GCA_021462745.1_ASM2146274v1_genomic.fna	78.4938	526	2084
NCPPB4602_scaffolds.fasta.supercontigs.fna	GCA_033447125.1_ASM3344712v1_genomic.fna	78.4933	566	2084
NCPPB4602_scaffolds.fasta.supercontigs.fna	GCA_014195325.1_ASM1419532v1_genomic.fna	78.4865	576	2084
NCPPB4602_scaffolds.fasta.supercontigs.fna	GCA_019355735.1_ASM1935573v1_genomic.fna	78.4853	528	2084
NCPPB4602_scaffolds.fasta.supercontigs.fna	GCA_900110205.1_IMG-taxon_2671180023_annotated_assembly_genomic.fna	78.4853	519	2084
NCPPB4602_scaffolds.fasta.supercontigs.fna	GCA_945952415.1_SRR9109407_bin.14_metaWRAP_v1.3_MAG_genomic.fna	78.4847	496	2084
NCPPB4602_scaffolds.fasta.supercontigs.fna	GCA_015353075.1_ASM1535307v1_genomic.fna	78.4842	571	2084
NCPPB4602_scaffolds.fasta.supercontigs.fna	GCA_020075805.1_ASM2007580v1_genomic.fna	78.4841	505	2084
NCPPB4602_scaffolds.fasta.supercontigs.fna	GCA_030182525.1_ASM3018252v1_genomic.fna	78.4821	613	2084
NCPPB4602_scaffolds.fasta.supercontigs.fna	GCA_900169785.1_ASM90016978v1_genomic.fna	78.4793	578	2084
NCPPB4602_scaffolds.fasta.supercontigs.fna	GCA_003217305.1_ASM321730v1_genomic.fna	78.4735	560	2084
NCPPB4602_scaffolds.fasta.supercontigs.fna	GCA_900111275.1_IMG-taxon_2599185156_annotated_assembly_genomic.fna	78.472	503	2084
NCPPB4602_scaffolds.fasta.supercontigs.fna	GCA_021044665.1_ASM2104466v1_genomic.fna	78.4708	528	2084
NCPPB4602_scaffolds.fasta.supercontigs.fna	GCA_020075785.1_ASM2007578v1_genomic.fna	78.4702	499	2084
NCPPB4602_scaffolds.fasta.supercontigs.fna	GCA_023701995.1_ASM2370199v1_genomic.fna	78.4529	544	2084
NCPPB4602_scaffolds.fasta.supercontigs.fna	GCA_016429015.1_ASM1642901v1_genomic.fna	78.452	556	2084
NCPPB4602_scaffolds.fasta.supercontigs.fna	GCA_017741895.1_ASM1774189v1_genomic.fna	78.4397	527	2084
NCPPB4602_scaffolds.fasta.supercontigs.fna	GCA_020166565.1_ASM2016656v1_genomic.fna	78.4393	497	2084
NCPPB4602_scaffolds.fasta.supercontigs.fna	GCA_945956955.1_SRR12456164_bin.12_metaWRAP_v1.3_MAG_genomic.fna	78.4371	409	2084
NCPPB4602_scaffolds.fasta.supercontigs.fna	GCA_017571635.3_ASM1757163v3_genomic.fna	78.4366	535	2084
NCPPB4602_scaffolds.fasta.supercontigs.fna	GCA_007000325.2_ASM700032v2_genomic.fna	78.4311	505	2084
NCPPB4602_scaffolds.fasta.supercontigs.fna	GCA_007000315.1_ASM700031v1_genomic.fna	78.4293	485	2084
NCPPB4602_scaffolds.fasta.supercontigs.fna	GCA_014158035.1_ASM1415803v1_genomic.fna	78.429	496	2084
NCPPB4602_scaffolds.fasta.supercontigs.fna	GCA_009744135.1_ASM974413v1_genomic.fna	78.4274	524	2084
NCPPB4602_scaffolds.fasta.supercontigs.fna	GCA_037994485.1_ASM3799448v1_genomic.fna	78.4262	326	2084
NCPPB4602_scaffolds.fasta.supercontigs.fna	GCA_005222915.1_ASM522291v1_genomic.fna	78.4225	503	2084
NCPPB4602_scaffolds.fasta.supercontigs.fna	GCA_000419725.1_ASM41972v1_genomic.fna	78.4186	537	2084
NCPPB4602_scaffolds.fasta.supercontigs.fna	GCA_002200935.1_ASM220093v1_genomic.fna	78.418	551	2084
NCPPB4602_scaffolds.fasta.supercontigs.fna	GCA_025779995.1_ASM2577999v1_genomic.fna	78.4168	495	2084
NCPPB4602_scaffolds.fasta.supercontigs.fna	GCA_022354485.1_ASM2235448v1_genomic.fna	78.4077	569	2084
NCPPB4602_scaffolds.fasta.supercontigs.fna	GCA_900108425.1_Tibet_genomic.fna	78.4064	522	2084
NCPPB4602_scaffolds.fasta.supercontigs.fna	GCA_013378445.1_ASM1337844v1_genomic.fna	78.405	546	2084
NCPPB4602_scaffolds.fasta.supercontigs.fna	GCA_902502895.2_F03_1.v3_genomic.fna	78.3982	462	2084
NCPPB4602_scaffolds.fasta.supercontigs.fna	GCA_001424945.1_Root1203_genomic.fna	78.396	512	2084
NCPPB4602_scaffolds.fasta.supercontigs.fna	GCA_000282035.1_CF122.fsa_genomic.fna	78.3883	520	2084
NCPPB4602_scaffolds.fasta.supercontigs.fna	GCA_007000305.1_ASM700030v1_genomic.fna	78.3866	497	2084
NCPPB4602_scaffolds.fasta.supercontigs.fna	GCA_012641395.1_ASM1264139v1_genomic.fna	78.3861	519	2084
NCPPB4602_scaffolds.fasta.supercontigs.fna	GCA_013427035.1_ASM1342703v1_genomic.fna	78.3785	517	2084
NCPPB4602_scaffolds.fasta.supercontigs.fna	GCA_009744095.1_ASM974409v1_genomic.fna	78.3709	555	2084
NCPPB4602_scaffolds.fasta.supercontigs.fna	GCA_004345245.1_ASM434524v1_genomic.fna	78.3709	553	2084
NCPPB4602_scaffolds.fasta.supercontigs.fna	GCA_023702015.1_ASM2370201v1_genomic.fna	78.3672	530	2084
NCPPB4602_scaffolds.fasta.supercontigs.fna	GCA_007827505.1_ASM782750v1_genomic.fna	78.3571	558	2084
NCPPB4602_scaffolds.fasta.supercontigs.fna	GCA_004345405.1_ASM434540v1_genomic.fna	78.3479	523	2084
NCPPB4602_scaffolds.fasta.supercontigs.fna	GCA_001860215.2_T1-7_v2_genomic.fna	78.3475	544	2084
NCPPB4602_scaffolds.fasta.supercontigs.fna	GCA_000172755.1_ASM17275v1_genomic.fna	78.3448	133	2084
NCPPB4602_scaffolds.fasta.supercontigs.fna	GCA_014197625.1_ASM1419762v1_genomic.fna	78.3407	549	2084
NCPPB4602_scaffolds.fasta.supercontigs.fna	GCA_030272695.1_ASM3027269v1_genomic.fna	78.3386	519	2084
NCPPB4602_scaffolds.fasta.supercontigs.fna	GCA_000816845.1_ASM81684v1_genomic.fna	78.3359	559	2084
NCPPB4602_scaffolds.fasta.supercontigs.fna	GCA_000428185.2_ASM42818v2_genomic.fna	78.327	75	2084
NCPPB4602_scaffolds.fasta.supercontigs.fna	GCA_000419765.1_ASM41976v1_genomic.fna	78.3255	555	2084
NCPPB4602_scaffolds.fasta.supercontigs.fna	GCA_021462725.1_ASM2146272v1_genomic.fna	78.3253	545	2084
NCPPB4602_scaffolds.fasta.supercontigs.fna	GCA_014197575.1_ASM1419757v1_genomic.fna	78.3241	510	2084
NCPPB4602_scaffolds.fasta.supercontigs.fna	GCA_004365425.1_ASM436542v1_genomic.fna	78.3235	555	2084
NCPPB4602_scaffolds.fasta.supercontigs.fna	GCA_013004495.1_ASM1300449v1_genomic.fna	78.3198	458	2084
NCPPB4602_scaffolds.fasta.supercontigs.fna	GCA_001860135.2_SF93_v2_genomic.fna	78.3037	545	2084
NCPPB4602_scaffolds.fasta.supercontigs.fna	GCA_014197875.1_ASM1419787v1_genomic.fna	78.3008	578	2084
NCPPB4602_scaffolds.fasta.supercontigs.fna	GCA_900099775.1_IMG-taxon_2596583570_annotated_assembly_genomic.fna	78.2919	580	2084
NCPPB4602_scaffolds.fasta.supercontigs.fna	GCA_000427925.1_ASM42792v1_genomic.fna	78.2906	452	2084
NCPPB4602_scaffolds.fasta.supercontigs.fna	GCA_001758305.2_AB3_v2_genomic.fna	78.2903	531	2084
NCPPB4602_scaffolds.fasta.supercontigs.fna	GCA_037994545.1_ASM3799454v1_genomic.fna	78.2745	432	2084
NCPPB4602_scaffolds.fasta.supercontigs.fna	GCA_000483385.1_ASM48338v1_genomic.fna	78.2698	162	2084
NCPPB4602_scaffolds.fasta.supercontigs.fna	GCA_014193145.1_ASM1419314v1_genomic.fna	78.267	512	2084
NCPPB4602_scaffolds.fasta.supercontigs.fna	GCA_003240585.1_ASM324058v1_genomic.fna	78.264	476	2084
NCPPB4602_scaffolds.fasta.supercontigs.fna	GCA_001425345.1_Leaf383_genomic.fna	78.2615	451	2084
NCPPB4602_scaffolds.fasta.supercontigs.fna	GCA_021648825.1_ASM2164882v1_genomic.fna	78.2595	411	2084
NCPPB4602_scaffolds.fasta.supercontigs.fna	GCA_001427345.1_Root149_genomic.fna	78.257	484	2084
NCPPB4602_scaffolds.fasta.supercontigs.fna	GCA_001860205.2_RF2-1_v2_genomic.fna	78.2569	534	2084
NCPPB4602_scaffolds.fasta.supercontigs.fna	GCA_009744325.1_ASM974432v1_genomic.fna	78.2559	519	2084
NCPPB4602_scaffolds.fasta.supercontigs.fna	GCA_004342645.1_ASM434264v1_genomic.fna	78.252	543	2084
NCPPB4602_scaffolds.fasta.supercontigs.fna	GCA_013317335.1_ASM1331733v1_genomic.fna	78.2505	523	2084
NCPPB4602_scaffolds.fasta.supercontigs.fna	GCA_009743975.1_ASM974397v1_genomic.fna	78.2479	520	2084
NCPPB4602_scaffolds.fasta.supercontigs.fna	GCA_031984865.1_ASM3198486v1_genomic.fna	78.2477	465	2084
NCPPB4602_scaffolds.fasta.supercontigs.fna	GCA_009743935.1_ASM974393v1_genomic.fna	78.2434	513	2084
NCPPB4602_scaffolds.fasta.supercontigs.fna	GCA_030815055.1_ASM3081505v1_genomic.fna	78.241	449	2084
NCPPB4602_scaffolds.fasta.supercontigs.fna	GCA_001860185.2_NW221_v2_genomic.fna	78.2327	516	2084
NCPPB4602_scaffolds.fasta.supercontigs.fna	GCA_011046895.1_ASM1104689v1_genomic.fna	78.2283	470	2084
NCPPB4602_scaffolds.fasta.supercontigs.fna	GCA_000172775.1_ASM17277v1_genomic.fna	78.2254	79	2084
NCPPB4602_scaffolds.fasta.supercontigs.fna	GCA_009744195.1_ASM974419v1_genomic.fna	78.2227	553	2084
NCPPB4602_scaffolds.fasta.supercontigs.fna	GCA_013317425.1_ASM1331742v1_genomic.fna	78.2199	518	2084
NCPPB4602_scaffolds.fasta.supercontigs.fna	GCA_014196605.1_ASM1419660v1_genomic.fna	78.219	473	2084
NCPPB4602_scaffolds.fasta.supercontigs.fna	GCA_013317445.1_ASM1331744v1_genomic.fna	78.2184	518	2084
NCPPB4602_scaffolds.fasta.supercontigs.fna	GCA_001424065.1_Leaf384_genomic.fna	78.2161	452	2084
NCPPB4602_scaffolds.fasta.supercontigs.fna	GCA_021387325.1_ASM2138732v1_genomic.fna	78.2156	545	2084
NCPPB4602_scaffolds.fasta.supercontigs.fna	GCA_021559775.1_ASM2155977v1_genomic.fna	78.2115	524	2084
NCPPB4602_scaffolds.fasta.supercontigs.fna	GCA_022968395.1_ASM2296839v1_genomic.fna	78.2041	438	2084
NCPPB4602_scaffolds.fasta.supercontigs.fna	GCA_009744125.1_ASM974412v1_genomic.fna	78.2002	541	2084
NCPPB4602_scaffolds.fasta.supercontigs.fna	GCA_001908375.1_ASM190837v1_genomic.fna	78.199	546	2084
NCPPB4602_scaffolds.fasta.supercontigs.fna	GCA_021559755.1_ASM2155975v1_genomic.fna	78.1932	529	2084
NCPPB4602_scaffolds.fasta.supercontigs.fna	GCA_016722925.1_ASM1672292v1_genomic.fna	78.181	361	2084
NCPPB4602_scaffolds.fasta.supercontigs.fna	GCA_009744295.1_ASM974429v1_genomic.fna	78.1788	542	2084
NCPPB4602_scaffolds.fasta.supercontigs.fna	GCA_001860165.2_AT6_v2_genomic.fna	78.1786	540	2084
NCPPB4602_scaffolds.fasta.supercontigs.fna	GCA_013317475.1_ASM1331747v1_genomic.fna	78.1775	525	2084
NCPPB4602_scaffolds.fasta.supercontigs.fna	GCA_001860105.1_ASM186010v1_genomic.fna	78.1691	522	2084
NCPPB4602_scaffolds.fasta.supercontigs.fna	GCA_000438905.2_ASM43890v2_genomic.fna	78.1579	134	2084
NCPPB4602_scaffolds.fasta.supercontigs.fna	GCA_013426715.1_ASM1342671v1_genomic.fna	78.1534	552	2084
NCPPB4602_scaffolds.fasta.supercontigs.fna	GCA_013317435.1_ASM1331743v1_genomic.fna	78.1487	549	2084
NCPPB4602_scaffolds.fasta.supercontigs.fna	GCA_004342325.1_ASM434232v1_genomic.fna	78.1417	535	2084
NCPPB4602_scaffolds.fasta.supercontigs.fna	GCA_036754045.1_ASM3675404v1_genomic.fna	78.1401	427	2084
NCPPB4602_scaffolds.fasta.supercontigs.fna	GCA_005222835.1_ASM522283v1_genomic.fna	78.1398	428	2084
NCPPB4602_scaffolds.fasta.supercontigs.fna	GCA_032073445.1_ASM3207344v1_genomic.fna	78.1291	468	2084
NCPPB4602_scaffolds.fasta.supercontigs.fna	GCA_029892285.1_ASM2989228v1_genomic.fna	78.1252	473	2084
NCPPB4602_scaffolds.fasta.supercontigs.fna	GCA_001424325.1_Leaf341_genomic.fna	78.0978	462	2084
NCPPB4602_scaffolds.fasta.supercontigs.fna	GCA_000312665.1_ASM31266v1_genomic.fna	78.0929	453	2084
NCPPB4602_scaffolds.fasta.supercontigs.fna	GCA_013426735.1_ASM1342673v1_genomic.fna	78.0771	524	2084
NCPPB4602_scaffolds.fasta.supercontigs.fna	GCA_030551875.1_ASM3055187v1_genomic.fna	78.0708	419	2084
NCPPB4602_scaffolds.fasta.supercontigs.fna	GCA_000375385.1_ASM37538v1_genomic.fna	78.0099	74	2084
NCPPB4602_scaffolds.fasta.supercontigs.fna	GCA_024055895.1_ASM2405589v1_genomic.fna	77.9135	315	2084
NCPPB4602_scaffolds.fasta.supercontigs.fna	GCA_945952245.1_SRR9109402_bin.13_metaWRAP_v1.3_MAG_genomic.fna	77.9131	339	2084
NCPPB4602_scaffolds.fasta.supercontigs.fna	GCA_902498825.1_RHIZ404_assembly_genomic.fna	77.8516	279	2084
NCPPB4602_scaffolds.fasta.supercontigs.fna	GCA_024707525.1_ASM2470752v1_genomic.fna	77.831	444	2084
NCPPB4602_scaffolds.fasta.supercontigs.fna	GCA_007993855.1_ASM799385v1_genomic.fna	77.8231	352	2084
NCPPB4602_scaffolds.fasta.supercontigs.fna	GCA_030160035.1_ASM3016003v1_genomic.fna	77.6624	294	2084
NCPPB4602_scaffolds.fasta.supercontigs.fna	GCA_001939045.1_ASM193904v1_genomic.fna	77.4913	346	2084
NCPPB4602_scaffolds.fasta.supercontigs.fna	GCA_945952145.1_SRR9109399_bin.6_metaWRAP_v1.3_MAG_genomic.fna	77.4836	213	2084
NCPPB4602_scaffolds.fasta.supercontigs.fna	GCA_014841565.1_ASM1484156v1_genomic.fna	77.3432	277	2084
NCPPB4602_scaffolds.fasta.supercontigs.fna	GCA_014873215.1_ASM1487321v1_genomic.fna	77.3361	368	2084
NCPPB4602_scaffolds.fasta.supercontigs.fna	GCA_946480855.1_SRR14536430_bin.8_metawrap_v1.3.0_MAG_genomic.fna	77.3344	230	2084
NCPPB4602_scaffolds.fasta.supercontigs.fna	GCA_014204625.1_ASM1420462v1_genomic.fna	77.3085	367	2084
NCPPB4602_scaffolds.fasta.supercontigs.fna	GCA_936911375.1_ERR2144888_bin.22_CONCOCT_v1.1_MAG_genomic.fna	77.0306	93	2084
NCPPB4602_scaffolds.fasta.supercontigs.fna	GCA_945870035.1_MiH-14oct19-73_genomic.fna	76.5859	134	2084
NCPPB4602_scaffolds.fasta.supercontigs.fna	GCA_945860165.1_AH-24oct19-157_genomic.fna	76.5797	58	2084
NCPPB4602_scaffolds.fasta.supercontigs.fna	GCA_945861545.1_LE-02apr19-183_genomic.fna	76.5766	66	2084
NCPPB4602_scaffolds.fasta.supercontigs.fna	GCA_945889445.1_MH-09jul19-261_genomic.fna	76.4036	137	2084
NCPPB4602_scaffolds.fasta.supercontigs.fna	GCA_945878875.1_TE-08apr19-241_genomic.fna	76.3659	76	2084
NCPPB4602_scaffolds.fasta.supercontigs.fna	GCA_943372345.1_JJ-MAC1KOLB2-402-3-mx-bin659_genomic.fna	76.358	185	2084
NCPPB4602_scaffolds.fasta.supercontigs.fna	GCA_945861265.1_LH-05nov19-45_genomic.fna	76.3492	127	2084
NCPPB4602_scaffolds.fasta.supercontigs.fna	GCA_943329725.2_HRSG-H13-bin-8_genomic.fna	76.325	110	2084
NCPPB4602_scaffolds.fasta.supercontigs.fna	GCA_943333705.2_HRSG-H3-bin-178_genomic.fna	76.265	79	2084
NCPPB4602_scaffolds.fasta.supercontigs.fna	GCA_945889645.1_MaH-09apr19-152_genomic.fna	76.2068	58	2084
NCPPB4602_scaffolds.fasta.supercontigs.fna	GCA_943334285.2_HRSG-H9-bin-29_genomic.fna	76.1985	72	2084
NCPPB4602_scaffolds.fasta.supercontigs.fna	GCA_945907245.1_ZE-13nov19-169_genomic.fna	76.1089	99	2084
NCPPB4602_scaffolds.fasta.supercontigs.fna	GCA_945875875.1_MsE-30apr19-218_genomic.fna	76.1049	72	2084
NCPPB4602_scaffolds.fasta.supercontigs.fna	GCA_945889635.1_MaH-04nov19-53_genomic.fna	76.0816	100	2084
NCPPB4602_scaffolds.fasta.supercontigs.fna	GCA_943373055.1_JJ-MIS3-109-2-m2-bin119_genomic.fna	76.0785	88	2084
NCPPB4602_scaffolds.fasta.supercontigs.fna	GCA_945861895.1_MaH-09apr19-191_genomic.fna	76.0747	95	2084
NCPPB4602_scaffolds.fasta.supercontigs.fna	GCA_945903655.1_TrE-25oct19-112_genomic.fna	76.066	97	2084
NCPPB4602_scaffolds.fasta.supercontigs.fna	GCA_945907045.1_TrH-25oct19-79_genomic.fna	75.9566	97	2084
NCPPB4602_scaffolds.fasta.supercontigs.fna	GCA_945889535.1_MaH-04nov19-7_genomic.fna	75.9302	78	2084
NCPPB4602_scaffolds.fasta.supercontigs.fna	GCA_943334605.2_HRSG-H9-bin-51_genomic.fna	75.9136	59	2084
NCPPB4602_scaffolds.fasta.supercontigs.fna	GCA_945882615.1_MH-09jul19-258_genomic.fna	75.8996	74	2084
NCPPB4602_scaffolds.fasta.supercontigs.fna	GCA_945877775.1_TrE-25oct19-38_genomic.fna	75.808	66	2084
NCPPB4602_scaffolds.fasta.supercontigs.fna	GCA_945861615.1_ME-08apr19-148_genomic.fna	75.7936	77	2084
NCPPB4602_scaffolds.fasta.supercontigs.fna	GCA_945888225.1_ME-09jul19-113_genomic.fna	75.7825	72	2084
NCPPB4602_scaffolds.fasta.supercontigs.fna	GCA_943327835.2_HRS-HS3-bin-137_genomic.fna	75.7504	53	2084
NCPPB4602_scaffolds.fasta.supercontigs.fna	GCA_945876255.1_ZH-03apr19-283_genomic.fna	75.7494	105	2084
NCPPB4602_scaffolds.fasta.supercontigs.fna	GCA_945872035.1_GH-07nov19-253_genomic.fna	75.7446	66	2084
NCPPB4602_scaffolds.fasta.supercontigs.fna	GCA_945874135.1_MiH-16apr19-8_genomic.fna	75.7032	61	2084
NCPPB4602_scaffolds.fasta.supercontigs.fna	GCA_943330815.1_HRSG-E2-bin-116_genomic.fna	75.6893	56	2084
NCPPB4602_scaffolds.fasta.supercontigs.fna	GCA_945906855.1_TrE-03may19-262_genomic.fna	75.665	82	2084
NCPPB4602_scaffolds.fasta.supercontigs.fna	GCA_945904955.1_ZH-13nov19-49_genomic.fna	75.6526	51	2084
NCPPB4602_scaffolds.fasta.supercontigs.fna	GCA_945901195.1_MsH-01oct19-321_genomic.fna	75.5951	52	2084
NCPPB4602_scaffolds.fasta.supercontigs.fna	GCA_945903635.1_TrH-03may19-24_genomic.fna	75.5899	99	2084
NCPPB4602_scaffolds.fasta.supercontigs.fna	GCA_945860365.1_GE-03apr19-227_genomic.fna	75.5172	63	2084
NCPPB4602_scaffolds.fasta.supercontigs.fna	GCA_945871425.1_TH-08apr19-116_genomic.fna	75.4997	80	2084
NCPPB4602_scaffolds.fasta.supercontigs.fna	GCA_943332525.1_HRS-HS6-bin-34_genomic.fna	75.4235	53	2084
NCPPB4602_scaffolds.fasta.supercontigs.fna	GCA_945947575.1_AH-24oct19-21_genomic.fna	75.3332	52	2084
NCPPB4602_scaffolds.fasta.supercontigs.fna	GCA_945892755.1_MaH-04nov19-276_genomic.fna	75.3272	63	2084
NCPPB4602_scaffolds.fasta.supercontigs.fna	GCA_945861155.1_MaH-04nov19-103_genomic.fna	75.2136	64	2084
